panel,drug,auc,lo,hi,n_act
KIR,Acalabrutinib,0.8747993579454254,0.7067233487868922,1.0428753671039586,7
KIR,Afatinib,0.6953262786596119,0.5814837447873078,0.8091688125319161,27
KIR,Alpelisib,0.7522758757173956,0.650409003504858,0.8541427479299333,31
KIR,Apatinib,0.6956087824351297,0.5751579448441697,0.8160596200260897,24
KIR,Avapritinib,0.6057098765432098,0.5007897296734763,0.7106300234129433,34
KIR,Baricitinib,0.6776380153738645,0.5871035096906632,0.7681725210570658,45
KIR,Binimetinib,0.9558011049723757,0.6737721812206212,1.2378300287241302,1
KIR,Cabozantinib,0.7524653136108245,0.6758536468406192,0.8290769803810297,57
KIR,Canertinib,0.7621849903073941,0.678570042341374,0.8457999382734142,46
KIR,Capmatinib,0.6487252124645893,0.353812872554143,0.9436375523750355,4
KIR,Ceritinib,0.5212077394477725,0.4316801130230034,0.6107353658725416,47
KIR,Dacomitinib,0.669425087108014,0.567397074386114,0.771453099829914,35
KIR,Darovasertib,0.5203146161058444,0.4094644345320202,0.6311647976796686,29
KIR,Defactinib,0.5762042190613619,0.5134243651870494,0.6389840729356744,126
KIR,Encorafenib,0.664573268921095,0.5243383520727093,0.8048081857694808,18
KIR,Erdafitinib,0.5677677381128722,0.4735893866661046,0.6619460895596397,43
KIR,Erlotinib,0.8031868131868132,0.6577747098312627,0.9485989165423636,13
KIR,Fedratinib,0.5694126431060229,0.4926956692920473,0.6461296169199986,70
KIR,Fostamatinib,0.6807746811525744,0.607680907982157,0.7538684543229919,73
KIR,Gedatolisib,0.7830985915492957,0.4036718392015066,1.1625253438970848,2
KIR,Gilteritinib,0.6227899159663866,0.5609855531246928,0.6845942788080803,125
KIR,Ibrutinib,0.8455658859288396,0.7620063188381369,0.9291254530195424,34
KIR,Larotrectinib,0.7560192616372392,0.5460706093258835,0.9659679139485949,7
KIR,Lazertinib,0.6792501952616506,0.5552883127793189,0.8032120777439824,23
KIR,Lenvatinib,0.8357423084864753,0.743418723159708,0.9280658938132427,29
KIR,Mitapivat,0.8711484593837535,0.4223658376123782,1.3199310811551288,1
KIR,Mobocertinib,0.7963998211091234,0.6494208597767751,0.9433787824414718,13
KIR,Neratinib,0.6451878538342769,0.5680043522457014,0.7223713554228524,67
KIR,Netarsudil,0.43338727076591155,0.3533552982264529,0.5134192433053701,54
KIR,Osimertinib,0.7128021148036254,0.6089536279782455,0.8166506016290054,32
KIR,Pacritinib,0.5963582420448618,0.5358795109291105,0.6568369731606131,144
KIR,Paxalisib,0.6366197183098592,0.29576133872125937,0.977478097898459,3
KIR,Pazopanib,0.4862300319488818,0.40055440036503515,0.5719056635327284,50
KIR,Pemigatinib,0.6631325301204819,0.5432394662360358,0.783025594004928,25
KIR,Pexidartinib,0.8205619412515964,0.6513104502462994,0.9898134322568934,9
KIR,Pirtobrutinib,0.7974913494809689,0.6688810169115916,0.9261016820503462,17
KIR,Pralsetinib,0.6449425915800984,0.5651866324532927,0.724698550706904,62
KIR,Quizartinib,0.7656941911956239,0.5995226639578474,0.9318657184334004,11
KIR,Rabusertib,0.4892128279883382,0.3407821272972765,0.6376435286793999,15
KIR,Regorafenib,0.7393923240938166,0.6311149653957371,0.8476696827918961,28
KIR,Remibrutinib,0.8837535014005602,0.6347756634246645,1.132731339376456,3
KIR,Repotrectinib,0.6340254048432625,0.5691054293594487,0.6989453803270763,106
KIR,Ripretinib,0.6904829210836277,0.6185752715790857,0.7623905705881698,75
KIR,Ruxolitinib,0.695349484823169,0.5669347730523099,0.8237641965940282,21
KIR,Selpercatinib,0.5027308838133069,0.4182850977634385,0.5871766698631753,53
KIR,Selumetinib,0.9243697478991597,0.5646516108092525,1.284087884989067,1
KIR,Tenalisib,0.66280276816609,0.5185110194962257,0.8070945168359542,17
KIR,Trametinib,0.9792243767313019,0.8399757601638194,1.1184729932987845,2
KIR,Tucatinib,0.6050420168067226,0.015415721821037787,1.1946683117924075,1
KIR,Umbralisib,0.6798816568047338,0.5473572859651984,0.8124060276442692,20
KIR,Upadacitinib,0.6111245076762318,0.5126063648696348,0.7096426504828288,39
KIR,Vemurafenib,0.6832320052111606,0.6044241720012783,0.7620398384210428,61
KIR,Zanubrutinib,0.9363562091503268,0.8575677752729576,1.015144643027696,18
PKIS2,AH20685,0.4830729166666667,0.15859683465256663,0.8075489986807667,3
PKIS2,AH2635,0.19154135338345865,0.07133851525005033,0.31174419151686694,7
PKIS2,AH5015,0.612826899128269,0.48445819423960945,0.7411956040169286,22
PKIS2,GI230329,0.5510334540805455,0.4334068701550832,0.6686600380060078,26
PKIS2,GI261590,0.6915739268680445,0.5491855990091947,0.8339622547268943,17
PKIS2,GI261656,0.7835227272727273,0.6911739668220476,0.8758714877234071,35
PKIS2,GI262866,0.6721513780337309,0.5084570041322863,0.8358457519351755,13
PKIS2,GI98581,0.6948655606407322,0.560199989334996,0.8295311319464684,19
PKIS2,GSK1014915,0.6636248852157943,0.5416318611347308,0.7856179092968578,24
PKIS2,GSK1024304,0.5052631578947369,0.28845721208011144,0.7220691037093623,7
PKIS2,GSK1024306,0.5665628891656289,0.43877680550665576,0.6943489728246021,22
PKIS2,GSK1034945,0.5970381659157169,0.5040474926021242,0.6900288392293096,44
PKIS2,GSK1122999,0.5803870043000477,0.45494442497986354,0.705829583620232,23
PKIS2,GSK1229496,0.5404174015285126,0.3452741838589333,0.7355606191980919,9
PKIS2,GSK1229782,0.6849383207321926,0.5726082136451306,0.7972684278192547,28
PKIS2,GSK1269851,0.5117307692307692,0.4385507366057873,0.5849108018557512,75
PKIS2,GSK1287544,0.5878078465063001,0.5204714678418942,0.655144225170706,96
PKIS2,GSK1292139,0.5552731380618091,0.48351932819603793,0.6270269479275803,81
PKIS2,GSK1307810,0.5540293617289396,0.49105260571562315,0.617006117742256,118
PKIS2,GSK1321561,0.4365438432835821,0.3632988873791378,0.5097887991880263,67
PKIS2,GSK1321565,0.5549616858237548,0.48511600677320077,0.6248073648743089,87
PKIS2,GSK1322949,0.4580615828420921,0.39659415101791917,0.519529014666265,119
PKIS2,GSK1323434,0.39321374174987306,0.3259079928588312,0.4605194906409149,76
PKIS2,GSK1325775,0.49205444761000317,0.4294895926919786,0.5546193025280277,117
PKIS2,GSK1326180,0.2558441558441558,-0.019223983159686098,0.5309122948479977,2
PKIS2,GSK1379706,0.42654986522911054,0.29039915849449327,0.5627005719637278,16
PKIS2,GSK1379708,0.5181347150259067,-0.05543928590777902,1.0917087159595924,1
PKIS2,GSK1379710,0.3773209549071618,0.21692398820768125,0.5377179216066423,10
PKIS2,GSK1379712,0.541721635883905,0.33487682833723176,0.7485664434305782,8
PKIS2,GSK1379713,0.7363636363636363,0.33774587030583286,1.1349814024214397,2
PKIS2,GSK1379714,0.7211024269847799,0.5617027741347916,0.8805020798347681,13
PKIS2,GSK1379715,0.4745519713261649,0.3279352513002286,0.6211686913521012,15
PKIS2,GSK1379716,0.5104774535809019,0.32781671713234606,0.6931381900294578,10
PKIS2,GSK1379717,0.5473474801061008,0.3615006753603358,0.7331942848518658,10
PKIS2,GSK1379720,0.3398746701846966,0.1715526710102298,0.5081966693591633,8
PKIS2,GSK1379721,0.416289592760181,0.26766019871454705,0.564918986805815,13
PKIS2,GSK1379722,0.42030075187969923,0.21882697600860843,0.62177452775079,7
PKIS2,GSK1379723,0.5942092886537331,0.3963155818388413,0.792102995468625,9
PKIS2,GSK1379724,0.4374453193350831,0.21612794741085276,0.6587626912593135,6
PKIS2,GSK1379725,0.41732283464566927,0.20079888901863005,0.6338467802727085,6
PKIS2,GSK1379727,0.38687335092348285,0.20579211628292207,0.5679545855640437,8
PKIS2,GSK1379729,0.5933691756272401,0.43913379069194536,0.7476045605625349,15
PKIS2,GSK1379730,0.21428571428571427,-0.02681997403618422,0.4553914026076128,2
PKIS2,GSK1379731,0.5691163604549432,0.32863826856711587,0.8095944523427705,6
PKIS2,GSK1379732,0.3985890652557319,0.22490038586793526,0.5722777446435285,9
PKIS2,GSK1379735,0.5702506596306068,0.3614741076803665,0.7790272115808472,8
PKIS2,GSK1379737,0.4799771167048055,0.34843213183733324,0.6115221015722777,19
PKIS2,GSK1379738,0.59,0.4181683937776548,0.7618316062223451,12
PKIS2,GSK1379741,0.5778195488721805,0.35448516990215506,0.8011539278422058,7
PKIS2,GSK1379742,0.4928571428571429,0.2777826094091471,0.7079316763051386,7
PKIS2,GSK1379745,0.5312773403324584,0.29408768805401475,0.7684669926109021,6
PKIS2,GSK1379746,0.564343163538874,0.40570195670013987,0.7229843703776082,14
PKIS2,GSK1379748,0.4939082656473961,0.3725493650293762,0.615267166265416,23
PKIS2,GSK1379751,0.4917542587894165,0.3861712130619197,0.5973373045169132,31
PKIS2,GSK1379753,0.49081412103746397,0.39669404946144654,0.5849341926134815,40
PKIS2,GSK1379754,0.45042471042471044,0.355715933721738,0.545133487127683,37
PKIS2,GSK1379757,0.4778673835125448,0.33088580021546965,0.62484896680962,15
PKIS2,GSK1379760,0.47124183006535947,0.365519345483835,0.5769643146468839,30
PKIS2,GSK1379761,0.5423631123919308,0.44609238278737506,0.6386338419964865,40
PKIS2,GSK1379762,0.47652662993572087,0.35892521092505836,0.5941280489463834,24
PKIS2,GSK1379763,0.4157004830917874,0.32885098299503057,0.5025499831885443,42
PKIS2,GSK1379765,0.39809902740937225,0.3101350899380442,0.48606296488070033,39
PKIS2,GSK1379766,0.4563430919363123,0.35621638820479606,0.5564697956678285,33
PKIS2,GSK1379767,0.4708097928436911,0.36958129878837265,0.5720382868990096,33
PKIS2,GSK1379788,0.45300261096605743,0.17862811661129668,0.7273771053208182,4
PKIS2,GSK1379800,0.51203007518797,0.2943540902426224,0.7297060601333175,7
PKIS2,GSK1379812,0.4641008174386921,0.33723434493737753,0.5909672899400067,20
PKIS2,GSK1379825,0.48125,0.4107168663901849,0.5517831336098151,80
PKIS2,GSK1379859,0.4405759162303665,0.1977382433127129,0.6834135891480202,5
PKIS2,GSK1379860,0.38900523560209427,0.16050480612399087,0.6175056650801977,5
PKIS2,GSK1379874,0.5601503759398496,0.3378282531027619,0.7824724987769374,7
PKIS2,GSK1379878,0.4835958005249344,0.2531246725319472,0.7140669285179215,6
PKIS2,GSK1379879,0.450032981530343,0.25540040906904793,0.644665553991638,8
PKIS2,GSK1379880,0.41151832460732984,0.1763316604295319,0.6467049887851277,5
PKIS2,GSK1379882,0.4111986001749781,0.1962295545000667,0.6261676458498895,6
PKIS2,GSK1379883,0.35411227154047,0.11215844967776648,0.5960660934031735,4
PKIS2,GSK1379896,0.7837662337662338,0.40474268611243824,1.1627897814200292,2
PKIS2,GSK1379899,0.4682330827067669,0.25711305154685227,0.6793531138666815,7
PKIS2,GSK1379901,0.564343163538874,0.40570195670013987,0.7229843703776082,14
PKIS2,GSK1379944,0.5925792507204611,0.4955025249092493,0.689655976531673,40
PKIS2,GSK1383280,0.4806334298425253,0.4148915462021123,0.5463753134829382,98
PKIS2,GSK1383281,0.5390971781864299,0.46816439758354733,0.6100299587893124,83
PKIS2,GSK1389063,0.5964291636725444,0.5384968761879316,0.6543614511571572,158
PKIS2,GSK1398460,0.6205722070844687,0.48626179812576287,0.7548826160431745,20
PKIS2,GSK1398463,0.7482078853046595,0.6029867850830471,0.8934289855262719,15
PKIS2,GSK1398467,0.6662186379928315,0.5132500936154066,0.8191871823702565,15
PKIS2,GSK1398468,0.6458810068649885,0.5087122081802276,0.7830498055497495,19
PKIS2,GSK1398470,0.7312670299727521,0.6031377995862457,0.8593962603592584,20
PKIS2,GSK1398471,0.7104690522243714,0.5361703356760713,0.8847677687726715,11
PKIS2,GSK1398472,0.7608196093450785,0.6125384572035298,0.9091007614866272,14
PKIS2,GSK1398473,0.6470205568566224,0.5163392606856605,0.7777018530275843,21
PKIS2,GSK1398474,0.5575965130759651,0.4300966883894864,0.6850963377624439,22
PKIS2,GSK1398475,0.7928759894459103,0.6051504825741868,0.9806014963176338,8
PKIS2,GSK1398477,0.7144541778975741,0.5697850668999774,0.8591232888951709,16
PKIS2,GSK1440913,0.4497293541072343,0.38392198085770846,0.5155367273567601,93
PKIS2,GSK1487252,0.6237935977066412,0.5456382635995684,0.7019489318137141,65
PKIS2,GSK1520489,0.5784810126582278,0.520955596263699,0.6360064290527566,237
PKIS2,GSK1535721,0.2586805555555556,0.031701172865817945,0.4856599382452932,3
PKIS2,GSK1558669,0.6183998793120788,0.5464075909957893,0.6903921676283684,326
PKIS2,GSK1576028,0.596701531094449,0.5371549362567027,0.6562481259321953,269
PKIS2,GSK1581427,0.5337539992890152,0.4667499693082075,0.6007580292698229,97
PKIS2,GSK1581428,0.5093894597680428,0.4481847002521035,0.5705942192839822,129
PKIS2,GSK1627798,0.6487697085523172,0.5237201121789545,0.7738193049256799,23
PKIS2,GSK1645895,0.5876344086021505,0.43350029360063036,0.7417685236036707,15
PKIS2,GSK1649598,0.5642244022072348,0.5054739274244218,0.6229748769900478,154
PKIS2,GSK1653537,0.6184597295708407,0.42036419932795854,0.8165552598137229,9
PKIS2,GSK1653539,0.4570680628272251,0.2103810578964329,0.7037550677580173,5
PKIS2,GSK1660437,0.6355847849271241,0.5692902658954253,0.7018793039588229,97
PKIS2,GSK1660450,0.5127572016460905,0.45220181842995694,0.5733125848622241,135
PKIS2,GSK1669917,0.43533834586466164,0.23056315143154432,0.6401135402977789,7
PKIS2,GSK1669921,0.6297325102880659,0.5134434009049186,0.7460216196712132,27
PKIS2,GSK1693850,0.5469505082486252,0.4431887002146627,0.6507123162825877,34
PKIS2,GSK1723980,0.5804250224483688,0.5193646107462123,0.6414854341505253,130
PKIS2,GSK175726,0.6875331564986737,0.5025388021302966,0.8725275108670509,10
PKIS2,GSK1804250,0.6125959079283887,0.5496873152594097,0.6755045005973677,115
PKIS2,GSK189015,0.5326819407008087,0.38555197206915437,0.6798119093324629,16
PKIS2,GSK190937,0.6246666666666667,0.45266959753181035,0.796663735801523,12
PKIS2,GSK1917008,0.6178704856787048,0.4895312952718474,0.7462096760855623,22
PKIS2,GSK198271,0.6789854459299374,0.6074154454538817,0.750555446405993,76
PKIS2,GSK2008607,0.6077318483615335,0.5515104437213346,0.6639532530017324,184
PKIS2,GSK204559,0.5544077134986226,0.4321537090414832,0.676661717955762,24
PKIS2,GSK204607,0.3891590389016018,0.268951034065275,0.5093670437379286,19
PKIS2,GSK204919,0.5752190026954178,0.42611944046861017,0.7243185649222255,16
PKIS2,GSK205189,0.6167777777777778,0.44471418786811373,0.7888413676874417,12
PKIS2,GSK2137462,0.5293762088974855,0.35328371322949526,0.7054687045654757,11
PKIS2,GSK2177277,0.6051768607221812,0.5418619577094124,0.6684917637349501,295
PKIS2,GSK2181306,0.5267691129826096,0.46875102324638945,0.5847872027188299,223
PKIS2,GSK2188764,0.5606011808910359,0.5032207050783373,0.6179816567037346,180
PKIS2,GSK2189892,0.6191709844559585,0.029388328722919188,1.208953640188998,1
PKIS2,GSK2192730,0.5121621621621621,0.3706544804291499,0.6536698438951745,17
PKIS2,GSK2193613,0.48533577737043826,0.38447869900409715,0.5861928557367794,34
PKIS2,GSK2197149,0.5535038244610987,0.4833666284598565,0.6236410204623408,86
PKIS2,GSK2206003,0.5523530028298921,0.4702756841443167,0.6344303215154674,58
PKIS2,GSK2219329,0.6169172932330828,0.3927227264996348,0.8411118599665307,7
PKIS2,GSK2221681,0.5564088397790056,0.43641417153560647,0.6764035080224047,25
PKIS2,GSK2224810,0.6039779005524862,0.48317005411958763,0.7247857469853849,25
PKIS2,GSK2225749,0.5318138651471985,0.43122186049902367,0.6324058697953734,36
PKIS2,GSK2227430,0.48429319371727747,0.23203965690787742,0.7365467305266775,5
PKIS2,GSK2228768,0.5605263157894737,0.3381787098388313,0.7828739217401159,7
PKIS2,GSK223675,0.7791344294003868,0.6157403092679841,0.9425285495327895,11
PKIS2,GSK223810,0.6920441988950277,0.5738965867733866,0.8101918110166687,25
PKIS2,GSK2250882,0.5707885304659498,0.41711358420786476,0.7244634767240348,15
PKIS2,GSK2258759,0.6759162303664922,0.4140520662734424,0.937780394459542,5
PKIS2,GSK2269905,0.41229221347331585,0.1970422254751419,0.6275422014714898,6
PKIS2,GSK2276055,0.4996525096525097,0.40173392609883657,0.5975710932061828,37
PKIS2,GSK2286096,0.6006473953628425,0.4593310786362453,0.7419637120894398,18
PKIS2,GSK2286295,0.6561007957559681,0.46899617101220953,0.8432054204997268,10
PKIS2,GSK2286775,0.6029622551361682,0.4772791747778661,0.7286453354944703,23
PKIS2,GSK2288359,0.5518617021276596,0.3741736237358607,0.7295497805194585,11
PKIS2,GSK2289044,0.7602880658436214,0.5758031311840756,0.9447730005031673,9
PKIS2,GSK2291363,0.49284413218839446,0.3662753443511434,0.6194129200256455,21
PKIS2,GSK2296823,0.6741669858291842,0.516416055149409,0.8319179165089594,14
PKIS2,GSK2297099,0.5601111111111111,0.38934830150268646,0.7308739207195358,12
PKIS2,GSK2297428,0.4504703115814227,0.2666179331897885,0.634322689973057,9
PKIS2,GSK2297430,0.7327209098862643,0.5012879108609778,0.9641539089115507,6
PKIS2,GSK2297542,0.469934890846419,0.3189318371845841,0.6209379445082539,14
PKIS2,GSK2297543,0.961038961038961,0.7730279205714167,1.1490500015065055,2
PKIS2,GSK2298859,0.6174386920980927,0.48310257572237697,0.7517748084738083,20
PKIS2,GSK2299009,0.4513333333333333,0.2912634728957689,0.6114031937708977,12
PKIS2,GSK2306394,0.5585024894676369,0.40011853680984344,0.7168864421254304,14
PKIS2,GSK2328680,0.7122015915119363,0.5297321139095265,0.8946710691143461,10
PKIS2,GSK2333389,0.7646596858638743,0.5189099556120104,1.0104094161157384,5
PKIS2,GSK2334006,0.7976127320954907,0.6307098541119165,0.9645156100790648,10
PKIS2,GSK2336394,0.6217277486910995,0.3569924105497217,0.8864630868324772,5
PKIS2,GSK2342769,0.6958413926499033,0.5200484335857113,0.8716343517140953,11
PKIS2,GSK2344444,0.9991319444444444,0.9755413698181916,1.0227225190706972,3
PKIS2,GSK2347225,0.6757168458781362,0.5232810928200234,0.8281525989362489,15
PKIS2,GSK2358994,0.9934725848563969,0.9376847558286399,1.049260413884154,4
PKIS2,GSK2363608,0.6367421285454072,0.5057929468214513,0.7676913102693632,21
PKIS2,GSK2373690,0.7880936675461742,0.5990894129763685,0.9770979221159798,8
PKIS2,GSK2373693,0.5146307798481712,0.4213903796576073,0.6078711800387351,42
PKIS2,GSK2375584,0.5833333333333334,0.3421022077987762,0.8245644588678905,6
PKIS2,GSK2376236,0.6723477594791267,0.5144877721497892,0.8302077468084642,14
PKIS2,GSK257997,0.5396953405017921,0.3874880568268676,0.6919026241767167,15
PKIS2,GSK2587663,0.7304444444444445,0.5658336563249017,0.8950552325639872,12
PKIS2,GSK2593067,0.6631306828311642,0.5888540807483481,0.7374072849139802,71
PKIS2,GSK2593074,0.6850662589194699,0.6060850791042007,0.7640474387347391,60
PKIS2,GSK260205,0.535097947761194,0.45806123930025977,0.6121346562221283,67
PKIS2,GSK2603346,0.6009495548961424,0.513117353930686,0.6887817558615988,50
PKIS2,GSK2603358,0.5679301773810869,0.48242041366746463,0.6534399410947092,53
PKIS2,GSK2606590,0.624540059347181,0.5369375967494199,0.7121425219449422,50
PKIS2,GSK2608885,0.6065984109553646,0.5432121301574033,0.6699846917533259,113
PKIS2,GSK2608899,0.6781487743026204,0.5913338341200797,0.7649637144851612,49
PKIS2,GSK2634140,0.6288946849006062,0.5331560646485878,0.7246333051526246,41
PKIS2,GSK2634758,0.5898054592067562,0.49044657073586145,0.6891643476776509,38
PKIS2,GSK2635225,0.7484551459620712,0.6373738560184681,0.8595364359056743,26
PKIS2,GSK2645446,0.5020567667626491,0.3420189188651158,0.6620946146601824,13
PKIS2,GSK292658,0.7735794034327612,0.678684142448951,0.8684746644165714,34
PKIS2,GSK299495,0.7518865946965727,0.6760569248577701,0.8277162645353753,58
PKIS2,GSK301329,0.694967505415764,0.5930645966583694,0.7968704141731586,34
PKIS2,GSK301362,0.6289569484013928,0.5273156209113591,0.7305982758914266,36
PKIS2,GSK306886,0.6344797178130511,0.43662098339724587,0.8323384522288564,9
PKIS2,GSK312879,0.7826666666666666,0.6268639164524281,0.9384694168809051,12
PKIS2,GSK323521,0.5975675675675676,0.4969644669722445,0.6981706681628906,37
PKIS2,GSK326180,0.7309615064155974,0.6316644729617167,0.8302585398694782,34
PKIS2,GSK327238,0.6589670728849308,0.6006146354985864,0.7173195102712753,136
PKIS2,GSK336313,0.571575543797766,0.3744600515027626,0.7686910360927693,9
PKIS2,GSK336735,0.594050771913959,0.5304767826961498,0.6576247611317683,113
PKIS2,GSK346294,0.5541884816753927,0.29223515953286144,0.816141803817924,5
PKIS2,GSK350559,0.6391689373297003,0.5051697236202888,0.7731681510391117,20
PKIS2,GSK357952,0.7194871455075537,0.6306780249536361,0.8082962660614712,44
PKIS2,GSK361061,0.667907995618839,0.5850819833738261,0.7507340078638518,55
PKIS2,GSK361065,0.5505050505050505,0.44520763765485627,0.6558024633552447,33
PKIS2,GSK364507,0.645778364116095,0.4364739846832927,0.8550827435488974,8
PKIS2,GSK398099,0.6294429708222812,0.4414607203650858,0.8174252212794766,10
PKIS2,GSK429286,0.37935656836461124,0.24240350457645432,0.5163096321527681,14
PKIS2,GSK448459,0.5333454150054368,0.4255883419630672,0.6411024880478063,31
PKIS2,GSK479719,0.5628717077315208,0.4849709758987452,0.6407724395642964,66
PKIS2,GSK483724,0.559017027863777,0.4801598399916078,0.6378742157359463,64
PKIS2,GSK507274,0.5794790005316321,0.49652141315537096,0.6624365879078933,57
PKIS2,GSK507358,0.5276746394957258,0.45375403667931347,0.6015952423121381,74
PKIS2,GSK580432,0.5818292682926829,0.5154273692798796,0.6482311673054861,100
PKIS2,GSK581271,0.5896250642013354,0.4836108704122557,0.6956392579904151,33
PKIS2,GSK682037,0.5267911099174108,0.4618099761619857,0.591772243672836,106
PKIS2,GSK683281,0.6479036295369212,0.558342271527373,0.7374649875464693,47
PKIS2,GSK846226,0.5745791604517366,0.45630267028980587,0.6928556506136674,26
PKIS2,GSK902056,0.5746812386156649,0.44381967368933406,0.7055428035419957,21
PKIS2,GSK907232,0.5506724071207431,0.4719195458375535,0.6294252684039325,64
PKIS2,GSK943949,0.4961167244759463,0.39954327995992467,0.5926901689919679,38
PKIS2,GSK955403,0.647854203409759,0.4504256981345433,0.8452827086849746,9
PKIS2,GSK977617,0.5297093188942719,0.4700477343897668,0.589370903398777,145
PKIS2,GSK977620,0.547281087564974,0.47593072339250847,0.6186314517374394,82
PKIS2,GSK986310,0.6131363009222278,0.5455836099156707,0.680688991928785,94
PKIS2,GSK993273,0.5300016439256946,0.4578726625104571,0.6021306253409321,79
PKIS2,GW272142,0.5328947368421053,0.31286984761192493,0.7529196260722857,7
PKIS2,GW273749,0.6721485411140583,0.4859713809293451,0.8583257012987715,10
PKIS2,GW275568,0.8464138741916519,0.686187784588542,1.0066399637947618,9
PKIS2,GW281179,0.5438888888888889,0.37405312949957054,0.7137246482782071,12
PKIS2,GW282450,0.6351547388781431,0.4558698263590797,0.8144396513972065,11
PKIS2,GW284543,0.8117030028794735,0.6684129097469693,0.9549930960119777,13
PKIS2,GW320571,0.6310599217103282,0.4899056007943148,0.7722142426263416,18
PKIS2,GW345098,0.5492146596858639,0.28772814654871315,0.8107011728230147,5
PKIS2,GW407034,0.7252823353931387,0.611868844992056,0.8386958257942214,26
PKIS2,GW412617,0.6165105386416861,0.4852738263299444,0.7477472509534279,21
PKIS2,GW424170,0.8870757180156658,0.6739235654011372,1.1002278706301944,4
PKIS2,GW440132,0.4735733435465339,0.3221414297768891,0.6250052573161787,14
PKIS2,GW440135,0.685573476702509,0.5337861393531549,0.8373608140518631,15
PKIS2,GW440137,0.6039313871723844,0.48534395725974233,0.7225188170850264,26
PKIS2,GW440138,0.6375,0.5408396207456103,0.7341603792543896,40
PKIS2,GW440146,0.6244084682440847,0.49613554796613357,0.7526813885220358,22
PKIS2,GW440148,0.6672928176795581,0.5478146519344548,0.7867709834246613,25
PKIS2,GW457859,0.5808800253244698,0.4791061321653289,0.6826539184836107,36
PKIS2,GW461484,0.6898627138877835,0.5778160714459963,0.8019093563295707,28
PKIS2,GW461487,0.5028666985188724,0.3808592827895533,0.6248741142481916,23
PKIS2,GW466413,0.7523052464228935,0.6162729814449586,0.8883375114008285,17
PKIS2,GW468513,0.6538461538461539,0.5528046638772295,0.7548876438150782,36
PKIS2,GW475620,0.7013700692562481,0.5636298291241655,0.8391103093883308,18
PKIS2,GW482059,0.5485564304461942,0.3096364256832033,0.787476435209185,6
PKIS2,GW493036,0.6330174927113703,0.5403835252619372,0.7256514601608034,44
PKIS2,GW494601,0.6791187739463601,0.611435877442642,0.7468016704500782,87
PKIS2,GW494610,0.663305843306849,0.5840164047794751,0.742595281834223,61
PKIS2,GW494702,0.7213211308445089,0.6167413008129005,0.8259009608761173,31
PKIS2,GW497681,0.7545454545454545,0.3625027706976981,1.146588138393211,2
PKIS2,GW514784,0.6775138121546961,0.5585269512596451,0.796500673049747,25
PKIS2,GW514786,0.5322014051522248,0.4029972495236326,0.661405560780817,21
PKIS2,GW515532,0.6689250225835591,0.5290575718046387,0.8087924733624795,18
PKIS2,GW525701,0.485414364640884,0.3693146562890487,0.6015140729927193,25
PKIS2,GW548057,0.3588855742595355,0.2590480900446175,0.4587230584744535,26
PKIS2,GW551191,0.5266018306636155,0.3914395898461852,0.6617640714810459,19
PKIS2,GW552771,0.6779923868602847,0.5837773999042934,0.772207373816276,41
PKIS2,GW554060,0.5226063829787234,0.3470872810653517,0.6981254848920951,11
PKIS2,GW557777,0.5031294792164357,0.4259884100962348,0.5802705483366366,65
PKIS2,GW560106,0.5602723363592929,0.4819050253648315,0.6386396473537542,65
PKIS2,GW560109,0.6355799373040752,0.559134453266212,0.7120254213419385,68
PKIS2,GW560116,0.5273160762942779,0.3953664043273733,0.6592657482611826,20
PKIS2,GW560459,0.5311156235069279,0.4073998631570496,0.6548313838568061,23
PKIS2,GW567142,0.5124038606545016,0.4150229350441278,0.6097847862648754,38
PKIS2,GW567143,0.5032046448499472,0.40626345229777167,0.6001458374021227,38
PKIS2,GW567145,0.5761313971521218,0.4802494897545998,0.6720133045496438,41
PKIS2,GW567148,0.5098342939481268,0.4147682071941911,0.6049003807020625,40
PKIS2,GW569716,0.2660572337042925,0.16518635883640514,0.3669281085721799,17
PKIS2,GW574783,0.5319628647214855,0.34728343720338095,0.71664229223959,10
PKIS2,GW576604,0.6025089605734767,0.44817078716822784,0.7568471339787255,15
PKIS2,GW577382,0.5638283378746594,0.4302012848151194,0.6974553909341994,20
PKIS2,GW578342,0.663361483939074,0.565152135199187,0.7615708326789611,38
PKIS2,GW579362,0.5869010528577567,0.5299636293623032,0.6438384763532102,179
PKIS2,GW582764,0.5075613079019073,0.3769075440637524,0.6382150717400623,20
PKIS2,GW582868,0.6057971014492753,0.5108563590226991,0.7007378438758516,42
PKIS2,GW583340,0.6796992481203008,0.45835708147959464,0.901041414761007,7
PKIS2,GW591947,0.5264360313315927,0.23732313176617464,0.8155489308970107,4
PKIS2,GW595885,0.7891644908616188,0.5228309774918274,1.0554980042314102,4
PKIS2,GW599550,0.385663082437276,0.251965496220596,0.519360668653956,15
PKIS2,GW608005,0.6844155844155844,0.27274663607978117,1.0960845327513875,2
PKIS2,GW621581,0.6327509056040912,0.5144172628854015,0.7510845483227809,26
PKIS2,GW622475,0.5427769985974754,0.45228316112661593,0.6332708360683349,46
PKIS2,GW630813,0.4226925338036449,0.24395453611648818,0.6014305314908016,9
PKIS2,GW630823,0.5908376963350785,0.32653795398963076,0.8551374386805264,5
PKIS2,GW635815,0.6314547342584725,0.5539474293817029,0.7089620391352421,66
PKIS2,GW639905,0.626023166023166,0.5256149859766455,0.7264313460696865,37
PKIS2,GW654607,0.6824924669705632,0.614636709178086,0.7503482247630404,86
PKIS2,GW659008,0.6309929682505859,0.5126275183643385,0.7493584181368333,26
PKIS2,GW659009,0.5712127910403773,0.473203799926627,0.6692217821541275,39
PKIS2,GW663929,0.7144472930176444,0.6189754909392637,0.8099190950960251,38
PKIS2,GW664114,0.5781196581196582,0.5040855935291689,0.6521537227101474,75
PKIS2,GW679395,0.48282988871224164,0.343875939104788,0.6217838383196953,17
PKIS2,GW679396,0.4566929133858268,0.2312449431186001,0.6821408836530535,6
PKIS2,GW680061,0.7973237597911227,0.5341139705345093,1.0605335490477361,4
PKIS2,GW680338,0.6052452316076294,0.4708810838786739,0.739609379336585,20
PKIS2,GW680903,0.6712577020659659,0.5635562031450756,0.7789592009868562,31
PKIS2,GW681170,0.7100641825637368,0.6379495418884104,0.7821788232390633,71
PKIS2,GW681251,0.39017617770968976,0.25120583445603895,0.5291465209633406,14
PKIS2,GW682569,0.5388688598467778,0.46310553263675436,0.6146321870568012,70
PKIS2,GW683134,0.6737476220672163,0.604534669923992,0.7429605742104406,83
PKIS2,GW684083,0.5347513812154696,0.41561203464060126,0.653890727790338,25
PKIS2,GW684088,0.5591306200724483,0.4412410183555756,0.677020221789321,26
PKIS2,GW684374,0.6651033386327504,0.5211134423013806,0.8090932349641202,17
PKIS2,GW684941,0.6006717557251908,0.5391937520997856,0.6621497593505961,125
PKIS2,GW689066,0.5464432686654909,0.35083866592118096,0.7420478714098008,9
PKIS2,GW692089,0.7200811923034145,0.6392906596197179,0.8008717249871111,54
PKIS2,GW693028,0.5594405594405595,0.39522140872423667,0.7236597101568822,13
PKIS2,GW693542,0.5423076923076923,0.35681750120218636,0.7277978834131982,10
PKIS2,GW694077,0.5188524590163934,0.4479332965424211,0.5897716214903658,82
PKIS2,GW696155,0.541644385026738,0.48420553004989814,0.5990832400035777,187
PKIS2,GW697465,0.7035567837404172,0.6310784235241353,0.776035143956699,71
PKIS2,GW697999,0.6663030998851894,0.5813126764161993,0.7512935233541795,52
PKIS2,GW701424,0.73164548404543,0.6427979957450843,0.8204929723457756,43
PKIS2,GW702865,0.7628272251308901,0.5165806084882172,1.009073841773563,5
PKIS2,GW707818,0.5860742705570292,0.39834188044269303,0.7738066606713654,10
PKIS2,GW709199,0.6279840848806366,0.4399770102848721,0.8159911594764011,10
PKIS2,GW768504,0.6551432550736171,0.5414790242748537,0.7688074858723806,28
PKIS2,GW775604,0.7293193717277487,0.4752810627813046,0.9833576806741928,5
PKIS2,GW775610,0.7949816990945868,0.6955675638332369,0.8943958343559367,29
PKIS2,GW776245,0.4548065875143623,0.30569981167014726,0.6039133633585774,14
PKIS2,GW779439,0.5155924322590989,0.45802787280815366,0.5731569917100442,198
PKIS2,GW781483,0.7224212631228129,0.6224188959858965,0.8224236302597292,34
PKIS2,GW784041,0.5707815035154138,0.47699282825589007,0.6645701787749375,43
PKIS2,GW787226,0.41316756965944273,0.34011480303912545,0.48622033627976,64
PKIS2,GW789449,0.5303586192641587,0.4493078900313985,0.611409348496919,59
PKIS2,GW792479,0.4903133423180593,0.34654832216824705,0.6340783624678715,16
PKIS2,GW800172,0.5381530234471411,0.375153053809714,0.7011529930845682,13
PKIS2,GW809893,0.6052745041678643,0.5460604512819172,0.6644885570538115,142
PKIS2,GW810083,0.5283656672545561,0.33425860406029273,0.7224727304488195,9
PKIS2,GW810437,0.6272251308900524,0.36256545267463847,0.8918848091054663,5
PKIS2,GW810445,0.6716637272192828,0.47554308028431824,0.8677843741542474,9
PKIS2,GW810578,0.6399559371822393,0.5548911926859283,0.7250206816785503,53
PKIS2,GW811603,0.558256880733945,0.47725986800952946,0.6392538934583605,60
PKIS2,GW812171,0.6454505686789151,0.4041789435946109,0.8867221937632195,6
PKIS2,GW813244,0.6283071517155849,0.5469156837066644,0.7096986197245054,59
PKIS2,GW813349,0.5745555555555556,0.40317152536126566,0.7459395857498455,12
PKIS2,GW818941,0.576790450928382,0.38937045173515883,0.7642104501216052,10
PKIS2,GW819776,0.5782130281690141,0.4708007153970425,0.6856253409409857,32
PKIS2,GW823670,0.5390625,0.2036451870274471,0.8744798129725528,3
PKIS2,GW824645,0.5119363395225465,0.3291243473811497,0.6947483316639432,10
PKIS2,GW827654,0.578817587641117,0.5179987260921505,0.6396364491900836,132
PKIS2,GW828205,0.5318302387267905,0.347161890051832,0.7164985874017489,10
PKIS2,GW829058,0.5895555555555556,0.4177336616222388,0.7613774494888724,12
PKIS2,GW829116,0.5806030389363722,0.47883215695406145,0.682373920918683,36
PKIS2,GW829351,0.7300117577895355,0.5402569041337872,0.9197666114452838,9
PKIS2,GW830707,0.6675654853620955,0.5628347820875957,0.7722961886365952,33
PKIS2,GW830899,0.46864864864864864,0.3726104874108561,0.5646868098864412,37
PKIS2,GW835314,0.48431609108731716,0.38841046927970196,0.5802217128949323,38
PKIS2,GW854278,0.6260726544622426,0.48847287030097997,0.7636724386235052,19
PKIS2,GW856795,0.6842755035737492,0.5943064822966801,0.7742445248508183,45
PKIS2,GW856805,0.7080010632642212,0.6284101743460483,0.7875919521823941,57
PKIS2,GW867253,0.5333627278071722,0.33880776659462697,0.7279176890197174,9
PKIS2,GW867587,0.6745406824146981,0.4351783173172955,0.9139030475121007,6
PKIS2,GW867588,0.543633952254642,0.35804746890039774,0.7292204356088862,10
PKIS2,GW868318,0.7184350132625995,0.5367312447117993,0.9001387818133997,10
PKIS2,GW869516,0.545569075712881,0.4566789118528787,0.6344592395728834,48
PKIS2,GW869640,0.5267289539587748,0.41589997627737574,0.6375579316401739,29
PKIS2,GW869641,0.5190834070144414,0.4225380503032725,0.6156287637256104,39
PKIS2,GW869979,0.45547493403693934,0.25986862021348806,0.6510812478603907,8
PKIS2,GW872411,0.6313932980599647,0.4334655654102826,0.8293210307096468,9
PKIS2,GW873004,0.5356381845301513,0.41862443146671713,0.6526519375935855,26
PKIS2,GW876019,0.5900544959128066,0.4558132403588968,0.7242957514667163,20
PKIS2,GW876731,0.5907698199923401,0.4313338420966042,0.7502057978880761,14
PKIS2,PFE-PKIS-1,0.6764397905759162,0.41462722549258924,0.9382523556592431,5
PKIS2,PFE-PKIS-11,0.5770885175968716,0.5099394813614231,0.6442375538323202,97
PKIS2,PFE-PKIS-12,0.6228689006466784,0.4248087112043636,0.8209290900889933,9
PKIS2,PFE-PKIS-13,0.5889589905362776,0.5128458064813434,0.6650721745912119,70
PKIS2,PFE-PKIS-14,0.6757482394366198,0.5698521913984546,0.781644287474785,32
PKIS2,PFE-PKIS-15,0.938961038961039,0.7077149838321757,1.1702070940899023,2
PKIS2,PFE-PKIS-16,0.5503672057058118,0.48347066812101674,0.6172637432906067,98
PKIS2,PFE-PKIS-17,0.5643920345972041,0.4838876969748869,0.6448963722195213,61
PKIS2,PFE-PKIS-18,0.5773268188854489,0.4983414393528244,0.6563121984180734,64
PKIS2,PFE-PKIS-19,0.561238487164413,0.4818416471521674,0.6406353271766587,63
PKIS2,PFE-PKIS-2,0.3774736147757256,0.19876172621626662,0.5561855033351846,8
PKIS2,PFE-PKIS-20,0.675207756232687,0.5583148856401817,0.7921006268251923,26
PKIS2,PFE-PKIS-23,0.5663361874718341,0.4902574827921023,0.642414892151566,70
PKIS2,PFE-PKIS-24,0.5152769527769527,0.4470442721427032,0.5835096334112023,91
PKIS2,PFE-PKIS-27,0.5287206266318538,0.23928026041257988,0.8181609928511278,4
PKIS2,PFE-PKIS-28,0.6576666666666666,0.48663911971981527,0.828694213613518,12
PKIS2,PFE-PKIS-29,0.849624060150376,0.6694785859352403,1.0297695343655116,7
PKIS2,PFE-PKIS-3,0.6536767522022213,0.49489166227117476,0.8124618421332679,14
PKIS2,PFE-PKIS-30,0.532289105099968,0.47485062505548953,0.5897275851444465,199
PKIS2,PFE-PKIS-31,0.5381419134881739,0.42101850075571334,0.6552653262206344,26
PKIS2,PFE-PKIS-33,0.6049980874665306,0.5138655510042596,0.6961306239288017,46
PKIS2,PFE-PKIS-34,0.6736882420528533,0.5159082816535483,0.8314682024521582,14
PKIS2,PFE-PKIS-35,0.5555555555555556,0.4025003198967132,0.708610791214398,15
PKIS2,PFE-PKIS-36,0.6699872150010654,0.5528457001810122,0.7871287298211186,26
PKIS2,PFE-PKIS-40,0.6240053050397878,0.4359425301663002,0.8120680799132753,10
PKIS2,PFE-PKIS-42,0.7915584415584416,0.4165582752626545,1.1665586078542287,2
PKIS2,PFE-PKIS-43,0.6446240105540897,0.4352749969163524,0.853973024191827,8
PKIS2,PFE-PKIS-44,0.6276666666666667,0.45571133027790056,0.7996220030554329,12
PKIS2,PFE-PKIS-45,0.7396679407548973,0.6208106354412132,0.8585252460685814,23
PKIS2,PFE-PKIS-46,0.5032467532467533,0.10076080128876547,0.905732705204741,2
PKIS2,PFE-PKIS-47,0.8126631853785901,0.555870840693771,1.0694555300634092,4
PKIS2,PFE-PKIS-5,0.6390133598871462,0.5668832369598744,0.7111434828144181,78
PKIS2,PFE-PKIS-7,0.5913424193206694,0.5245357968144596,0.6581490418268793,98
PKIS2,PFE-PKIS-9,0.6221780604133546,0.4769449881744472,0.7674111326522619,17
PKIS2,SB-202620,0.5743135694389176,0.46008179077765887,0.6885453481001764,28
PKIS2,SB-210486,0.479002624671916,0.24932680826791706,0.7086784410759149,6
PKIS2,SB-211742,0.523403324584427,0.2871278090541342,0.7596788401147196,6
PKIS2,SB-211743,0.4961038961038961,0.09551079326322826,0.8966969989445639,2
PKIS2,SB-213663,0.48549382716049383,0.37344969239732356,0.597537961923664,27
PKIS2,SB-217146,0.5454545454545454,0.13403187626953617,0.9568772146395547,2
PKIS2,SB-217360,0.6215442092154421,0.4932383453635043,0.7498500730673798,22
PKIS2,SB-217780,0.4671179883945841,0.29788568341678223,0.636350293372386,11
PKIS2,SB-219952,0.631466374850776,0.517188985856312,0.7457437638452399,28
PKIS2,SB-219980,0.6142498805542284,0.4885809532703492,0.7399188078381075,23
PKIS2,SB-222516,0.4224934036939314,0.23326154367682522,0.6117252637110375,8
PKIS2,SB-222517,0.4,0.03528601492526928,0.7647139850747308,2
PKIS2,SB-222903,0.5032554576790502,0.3487221819172117,0.6577887334408887,14
PKIS2,SB-223132,0.5212241653418124,0.37905635892326905,0.6633919717603557,17
PKIS2,SB-226605,0.5013774104683195,0.3818772399024256,0.6208775810342134,24
PKIS2,SB-229482,0.6603249691484986,0.49598834989308926,0.8246615884039079,13
PKIS2,SB-236560,0.5279756251978475,0.4275301160032092,0.6284211343924857,36
PKIS2,SB-238039,0.5297029702970297,0.4592191024751737,0.6001868381188857,84
PKIS2,SB-245391,0.6195000856017805,0.5135364313376645,0.7254637398658965,33
PKIS2,SB-249175,0.652521613832853,0.5562532439715853,0.7487899836941208,40
PKIS2,SB-282852,0.5525204359673025,0.4193119287456404,0.6857289431889646,20
PKIS2,SB-282975,0.3912186379928315,0.25653767322543397,0.5258996027602291,15
PKIS2,SB-284851,0.6125572082379863,0.47484547900847307,0.7502689374674996,19
PKIS2,SB-284852,0.5495580110497238,0.42980172482926016,0.6693142972701874,25
PKIS2,SB-300079,0.24151436031331594,0.05392807539536815,0.42910064523126373,4
PKIS2,SB-317651,0.5554298642533937,0.3914099836297116,0.7194497448770758,13
PKIS2,SB-317658,0.3203125,0.05806758523577499,0.582557414764225,3
PKIS2,SB-317661,0.43077601410934746,0.25047168334539605,0.6110803448732989,9
PKIS2,SB-326892,0.6039695598519128,0.4385111428397245,0.7694279768641011,13
PKIS2,SB-331032,0.7556068601583114,0.5590849835900895,0.9521287367265332,8
PKIS2,SB-333613,0.49345878136200716,0.34487576955580634,0.642041793168208,15
PKIS2,SB-334860,0.4891493055555556,0.16322053497137545,0.8150780761397357,3
PKIS2,SB-334865,0.39490861618798956,0.1378514668925837,0.6519657654833955,4
PKIS2,SB-340867,0.7158792650918635,0.4815515958183847,0.9502069343653423,6
PKIS2,SB-341528,0.6207571801566579,0.32504340877352933,0.9164709515397865,4
PKIS2,SB-341556,0.5865860005204268,0.4554878576158826,0.7176841434249709,21
PKIS2,SB-342409,0.485243980396335,0.3712482397013075,0.5992397210913625,26
PKIS2,SB-342411,0.7369440700808625,0.5947745085625941,0.8791136315991309,16
PKIS2,SB-360737,0.26631853785900783,0.06513544271925845,0.46750163299875724,4
PKIS2,SB-373598,0.37350136239782017,0.258575795571323,0.48842692922431735,20
PKIS2,SB-376715,0.6258620689655172,0.4378231063715806,0.8139010315594538,10
PKIS2,SB-381891,0.6517291559664441,0.5464295804510504,0.7570287314818378,33
PKIS2,SB-381904,0.591291597602958,0.5001366548428527,0.6824465403630633,46
PKIS2,SB-386023,0.6206048991834694,0.5161142618908218,0.725095536476117,34
PKIS2,SB-390526,0.4901378782075833,0.3368876101160755,0.6433881462990911,14
PKIS2,SB-390530,0.3816872427983539,0.2118769388109306,0.5514975467857772,9
PKIS2,SB-390532,0.4678433268858801,0.2985108301616199,0.6371758236101404,11
PKIS2,SB-390534,0.8261780104712042,0.6020205982984713,1.0503354226439372,5
PKIS2,SB-390765,0.6,0.3354207687033848,0.8645792312966152,5
PKIS2,SB-390766,0.6100427350427351,0.5118676084243241,0.7082178616611461,39
PKIS2,SB-390767,0.5219534050179212,0.3709358477553817,0.6729709622804607,15
PKIS2,SB-390769,0.4814054831612794,0.40952010236389813,0.5532908639586607,76
PKIS2,SB-390770,0.6072898295120517,0.4092046466854452,0.8053750123386582,9
PKIS2,SB-390771,0.6068175904241478,0.4755532292435131,0.7380819516047825,21
PKIS2,SB-404290,0.5089005235602094,0.25246955363207113,0.7653314934883477,5
PKIS2,SB-404321,0.6236037624926514,0.42555165228106834,0.8216558727042345,9
PKIS2,SB-405367,0.6987066431510875,0.504953866364087,0.8924594199380881,9
PKIS2,SB-408010,0.3806282722513089,0.1547843907545813,0.6064721537480365,5
PKIS2,SB-428218,0.42451584507042256,0.3258569126425751,0.52317477749827,32
PKIS2,SB-477794,0.46833847898683134,0.4064517511628741,0.5302252068107887,118
PKIS2,SB-517081,0.6201445347786811,0.47884528807791715,0.7614437814794451,18
PKIS2,SB-517389,0.6087440381558029,0.4634477970865551,0.7540402792250507,17
PKIS2,SB-548492,0.6333935561577838,0.4922830574535453,0.7745040548620223,18
PKIS2,SB-589132,0.477326685660019,0.37952838944697576,0.5751249818730623,36
PKIS2,SB-610250,0.5841220423412204,0.45593644640829867,0.7123076382741422,22
PKIS2,SB-642057,0.4947089947089947,0.30428458126461033,0.6851334081533791,9
PKIS2,SB-642124,0.5407796419004652,0.44561160681954126,0.6359476769813892,41
PKIS2,SB-660566,0.553577106518283,0.40955772504464893,0.697596487991917,17
PKIS2,SB-684387,0.48319530710835057,0.3914861003233229,0.5749045138933782,42
PKIS2,SB-693578,0.447632058287796,0.32535682264740645,0.5699072939281855,21
PKIS2,SB-707548,0.650189523395265,0.5893139862749954,0.7110650605155346,121
PKIS2,SB-708998,0.4605263157894737,0.2507843346630307,0.6702682969159166,7
PKIS2,SB-708999,0.5512605042016807,0.4412104614586381,0.6613105469447234,30
PKIS2,SB-710363,0.5295318313352625,0.4485015164749242,0.6105621461956008,59
PKIS2,SB-710397,0.4522497704315886,0.3368703559770486,0.5676291848861286,24
PKIS2,SB-710903,0.4834585912172119,0.3886997436990063,0.5782174387354175,39
PKIS2,SB-711239,0.45236943907156674,0.28527661243368146,0.619462265709452,11
PKIS2,SB-711805,0.5139994105511347,0.4176705135865069,0.6103283075157626,39
PKIS2,SB-711880,0.6585434173669468,0.5486469520070041,0.7684398827268895,30
PKIS2,SB-731254-M,0.6283479349186483,0.5383494685095064,0.7183464013277902,47
PKIS2,SB-731284,0.5361005949161709,0.44306323993084246,0.6291379499014994,43
PKIS2,SB-731579,0.5039652567975831,0.4219548757388498,0.5859756378563163,56
PKIS2,SB-732932,0.4509073788734806,0.35122302449205955,0.5505917332549016,33
PKIS2,SB-733371,0.6137572533849129,0.43421005852725414,0.7933044482425717,11
PKIS2,SB-733416,0.5547120418848167,0.292711616718154,0.8167124670514794,5
PKIS2,SB-733887,0.586724960254372,0.44164688545675007,0.731803035051994,17
PKIS2,SB-733894,0.42765821436181545,0.3189604603751083,0.5363559683485226,26
PKIS2,SB-734909,0.5148247978436657,0.3689452258532833,0.6607043698340482,16
PKIS2,SB-735216,0.5047823218997362,0.3017746532455424,0.7077899905539299,8
PKIS2,SB-735297,0.5112397820163488,0.38032434887000716,0.6421552151626904,20
PKIS2,SB-735464,0.49347195357833656,0.32090389171512324,0.6660400154415499,11
PKIS2,SB-736398,0.5548780487804879,0.41469554817775106,0.6950605493832247,18
PKIS2,SB-736715,0.5426701570680629,0.2818509384542928,0.8034893756818329,5
PKIS2,SB-737447,0.5713812154696133,0.4509705113911238,0.6917919195481028,25
PKIS2,SB-737856,0.44322222222222224,0.2843620536371204,0.6020823908073241,12
PKIS2,SB-738004,0.5216339782666314,0.4300143968067446,0.6132535597265182,44
PKIS2,SB-738481,0.5899633981891735,0.47737732716184633,0.7025494692165007,29
PKIS2,SB-742034,0.5659193747429041,0.4014084631356865,0.7304302863501217,13
PKIS2,SB-742251,0.5727146814404432,0.4544768188349012,0.6909525440459853,26
PKIS2,SB-742352,0.6331521739130435,0.49566954706112465,0.7706348007649623,19
PKIS2,SB-742609,0.5556350114416476,0.41899973589243533,0.6922702869908599,19
PKIS2,SB-743341,0.5657548972766364,0.44065551721474283,0.69085427733853,23
PKIS2,SB-747651,0.5938745922435665,0.4847115508357044,0.7030376336514287,31
PKIS2,SKF-104493,0.5861738797395634,0.4268321913804721,0.7455155680986546,14
PKIS2,SKF-105561,0.508080474934037,0.30467002319436876,0.7114909266737052,8
PKIS2,SKF-105942,0.40707885304659497,0.26971913772861905,0.5444385683645709,15
PKIS2,SKF-12778,0.4454444444444444,0.2862472699516847,0.6046416189372041,12
PKIS2,SKF-18355,0.5398075240594926,0.301716074307055,0.7778989738119302,6
PKIS2,SKF-31736,0.7279090113735783,0.4955964464457426,0.9602215763014141,6
PKIS2,SKF-96418,0.3385416666666667,0.06710633671538241,0.6099769966179509,3
PKIS2,SKF-97184,0.3603455368161251,0.22239904767910842,0.4982920259531417,13
PKIS2,SKF-97236,0.5229329494035376,0.3610461484108487,0.6848197503962266,13
PKIS2,SKF-97255,0.6360902255639098,0.4121942677535799,0.8599861833742397,7
PKIS2,SKF-97263,0.43665377176015474,0.27205436265397903,0.6012531808663304,11
PKIS2,SKF-97293,0.5469534050179211,0.3943326202047467,0.6995741898310955,15
PKIS2,SKF-97359,0.3908037757437071,0.2703407672976737,0.5112667841897406,19
PKIS2,SKF-97416,0.45838100686498856,0.32902287716664613,0.587739136563331,19
PKIS2,SKF-97510,0.41507255936675463,0.227430585809122,0.6027145329243873,8
PKIS2,SKF-97560,0.4518888888888889,0.2917382286244085,0.6120395491533692,12
PKIS2,SKF-97620,0.4489845261121857,0.2824101577543042,0.6155588944700672,11
PKIS2,SKF-97623,0.6556874760628112,0.4969852386444431,0.8143897134811793,14
PKIS2,TPKI-100,0.7087007642563198,0.5160726913471892,0.9013288371654503,9
PKIS2,TPKI-102,0.6893139841688655,0.4829793710269825,0.8956485973107484,8
PKIS2,TPKI-103,0.7454308093994778,0.46543721437407376,1.025424404424882,4
PKIS2,TPKI-104,0.7479057591623036,0.49789269693738814,0.9979188213872191,5
PKIS2,TPKI-105,0.6813210848643919,0.4425922355409763,0.9200499341878074,6
PKIS2,TPKI-106,0.5301847514962269,0.4010902490684841,0.6592792539239697,21
PKIS2,TPKI-108,0.868798955613577,0.6426435430416955,1.0949543681854585,4
PKIS2,TPKI-109,0.43533834586466164,0.23056315143154432,0.6401135402977789,7
PKIS2,TPKI-110,0.6997120526532291,0.5381004933590842,0.8613236119473741,13
PKIS2,TPKI-111,0.8633333333333333,0.73033649918317,0.9963301674834966,12
PKIS2,TPKI-112,0.6732348703170029,0.5777251522309229,0.7687445884030829,40
PKIS2,TPKI-113,0.7231210409176511,0.6217488377367588,0.8244932440985433,33
PKIS2,TPKI-24,0.47476440739398335,0.370343791271298,0.5791850235166687,31
PKIS2,TPKI-25,0.5647881530234471,0.400325491943586,0.7292508141033082,13
PKIS2,TPKI-26,0.5178855325914149,0.3759537962613846,0.6598172689214452,17
PKIS2,TPKI-27,0.6523160762942779,0.5187041148064644,0.7859280377820914,20
PKIS2,TPKI-28,0.47231624758220503,0.30237634902100907,0.642256146143401,11
PKIS2,TPKI-29,0.6117773530817009,0.5334496107567822,0.6901050954066196,65
PKIS2,TPKI-30,0.5855417529330573,0.49061523304154087,0.6804682728245738,42
PKIS2,TPKI-31,0.634704038355154,0.5582390060249179,0.71116907068539,68
PKIS2,TPKI-33,0.5765748410710846,0.4641600797766216,0.6889896023655475,29
PKIS2,TPKI-35,0.7587680518715001,0.6682665860725432,0.849269517670457,39
PKIS2,TPKI-36,0.6741335587489433,0.5871465520574418,0.7611205654404448,49
PKIS2,TPKI-37,0.7102797685864779,0.6394542281348676,0.7811053090380882,74
PKIS2,TPKI-38,0.713751987281399,0.5732317597676677,0.8542722147951303,17
PKIS2,TPKI-39,0.6803489702517163,0.5447197130061601,0.8159782274972724,19
PKIS2,TPKI-40,0.745607787274454,0.6502778420513564,0.8409377324975515,36
PKIS2,TPKI-41,0.4866749688667497,0.3633369919867995,0.6100129457467,22
PKIS2,TPKI-44,0.7313185155385699,0.6556131621062626,0.8070238689708771,61
PKIS2,TPKI-45,0.7459654178674352,0.6552999127894561,0.8366309229454143,40
PKIS2,TPKI-46,0.7099697885196374,0.6298603117200022,0.7900792653192726,56
PKIS2,TPKI-47,0.649937113003096,0.5718605212480937,0.7280137047580982,64
PKIS2,TPKI-49,0.4944297082228117,0.31356792097955044,0.6752914954660729,10
PKIS2,TPKI-50,0.5702348690153568,0.42949240246259524,0.7109773355681184,18
PKIS2,TPKI-51,0.5707792207792208,0.1558810913059862,0.9856773502524554,2
PKIS2,TPKI-52,0.7306282722513089,0.47685015793921354,0.9844063865634043,5
PKIS2,TPKI-53,0.4644097222222222,0.1447930322915889,0.7840264121528555,3
PKIS2,TPKI-54,0.6599216710182768,0.3658857729932635,0.9539575690432901,4
PKIS2,TPKI-55,0.6838529748283753,0.5484387101191992,0.8192672395375513,19
PKIS2,TPKI-56,0.5699337548931045,0.42920054671458274,0.7106669630716262,18
PKIS2,TPKI-57,0.672,0.501753663095168,0.8422463369048321,12
PKIS2,TPKI-58,0.6621779859484778,0.5320458207464271,0.7923101511505284,21
PKIS2,TPKI-60,0.812565445026178,0.5827377116209143,1.0423931784314417,5
PKIS2,TPKI-61,0.691952506596306,0.4858813577698494,0.8980236554227626,8
PKIS2,TPKI-62,0.7291353383458646,0.5141152087423284,0.9441554679494009,7
PKIS2,TPKI-63,0.3606855610877059,0.22742933322123568,0.49394178895417606,14
PKIS2,TPKI-64,0.688337801608579,0.5315544590604553,0.8451211441567028,14
PKIS2,TPKI-65,0.9664921465968587,0.8557192547771011,1.0772650384166162,5
PKIS2,TPKI-66,0.9869109947643979,0.9165960928948521,1.0572258966339436,5
PKIS2,TPKI-67,0.7253344481605352,0.6050202019952787,0.8456486943257916,23
PKIS2,TPKI-68,0.6715102707749766,0.5859760744398179,0.7570444671101353,51
PKIS2,TPKI-69,0.8572603866721514,0.727309045549704,0.9872117277945989,13
PKIS2,TPKI-70,0.8772845953002611,0.656944942512659,1.0976242480878633,4
PKIS2,TPKI-71,0.3426701570680628,0.1300101926581368,0.5553301214779889,5
PKIS2,TPKI-72,0.4838345864661654,0.27012940852626965,0.6975397644060611,7
PKIS2,TPKI-73,0.8002645502645502,0.6251375020793846,0.9753915984497159,9
PKIS2,TPKI-74,0.8,0.4296397167703597,1.1703602832296403,2
PKIS2,TPKI-75,0.7883991346673878,0.7052583837762917,0.8715398855584838,43
PKIS2,TPKI-76,0.7313061687461827,0.661384217472254,0.8012281200201115,73
PKIS2,TPKI-77,0.7678314121037464,0.6793633388210387,0.8562994853864541,40
PKIS2,TPKI-78,0.6685082872928176,0.5490843396373261,0.7879322349483092,25
PKIS2,TPKI-79,0.43919510061242345,0.21748382122808604,0.6609063799967608,6
PKIS2,TPKI-80,0.5859416445623342,0.398213087411871,0.7736702017127974,10
PKIS2,TPKI-81,0.40176240208877284,0.14240568752973942,0.6611191166478063,4
PKIS2,TPKI-82,0.6078947368421053,0.38372626307268626,0.8320632106115242,7
PKIS2,TPKI-83,0.7672790901137357,0.5434729983032475,0.991085181924224,6
PKIS2,TPKI-84,0.36325065274151436,0.11770299038500504,0.6087983150980236,4
PKIS2,TPKI-85,0.6338672768878718,0.49639874862561717,0.7713358051501265,19
PKIS2,TPKI-86,0.6228298611111112,0.28171135368723765,0.9639483685349847,3
PKIS2,TPKI-87,0.5623180962164013,0.4567128391241808,0.6679233533086217,33
PKIS2,TPKI-88,0.6317612137203166,0.4220294210329039,0.8414930064077293,8
PKIS2,TPKI-89,0.6514360313315927,0.3568012408779182,0.9460708217852671,4
PKIS2,TPKI-90,0.43036649214659684,0.19009099659530015,0.6706419876978935,5
PKIS2,TPKI-91,0.7426701570680628,0.4914502755925261,0.9938900385435996,5
PKIS2,TPKI-92,0.4556334622823984,0.28805037815208945,0.6232165464127074,11
PKIS2,TPKI-93,0.19300518134715025,-0.12020407407805059,0.5062144367723511,1
PKIS2,TPKI-94,0.7821180555555556,0.47181147858862726,1.092424632522484,3
PKIS2,TPKI-95,0.7823308270676692,0.5788056165413159,0.9858560375940225,7
PKIS2,TPKI-96,0.555408583186361,0.3591880851901965,0.7516290811825255,9
PKIS2,TPKI-97,0.5983134512546278,0.4329116557088988,0.7637152468003567,13
PKIS2,TPKI-98,0.555408583186361,0.3591880851901965,0.7516290811825255,9
PKIS2,TPKI-99,0.6153846153846154,0.4272609299156388,0.803508300853592,10
