UNIPROT_ID,roc_auc,pr_auc,pauc10,ef1,ef5,nef1,nef5,bedroc,r_precision,recall10,hit1,hit5,hit10,n_actives,n_total,active_ratio
O00141,0.01098901098901095,0.01098901098901099,0.47368421052631576,0.0,0.0,0.0,0.0,6.220497794094276e-10,0.0,0.0,0.0,0.0,0.0,1,92,0.010869565217391304
O00238,0.1428571428571429,0.012658227848101266,0.47368421052631576,0.0,0.0,0.0,0.0,4.067738913601334e-08,0.0,0.0,0.0,0.0,0.0,1,92,0.010869565217391304
O00311,0.5604395604395604,0.024390243902439025,0.47368421052631576,0.0,0.0,0.0,0.0,0.00016730911270620427,0.0,0.0,0.0,0.0,0.0,1,92,0.010869565217391304
O00418,,,,,,,,,,,,,,0,92,0.0
O00444,0.6454545454545454,0.40549710995722277,0.5821371610845295,6.133333333333333,3.6799999999999997,1.0,0.6,0.5426099783503971,0.3333333333333333,0.2,1.0,1.0,1.0,15,92,0.16304347826086957
O00506,0.3992248062015504,0.08194157655139529,0.5104039167686658,0.0,0.0,0.0,0.0,0.09322111989001064,0.16666666666666666,0.16666666666666666,0.0,0.0,1.0,6,92,0.06521739130434782
O14578,0.84375,0.21190476190476193,0.632177033492823,0.0,4.6000000000000005,0.0,0.25,0.29427035195467993,0.25,0.5,0.0,1.0,1.0,4,92,0.043478260869565216
O14733,0.7130681818181819,0.09415584415584416,0.48564593301435405,0.0,0.0,0.0,0.0,0.06282261989792451,0.0,0.25,0.0,0.0,1.0,4,92,0.043478260869565216
O14757,0.707563025210084,0.19148210598823384,0.5356037151702786,0.0,2.6285714285714286,0.0,0.2,0.21099651931106345,0.14285714285714285,0.2857142857142857,0.0,1.0,1.0,7,92,0.07608695652173914
O14920,,,,,,,,,,,,,,0,92,0.0
O14965,0.5606975184439973,0.38882587816787123,0.5492251756150941,4.380952380952381,2.6285714285714286,1.0,0.6,0.5344306990785729,0.3333333333333333,0.14285714285714285,1.0,1.0,1.0,21,92,0.22826086956521738
O15075,0.8022988505747127,0.19832964764853311,0.5874168179068361,0.0,3.68,0.0,0.19999999999999998,0.2441980773380303,0.2,0.4,0.0,1.0,1.0,5,92,0.05434782608695652
O15111,1.0,1.0,1.0,92.0,18.400000000000002,1.0,1.0,0.9999999999999998,1.0,1.0,1.0,1.0,1.0,1,92,0.010869565217391304
O15146,0.5227272727272727,0.410607388309184,0.5564961354435038,3.5384615384615388,2.830769230769231,1.0,0.7999999999999999,0.6137990251924877,0.3076923076923077,0.15384615384615385,1.0,1.0,1.0,26,92,0.2826086956521739
O15264,,,,,,,,,,,,,,0,92,0.0
O15530,0.945054945054945,0.16666666666666666,0.7108155002891845,0.0,0.0,0.0,0.0,0.3372413183257586,0.0,1.0,0.0,0.0,1.0,1,92,0.010869565217391304
O43293,0.28739495798319326,0.05762266655295997,0.47368421052631576,0.0,0.0,0.0,0.0,0.0002409744775186868,0.0,0.0,0.0,0.0,0.0,7,92,0.07608695652173914
O43318,0.5406976744186046,0.08367780005711041,0.47368421052631576,0.0,0.0,0.0,0.0,0.019697865045304765,0.0,0.0,0.0,0.0,0.0,6,92,0.06521739130434782
O43353,0.47206959706959706,0.1439161820143185,0.47368421052631576,0.0,0.0,0.0,0.0,0.021623113746538337,0.07142857142857142,0.0,0.0,0.0,0.0,14,92,0.15217391304347827
O43781,0.08522727272727271,0.029481079265562028,0.47368421052631576,0.0,0.0,0.0,0.0,3.386114855954096e-08,0.0,0.0,0.0,0.0,0.0,4,92,0.043478260869565216
O60285,0.5803402646502835,0.3239247921761128,0.5187875169966504,0.0,1.6,0.0,0.4,0.320532181047594,0.34782608695652173,0.17391304347826086,0.0,1.0,1.0,23,92,0.25
O60307,,,,,,,,,,,,,,0,48,0.0
O60674,0.6531808035714286,0.39521383180191133,0.490718984962406,0.0,0.6571428571428571,0.0,0.2,0.26463205819404206,0.42857142857142855,0.10714285714285714,0.0,1.0,1.0,28,92,0.30434782608695654
O75116,0.6853932584269663,0.1163572343149808,0.511137394046915,0.0,0.0,0.0,0.0,0.1354245616662145,0.0,0.3333333333333333,0.0,0.0,1.0,3,92,0.03260869565217391
O75385,0.5438988095238095,0.12062542720437458,0.5159774436090225,0.0,2.3000000000000003,0.0,0.2,0.1268577390398995,0.125,0.125,0.0,1.0,1.0,8,92,0.08695652173913043
O75460,0.28838951310861427,0.02928876678876679,0.47368421052631576,0.0,0.0,0.0,0.0,1.5040415428183205e-05,0.0,0.0,0.0,0.0,0.0,3,92,0.03260869565217391
O75582,0.42528735632183917,0.13520782465909903,0.5874168179068361,0.0,3.68,0.0,0.19999999999999998,0.2335631424973385,0.2,0.4,0.0,1.0,1.0,5,92,0.05434782608695652
O75676,0.7984496124031008,0.3671706989247312,0.63484292125663,15.333333333333334,6.133333333333334,1.0,0.4,0.4316148581920522,0.3333333333333333,0.5,1.0,1.0,1.0,6,92,0.06521739130434782
O75716,0.49702380952380953,0.2138512947780189,0.5394736842105263,11.5,2.3000000000000003,1.0,0.2,0.2587842292625182,0.125,0.125,1.0,1.0,1.0,8,92,0.08695652173913043
O75914,0.3516483516483516,0.016666666666666666,0.47368421052631576,0.0,0.0,0.0,0.0,2.6871220383000684e-06,0.0,0.0,0.0,0.0,0.0,1,92,0.010869565217391304
O94804,0.6799665178571429,0.5066748419463333,0.5623825187969925,3.2857142857142856,1.9714285714285713,1.0,0.6,0.6077076087815328,0.5,0.21428571428571427,1.0,1.0,1.0,28,92,0.30434782608695654
O94806,0.5185185185185186,0.15330648105841452,0.4984937090200248,0.0,1.6727272727272728,0.0,0.2,0.12950301424064264,0.18181818181818182,0.18181818181818182,0.0,1.0,1.0,11,92,0.11956521739130435
O94921,0.6104868913857677,0.06420852725619215,0.47368421052631576,0.0,0.0,0.0,0.0,0.03792053656453457,0.0,0.0,0.0,0.0,0.0,3,92,0.03260869565217391
O95382,,,,,,,,,,,,,,0,92,0.0
O95747,0.28888888888888886,0.02348901098901099,0.47368421052631576,0.0,0.0,0.0,0.0,0.00011522538355003274,0.0,0.0,0.0,0.0,0.0,2,92,0.021739130434782608
O95819,0.5595238095238095,0.2021075027744166,0.4852515905147484,0.0,0.0,0.0,0.0,0.13335159469311514,0.2857142857142857,0.21428571428571427,0.0,0.0,1.0,14,92,0.15217391304347827
O95835,0.6285714285714286,0.14895865668374136,0.5046439628482973,0.0,0.0,0.0,0.0,0.13697127687953917,0.14285714285714285,0.14285714285714285,0.0,0.0,1.0,7,92,0.07608695652173914
O96013,0.4739495798319327,0.083179884142966,0.47368421052631576,0.0,0.0,0.0,0.0,0.029061644029845648,0.0,0.0,0.0,0.0,0.0,7,92,0.07608695652173914
O96017,0.3645833333333333,0.1804935229771162,0.5175438596491228,7.666666666666667,1.5333333333333334,1.0,0.2,0.21167996834121133,0.08333333333333333,0.08333333333333333,1.0,1.0,1.0,12,92,0.13043478260869565
P00519,0.5428344791115811,0.3776713232048825,0.502630187313869,0.0,1.1870967741935485,0.0,0.4,0.33484638408548273,0.3870967741935484,0.12903225806451613,0.0,1.0,1.0,31,92,0.33695652173913043
P00533,0.6284965034965035,0.38273517681070096,0.5178505704821494,0.0,1.4153846153846155,0.0,0.39999999999999997,0.4133690675054537,0.34615384615384615,0.15384615384615385,0.0,1.0,1.0,26,92,0.2826086956521739
P04049,0.6784426820475847,0.3932880653890852,0.5541304595302242,4.842105263157895,1.936842105263158,1.0,0.4,0.4634165809743758,0.3157894736842105,0.21052631578947367,1.0,1.0,1.0,19,92,0.20652173913043478
P04626,0.4272727272727273,0.2101941374584343,0.48735475051264526,0.0,0.8363636363636364,0.0,0.2,0.10646054316965173,0.045454545454545456,0.045454545454545456,0.0,1.0,1.0,22,92,0.2391304347826087
P04629,0.482897384305835,0.3221444439921241,0.5644039676656429,0.0,1.7523809523809526,0.0,0.4,0.4681745364158428,0.3333333333333333,0.23809523809523808,0.0,1.0,1.0,21,92,0.22826086956521738
P05129,0.6109756097560975,0.24710263739345034,0.5635430038510911,0.0,3.68,0.0,0.39999999999999997,0.32514677621337523,0.3,0.3,0.0,1.0,1.0,10,92,0.10869565217391304
P05771,0.7098214285714286,0.18476530564378862,0.5269423558897243,0.0,2.3000000000000003,0.0,0.2,0.1662480223101543,0.25,0.25,0.0,1.0,1.0,8,92,0.08695652173913043
P06213,0.5068159688412853,0.14610916530387968,0.47368421052631576,0.0,0.0,0.0,0.0,0.02895840628539209,0.07692307692307693,0.0,0.0,0.0,0.0,13,92,0.14130434782608695
P06239,0.5463137996219282,0.5636498592333262,0.5149736344642324,2.0,1.2,1.0,0.6,0.5929106823672258,0.5434782608695652,0.13043478260869565,1.0,1.0,1.0,46,92,0.5
P06241,0.5335801163405606,0.3869282160159484,0.5137632553090818,0.0,1.7806451612903225,0.0,0.6,0.4203389009872391,0.3548387096774194,0.12903225806451613,0.0,1.0,1.0,31,92,0.33695652173913043
P06493,0.6560077519379846,0.10893620432627525,0.5002039983680131,0.0,0.0,0.0,0.0,0.07446245804673181,0.0,0.16666666666666666,0.0,0.0,1.0,6,92,0.06521739130434782
P07332,0.6215686274509805,0.32251550293234643,0.5541795665634675,0.0,3.2470588235294118,0.0,0.6,0.4085362683568881,0.17647058823529413,0.17647058823529413,0.0,1.0,1.0,17,92,0.18478260869565216
P07333,0.6901719901719903,0.6252927399522314,0.5771369455579982,2.4864864864864864,1.4918918918918918,1.0,0.6,0.7359133322418632,0.5945945945945946,0.1891891891891892,1.0,1.0,1.0,37,92,0.40217391304347827
P07947,0.4979949874686717,0.446383531090127,0.5311964120828386,2.6285714285714286,2.1028571428571428,1.0,0.7999999999999999,0.5932956686712614,0.37142857142857144,0.11428571428571428,1.0,1.0,1.0,35,92,0.3804347826086957
P07948,0.5184310018903592,0.5606884811951732,0.5274102079395085,0.0,1.2,0.0,0.6,0.6046015443841296,0.5,0.15217391304347827,0.0,1.0,1.0,46,92,0.5
P07949,0.49066339066339065,0.45096942265330514,0.5202379412905729,2.4864864864864864,1.4918918918918918,1.0,0.6,0.545513396941356,0.40540540540540543,0.10810810810810811,1.0,1.0,1.0,37,92,0.40217391304347827
P08069,0.6677083333333333,0.265215019661103,0.5614035087719298,0.0,3.066666666666667,0.0,0.4,0.33307133075390694,0.25,0.25,0.0,1.0,1.0,12,92,0.13043478260869565
P08581,0.7054878048780489,0.336719700636849,0.6020539152759948,9.200000000000001,1.84,1.0,0.19999999999999998,0.4096764136999215,0.4,0.4,1.0,1.0,1.0,10,92,0.10869565217391304
P08631,0.5103120042305659,0.39284621860370184,0.5020735339141084,2.967741935483871,1.1870967741935485,1.0,0.4,0.3870921327925323,0.45161290322580644,0.0967741935483871,1.0,1.0,1.0,31,92,0.33695652173913043
P08922,0.5145161290322581,0.37091398323923086,0.5036785512167515,3.0666666666666664,0.6133333333333334,1.0,0.20000000000000004,0.3622128080256575,0.36666666666666664,0.1,1.0,1.0,1.0,30,92,0.32608695652173914
P09619,0.5134803921568627,0.33085295421178545,0.5175438596491228,3.8333333333333335,1.5333333333333334,1.0,0.4,0.386450697517291,0.25,0.08333333333333333,1.0,1.0,1.0,24,92,0.2608695652173913
P09769,0.6134494436381229,0.579052554194639,0.5454892674356429,2.358974358974359,0.9435897435897437,1.0,0.4,0.6511312030533765,0.5384615384615384,0.1794871794871795,1.0,1.0,1.0,39,92,0.42391304347826086
P10398,0.740953947368421,0.3593472665909976,0.555921052631579,0.0,2.3000000000000003,0.0,0.4,0.3973487577385002,0.375,0.25,0.0,1.0,1.0,16,92,0.17391304347826086
P10721,0.622971602434077,0.5027333584152989,0.5388064481691043,0.0,1.6235294117647059,0.0,0.6,0.5598431207854847,0.47058823529411764,0.17647058823529413,0.0,1.0,1.0,34,92,0.3695652173913043
P11309,0.5243445692883895,0.052924126172208014,0.47368421052631576,0.0,0.0,0.0,0.0,0.005626209441248541,0.0,0.0,0.0,0.0,0.0,3,92,0.03260869565217391
P11362,0.5061827956989247,0.38332648627583005,0.5183927560837578,3.0666666666666664,1.2266666666666668,1.0,0.4000000000000001,0.45252161929623114,0.26666666666666666,0.13333333333333333,1.0,1.0,1.0,30,92,0.32608695652173914
P11802,0.7840336134453781,0.23273551844980414,0.5709862892525431,0.0,5.257142857142857,0.0,0.4,0.27293266420499135,0.2857142857142857,0.2857142857142857,0.0,1.0,1.0,7,92,0.07608695652173914
P12931,0.5129032258064516,0.3637425553933122,0.49122807017543857,3.0666666666666664,0.6133333333333334,1.0,0.20000000000000004,0.25974124203927806,0.43333333333333335,0.03333333333333333,1.0,1.0,1.0,30,92,0.32608695652173914
P14616,0.7012195121951219,0.36701168608533563,0.6123234916559692,9.200000000000001,3.68,1.0,0.39999999999999997,0.47330721100421586,0.3,0.3,1.0,1.0,1.0,10,92,0.10869565217391304
P15056,0.8173160173160173,0.6020777675646589,0.6814764183185236,6.133333333333333,4.906666666666667,1.0,0.8000000000000002,0.7398432909513608,0.5333333333333333,0.4,1.0,1.0,1.0,15,92,0.16304347826086957
P15735,0.5885057471264368,0.08919237783089774,0.47368421052631576,0.0,0.0,0.0,0.0,0.023474031420141334,0.0,0.0,0.0,0.0,0.0,5,92,0.05434782608695652
P16234,0.7558839627805145,0.6789449841029289,0.6540201077406159,3.172413793103448,3.172413793103448,1.0,1.0,0.878282749996105,0.6206896551724138,0.27586206896551724,1.0,1.0,1.0,29,92,0.31521739130434784
P16591,0.6180392156862745,0.3083178376576978,0.5232198142414861,5.411764705882353,2.1647058823529415,1.0,0.4,0.329875401716745,0.23529411764705882,0.11764705882352941,1.0,1.0,1.0,17,92,0.18478260869565216
P17252,0.7073170731707317,0.2538412149817183,0.5622593068035944,0.0,1.84,0.0,0.19999999999999998,0.2787353153302387,0.3,0.3,0.0,1.0,1.0,10,92,0.10869565217391304
P17612,0.6574712643678161,0.24144778581398296,0.6358136721113128,0.0,7.36,0.0,0.39999999999999997,0.3714043320170785,0.4,0.4,0.0,1.0,1.0,5,92,0.05434782608695652
P17948,0.6610259122157588,0.521613258044409,0.5541206267917281,0.0,1.7806451612903225,0.0,0.6,0.5810244620173436,0.5806451612903226,0.1935483870967742,0.0,1.0,1.0,31,92,0.33695652173913043
P19525,0.6104166666666667,0.1744405369244907,0.47368421052631576,0.0,0.0,0.0,0.0,0.04187850665993806,0.08333333333333333,0.0,0.0,0.0,0.0,12,92,0.13043478260869565
P19784,0.4554621848739495,0.09444996996550802,0.5134896063688633,0.0,2.6285714285714286,0.0,0.2,0.10534871894598014,0.14285714285714285,0.14285714285714285,0.0,1.0,1.0,7,92,0.07608695652173914
P20794,0.5793103448275863,0.30409203980099503,0.6358136721113128,18.400000000000002,3.68,1.0,0.19999999999999998,0.39422746662508695,0.2,0.4,1.0,1.0,1.0,5,92,0.05434782608695652
P21127,0.5641025641025641,0.2500632911834456,0.5151339888181994,6.571428571428571,1.3142857142857143,1.0,0.2,0.2661555544483267,0.21428571428571427,0.14285714285714285,1.0,1.0,1.0,14,92,0.15217391304347827
P21709,0.34531249999999997,0.17781316563239086,0.5175438596491228,7.666666666666667,1.5333333333333334,1.0,0.2,0.21116369286753822,0.08333333333333333,0.08333333333333333,1.0,1.0,1.0,12,92,0.13043478260869565
P21802,0.5426587301587301,0.45943812491602476,0.5170217209690894,0.0,1.5333333333333332,0.0,0.6,0.5179466989093106,0.4444444444444444,0.1388888888888889,0.0,1.0,1.0,36,92,0.391304347826087
P22455,0.675645342312009,0.2271549254527978,0.5221218028235572,0.0,1.6727272727272728,0.0,0.2,0.23397289195639165,0.18181818181818182,0.18181818181818182,0.0,1.0,1.0,11,92,0.11956521739130435
P22607,0.5729166666666666,0.38165608988509286,0.5285087719298246,3.8333333333333335,1.5333333333333334,1.0,0.4,0.4599839778599995,0.4166666666666667,0.16666666666666666,1.0,1.0,1.0,24,92,0.2608695652173913
P22612,0.6443798449612403,0.2026535480023852,0.6042431660546715,0.0,3.066666666666667,0.0,0.2,0.30194552639751543,0.3333333333333333,0.5,0.0,1.0,1.0,6,92,0.06521739130434782
P22694,0.7908045977011495,0.26681598594642075,0.5958862673926195,0.0,3.68,0.0,0.19999999999999998,0.33657626794526047,0.2,0.4,0.0,1.0,1.0,5,92,0.05434782608695652
P23443,0.5602678571428572,0.18561291275368688,0.5661027568922306,0.0,4.6000000000000005,0.0,0.4,0.2746520388332499,0.25,0.25,0.0,1.0,1.0,8,92,0.08695652173913043
P23458,0.6095522388059702,0.45696197030866836,0.5685781618224666,3.68,2.9440000000000004,1.0,0.8,0.6355994480747725,0.36,0.2,1.0,1.0,1.0,25,92,0.2717391304347826
P24723,0.5672268907563025,0.11704522693898306,0.4957983193277311,0.0,0.0,0.0,0.0,0.09570287624433105,0.14285714285714285,0.14285714285714285,0.0,0.0,1.0,7,92,0.07608695652173914
P24941,0.40891472868217055,0.070639961502324,0.47368421052631576,0.0,0.0,0.0,0.0,0.013020514204949249,0.0,0.0,0.0,0.0,0.0,6,92,0.06521739130434782
P25098,,,,,,,,,,,,,,0,92,0.0
P27361,,,,,,,,,,,,,,0,92,0.0
P27448,0.7395833333333334,0.19295870974235757,0.5191102756892231,0.0,2.3000000000000003,0.0,0.2,0.16344555227961183,0.125,0.25,0.0,1.0,1.0,8,92,0.08695652173913043
P28482,,,,,,,,,,,,,,0,92,0.0
P29317,0.5657894736842105,0.2351927049743873,0.5161011080332409,0.0,1.1500000000000001,0.0,0.2,0.24431686294923669,0.25,0.1875,0.0,1.0,1.0,16,92,0.17391304347826086
P29320,0.54375,0.16850122717458377,0.5010964912280702,0.0,1.5333333333333334,0.0,0.2,0.14413063889808747,0.16666666666666666,0.08333333333333333,0.0,1.0,1.0,12,92,0.13043478260869565
P29322,0.42931547619047616,0.09258514512964978,0.50031328320802,0.0,0.0,0.0,0.0,0.08012184592530823,0.125,0.125,0.0,0.0,1.0,8,92,0.08695652173913043
P29323,0.35444078947368424,0.15211127267404606,0.4979224376731302,0.0,1.1500000000000001,0.0,0.2,0.13497416102343004,0.0625,0.0625,0.0,1.0,1.0,16,92,0.17391304347826086
P29376,0.573780487804878,0.3039157788183511,0.5789473684210527,9.200000000000001,3.68,1.0,0.39999999999999997,0.39950619349760325,0.2,0.2,1.0,1.0,1.0,10,92,0.10869565217391304
P29597,0.5337114051669817,0.3093997993587795,0.49955228335489005,0.0,0.8,0.0,0.2,0.27859351606268457,0.43478260869565216,0.08695652173913043,0.0,1.0,1.0,23,92,0.25
P30291,0.627906976744186,0.058823529411764705,0.47368421052631576,0.0,0.0,0.0,0.0,0.0006942128479937317,0.0,0.0,0.0,0.0,0.0,1,44,0.022727272727272728
P30530,0.5875251509054326,0.3440091041941283,0.5209855624977938,4.380952380952381,0.8761904761904763,1.0,0.2,0.3637009691559554,0.3333333333333333,0.19047619047619047,1.0,1.0,1.0,21,92,0.22826086956521738
P31749,0.9065934065934066,0.1,0.5083863504916136,0.0,0.0,0.0,0.0,0.14134921411750323,0.0,1.0,0.0,0.0,1.0,1,92,0.010869565217391304
P31751,0.978021978021978,0.3333333333333333,0.8843262001156738,0.0,18.400000000000002,0.0,1.0,0.647405391180682,0.0,1.0,0.0,1.0,1.0,1,92,0.010869565217391304
P32298,1.0,1.0,1.0,92.0,18.400000000000002,1.0,1.0,0.9999999999999998,1.0,1.0,1.0,1.0,1.0,1,92,0.010869565217391304
P34947,,,,,,,,,,,,,,0,92,0.0
P35557,0.6153846153846153,0.20612206293642338,0.4775400038557933,0.0,0.0,0.0,0.0,0.0893183237131249,0.21428571428571427,0.07142857142857142,0.0,0.0,1.0,14,92,0.15217391304347827
P35626,,,,,,,,,,,,,,0,92,0.0
P35916,0.5865575396825397,0.48256746454487914,0.5217209690893901,0.0,1.0222222222222221,0.0,0.4,0.5029950966262449,0.4166666666666667,0.1388888888888889,0.0,1.0,1.0,36,92,0.391304347826087
P35968,0.653799019607843,0.5245957143142261,0.6381578947368421,3.8333333333333335,3.066666666666667,1.0,0.8,0.7242901702075719,0.4583333333333333,0.2916666666666667,1.0,1.0,1.0,24,92,0.2608695652173913
P36507,0.6582278481012658,0.34296195669324525,0.6048787987495516,0.0,4.246153846153846,0.0,0.6,0.4804009842222359,0.3076923076923077,0.3076923076923077,0.0,1.0,1.0,13,92,0.14130434782608695
P36888,0.6088942307692308,0.5883551165276968,0.5652834008097166,2.3000000000000003,1.84,1.0,0.7999999999999999,0.7398891346900167,0.5,0.2,1.0,1.0,1.0,40,92,0.43478260869565216
P36894,0.0,0.010869565217391304,0.47368421052631576,0.0,0.0,0.0,0.0,0.0,0.0,0.0,0.0,0.0,0.0,1,92,0.010869565217391304
P36896,0.48333333333333334,0.03125,0.47368421052631576,0.0,0.0,0.0,0.0,0.0006565375717230445,0.0,0.0,0.0,0.0,0.0,2,92,0.021739130434782608
P36897,0.7833333333333333,0.06944444444444445,0.47368421052631576,0.0,0.0,0.0,0.0,0.01749358972320726,0.0,0.0,0.0,0.0,0.0,2,92,0.021739130434782608
P37023,0.30965909090909094,0.037608744563937174,0.47368421052631576,0.0,0.0,0.0,0.0,0.0002584318593866786,0.0,0.0,0.0,0.0,0.0,4,92,0.043478260869565216
P37173,0.5795454545454546,0.13028412350701507,0.5753588516746412,0.0,4.6000000000000005,0.0,0.25,0.2187458468703846,0.25,0.25,0.0,1.0,1.0,4,92,0.043478260869565216
P41240,0.49607843137254903,0.2043171708021314,0.4984520123839009,0.0,1.0823529411764707,0.0,0.2,0.17047825058599336,0.23529411764705882,0.11764705882352941,0.0,1.0,1.0,17,92,0.18478260869565216
P41279,,,,,,,,,,,,,,0,92,0.0
P41743,,,,,,,,,,,,,,0,92,0.0
P42345,0.7722222222222223,0.5232558139534884,0.7368421052631579,46.0,9.200000000000001,1.0,0.5,0.5541948191691527,0.5,0.5,1.0,1.0,1.0,2,92,0.021739130434782608
P42679,0.41758241758241754,0.018518518518518517,0.47368421052631576,0.0,0.0,0.0,0.0,9.909688971417364e-06,0.0,0.0,0.0,0.0,0.0,1,92,0.010869565217391304
P42680,0.7034534534534534,0.4274697626329028,0.5700964122016754,5.111111111111111,2.0444444444444443,1.0,0.4,0.5263086033257564,0.3888888888888889,0.2222222222222222,1.0,1.0,1.0,18,92,0.1956521739130435
P42681,0.7393973214285714,0.6651665007067549,0.6640037593984962,3.2857142857142856,3.2857142857142856,1.0,1.0,0.8822102394449379,0.5714285714285714,0.32142857142857145,1.0,1.0,1.0,28,92,0.30434782608695654
P42684,0.5168091168091168,0.39133765685762945,0.5306642675063727,3.407407407407407,1.362962962962963,1.0,0.4,0.5053722781400828,0.3333333333333333,0.18518518518518517,1.0,1.0,1.0,27,92,0.29347826086956524
P42685,0.4691611842105263,0.24308242364186983,0.5221606648199446,5.75,1.1500000000000001,1.0,0.2,0.3007172168854427,0.25,0.125,1.0,1.0,1.0,16,92,0.17391304347826086
P43250,,,,,,,,,,,,,,0,92,0.0
P43403,,,,,,,,,,,,,,0,92,0.0
P43405,0.5,0.072201823181325,0.47368421052631576,0.0,0.0,0.0,0.0,0.0009510466494884613,0.0,0.0,0.0,0.0,0.0,6,92,0.06521739130434782
P45983,0.4692708333333333,0.15938034963987968,0.5120614035087719,0.0,1.5333333333333334,0.0,0.2,0.1778219188659742,0.08333333333333333,0.08333333333333333,0.0,1.0,1.0,12,92,0.13043478260869565
P45984,0.7303370786516854,0.13835125448028673,0.5683027794204613,0.0,0.0,0.0,0.0,0.19518282148419916,0.0,0.6666666666666666,0.0,0.0,1.0,3,92,0.03260869565217391
P45985,0.1428571428571429,0.012658227848101266,0.47368421052631576,0.0,0.0,0.0,0.0,4.067738913601334e-08,0.0,0.0,0.0,0.0,0.0,1,92,0.010869565217391304
P46734,0.5166666666666666,0.033102766798418976,0.47368421052631576,0.0,0.0,0.0,0.0,7.955898638278448e-05,0.0,0.0,0.0,0.0,0.0,2,92,0.021739130434782608
P48729,,,,,,,,,,,,,,0,92,0.0
P48730,0.26666666666666666,0.021831988609397245,0.47368421052631576,0.0,0.0,0.0,0.0,1.6289265885613188e-05,0.0,0.0,0.0,0.0,0.0,2,92,0.021739130434782608
P49137,,,,,,,,,,,,,,0,92,0.0
P49336,0.48930481283422467,0.25644530777290603,0.47368421052631576,0.0,0.0,0.0,0.0,0.052131233124049235,0.36363636363636365,0.2727272727272727,0.0,0.0,1.0,11,45,0.24444444444444444
P49674,0.6463178294573644,0.11632556937856477,0.47980416156670747,0.0,0.0,0.0,0.0,0.07385333685452233,0.0,0.16666666666666666,0.0,0.0,1.0,6,92,0.06521739130434782
P49760,0.40796857463524133,0.11090830503704191,0.4742749128714041,0.0,0.0,0.0,0.0,0.05063880618731259,0.09090909090909091,0.09090909090909091,0.0,0.0,1.0,11,92,0.11956521739130435
P49761,,,,,,,,,,,,,,0,92,0.0
P49840,0.8806818181818182,0.41180555555555554,0.6590909090909092,23.0,4.6000000000000005,1.0,0.25,0.44340258083276063,0.25,0.75,1.0,1.0,1.0,4,92,0.043478260869565216
P49841,0.5610119047619048,0.1733231973285919,0.5347744360902256,0.0,2.3000000000000003,0.0,0.2,0.23552097801668387,0.125,0.25,0.0,1.0,1.0,8,92,0.08695652173913043
P50613,0.7527777777777778,0.060798548094373864,0.47368421052631576,0.0,0.0,0.0,0.0,0.012636321587017099,0.0,0.0,0.0,0.0,0.0,2,92,0.021739130434782608
P50750,0.7955426356589147,0.41027951606174384,0.6654426764585883,15.333333333333334,6.133333333333334,1.0,0.4,0.49915499924261064,0.3333333333333333,0.5,1.0,1.0,1.0,6,92,0.06521739130434782
P51451,0.5589668615984406,0.46245257501646214,0.4818918641633323,0.0,0.4842105263157895,0.0,0.2,0.29805554095696346,0.47368421052631576,0.10526315789473684,0.0,1.0,1.0,38,92,0.41304347826086957
P51617,0.5183150183150182,0.15544937452457908,0.47368421052631576,0.0,0.0,0.0,0.0,0.0329009717530979,0.07142857142857142,0.07142857142857142,0.0,0.0,1.0,14,92,0.15217391304347827
P51812,0.5334821428571429,0.12818298202370873,0.5191102756892231,0.0,2.3000000000000003,0.0,0.2,0.15704925505596112,0.125,0.25,0.0,1.0,1.0,8,92,0.08695652173913043
P51813,0.6104910714285714,0.4265254603647979,0.5242011278195489,3.2857142857142856,1.9714285714285713,1.0,0.6,0.49077601712367763,0.35714285714285715,0.10714285714285714,1.0,1.0,1.0,28,92,0.30434782608695654
P51817,0.6574712643678161,0.31607958251793866,0.6358136721113128,18.400000000000002,3.68,1.0,0.19999999999999998,0.3950606676938311,0.2,0.4,1.0,1.0,1.0,5,92,0.05434782608695652
P51955,0.8111111111111111,0.08166666666666667,0.47368421052631576,0.0,0.0,0.0,0.0,0.0537132240719243,0.0,0.0,0.0,0.0,0.0,2,92,0.021739130434782608
P51956,,,,,,,,,,,,,,0,92,0.0
P51957,0.5833333333333334,0.10930727492823555,0.47368421052631576,0.0,0.0,0.0,0.0,0.0712025168927745,0.0,0.16666666666666666,0.0,0.0,1.0,6,92,0.06521739130434782
P52333,0.6864583333333334,0.5988135006946996,0.5696271929824561,2.875,2.875,1.0,1.0,0.7593186464769682,0.59375,0.15625,1.0,1.0,1.0,32,92,0.34782608695652173
P52564,,,,,,,,,,,,,,0,92,0.0
P53350,0.8131868131868132,0.05555555555555555,0.47368421052631576,0.0,0.0,0.0,0.0,0.02483125158639606,0.0,0.0,0.0,0.0,0.0,1,92,0.010869565217391304
P53355,0.3816091954022989,0.05948504983388704,0.47368421052631576,0.0,0.0,0.0,0.0,0.027516792450276994,0.0,0.0,0.0,0.0,0.0,5,92,0.05434782608695652
P53667,0.5346565847511027,0.32126806265835905,0.5350379730043445,0.0,1.6,0.0,0.4,0.3934047405672254,0.34782608695652173,0.17391304347826086,0.0,1.0,1.0,23,92,0.25
P53671,0.6066217732884399,0.21930131504949218,0.5581841809911985,0.0,1.6727272727272728,0.0,0.2,0.2860667479921253,0.2727272727272727,0.2727272727272727,0.0,1.0,1.0,11,92,0.11956521739130435
P53778,0.10989010989010994,0.012195121951219513,0.47368421052631576,0.0,0.0,0.0,0.0,1.9962083033567327e-08,0.0,0.0,0.0,0.0,0.0,1,92,0.010869565217391304
P53779,0.40731707317073174,0.09687317195923323,0.47368421052631576,0.0,0.0,0.0,0.0,0.025395328059663,0.0,0.0,0.0,0.0,0.0,10,92,0.10869565217391304
P54646,0.51460564751704,0.16405648274623746,0.48290883001076207,0.0,0.0,0.0,0.0,0.09880208488586616,0.23076923076923078,0.15384615384615385,0.0,0.0,1.0,13,92,0.14130434782608695
P54753,0.5368217054263565,0.0862815476929933,0.47368421052631576,0.0,0.0,0.0,0.0,0.02172419407978548,0.0,0.0,0.0,0.0,0.0,6,92,0.06521739130434782
P54756,0.5126582278481013,0.14606994229232845,0.47368421052631576,0.0,0.0,0.0,0.0,0.01820209438782955,0.0,0.0,0.0,0.0,0.0,13,92,0.14130434782608695
P54760,0.3615023474178404,0.20582568860532857,0.5065127607751774,0.0,0.8761904761904763,0.0,0.2,0.2040843159751778,0.14285714285714285,0.14285714285714285,0.0,1.0,1.0,21,92,0.22826086956521738
P54762,0.28370221327967804,0.1692175345906617,0.48462706060926963,0.0,0.8761904761904763,0.0,0.2,0.10124163694117347,0.09523809523809523,0.047619047619047616,0.0,1.0,1.0,21,92,0.22826086956521738
P54764,0.5063291139240507,0.14849605170446808,0.4782965202685389,0.0,0.0,0.0,0.0,0.05321137772740552,0.07692307692307693,0.07692307692307693,0.0,0.0,1.0,13,92,0.14130434782608695
P57059,0.3956862745098039,0.17259208141788,0.4984520123839009,0.0,1.0823529411764707,0.0,0.2,0.14539764304001118,0.17647058823529413,0.11764705882352941,0.0,1.0,1.0,17,92,0.18478260869565216
P57078,0.3076923076923077,0.015625,0.47368421052631576,0.0,0.0,0.0,0.0,1.1247755299890898e-06,0.0,0.0,0.0,0.0,0.0,1,92,0.010869565217391304
P68400,0.5,0.046153846153846156,0.47368421052631576,0.0,0.0,0.0,0.0,0.026414965463321834,0.0,0.0,0.0,0.0,0.0,2,92,0.021739130434782608
P78362,0.5055555555555555,0.510989010989011,0.7368421052631579,46.0,9.200000000000001,1.0,0.5,0.5541347978942555,0.5,0.5,1.0,1.0,1.0,2,92,0.021739130434782608
P78368,0.6629213483146067,0.06020603937270604,0.47368421052631576,0.0,0.0,0.0,0.0,0.0020769521188436922,0.0,0.0,0.0,0.0,0.0,3,92,0.03260869565217391
P80192,0.3018292682926829,0.18009084111382265,0.5263157894736842,9.200000000000001,1.84,1.0,0.19999999999999998,0.23352079018539068,0.1,0.1,1.0,1.0,1.0,10,92,0.10869565217391304
Q00526,0.5943775100401607,0.15485755451430508,0.4990488268864933,0.0,0.0,0.0,0.0,0.12872746244890243,0.1111111111111111,0.2222222222222222,0.0,0.0,1.0,9,92,0.09782608695652174
Q00534,0.5597560975609757,0.2607514286082899,0.5673940949935815,9.200000000000001,1.84,1.0,0.19999999999999998,0.3340995432179843,0.3,0.3,1.0,1.0,1.0,10,92,0.10869565217391304
Q00535,0.6741573033707865,0.07474747474747476,0.47368421052631576,0.0,0.0,0.0,0.0,0.05062845410555167,0.0,0.0,0.0,0.0,0.0,3,92,0.03260869565217391
Q00536,0.5632183908045978,0.07321948612271192,0.47368421052631576,0.0,0.0,0.0,0.0,0.0021181521828652697,0.0,0.0,0.0,0.0,0.0,5,92,0.05434782608695652
Q00537,0.6136363636363636,0.09310107995452824,0.47368421052631576,0.0,0.0,0.0,0.0,0.0612111262095335,0.0,0.25,0.0,0.0,1.0,4,92,0.043478260869565216
Q02156,0.554263565891473,0.18212826231354282,0.5879232966136271,0.0,3.066666666666667,0.0,0.2,0.2837732933570237,0.3333333333333333,0.3333333333333333,0.0,1.0,1.0,6,92,0.06521739130434782
Q02750,0.6241480038948393,0.21704090019880662,0.5039204632808897,0.0,1.4153846153846155,0.0,0.19999999999999998,0.17045659923353113,0.15384615384615385,0.07692307692307693,0.0,1.0,1.0,13,92,0.14130434782608695
Q02763,0.5238558909444986,0.17105518390218144,0.4987956746784195,0.0,1.4153846153846155,0.0,0.19999999999999998,0.13644951977137776,0.15384615384615385,0.07692307692307693,0.0,1.0,1.0,13,92,0.14130434782608695
Q02779,0.5123456790123456,0.14813549861678205,0.4748656152164924,0.0,0.0,0.0,0.0,0.0896401653806258,0.18181818181818182,0.18181818181818182,0.0,0.0,1.0,11,92,0.11956521739130435
Q04759,0.7727272727272727,0.17795883361921097,0.5753588516746412,0.0,4.6000000000000005,0.0,0.25,0.25205265913402997,0.25,0.25,0.0,1.0,1.0,4,92,0.043478260869565216
Q04771,0.5056818181818181,0.06569782168186424,0.48564593301435405,0.0,0.0,0.0,0.0,0.05910833505244094,0.0,0.25,0.0,0.0,1.0,4,92,0.043478260869565216
Q04912,0.6046511627906976,0.10392437423687423,0.4900040799673603,0.0,0.0,0.0,0.0,0.06965658171259412,0.0,0.16666666666666666,0.0,0.0,1.0,6,92,0.06521739130434782
Q05397,0.6484907497565725,0.3360548831592156,0.5895044329421412,7.0769230769230775,2.830769230769231,1.0,0.39999999999999997,0.4347727984616756,0.3076923076923077,0.3076923076923077,1.0,1.0,1.0,13,92,0.14130434782608695
Q05513,,,,,,,,,,,,,,0,92,0.0
Q05655,0.5505952380952381,0.10009935283046148,0.47368421052631576,0.0,0.0,0.0,0.0,0.005780076102684503,0.0,0.0,0.0,0.0,0.0,8,92,0.08695652173913043
Q06187,0.6439393939393939,0.4208437741421457,0.5141700404858299,3.5384615384615388,1.4153846153846155,1.0,0.39999999999999997,0.4280085715842487,0.4230769230769231,0.11538461538461539,1.0,1.0,1.0,26,92,0.2826086956521739
Q06418,0.524390243902439,0.1403621824479292,0.49550706033376124,0.0,0.0,0.0,0.0,0.10614813925515275,0.2,0.2,0.0,0.0,1.0,10,92,0.10869565217391304
Q07002,0.8707865168539326,0.11309523809523808,0.47368421052631576,0.0,0.0,0.0,0.0,0.08130574000305504,0.0,0.0,0.0,0.0,0.0,2,91,0.02197802197802198
Q07912,0.42792022792022794,0.27074890311542055,0.4901784375468586,0.0,0.6814814814814815,0.0,0.2,0.21224330431876046,0.18518518518518517,0.07407407407407407,0.0,1.0,1.0,27,92,0.29347826086956524
Q08345,0.5290642722117203,0.5449386071047522,0.5060193015620337,2.0,1.2,1.0,0.6,0.5659876568530828,0.5217391304347826,0.10869565217391304,1.0,1.0,1.0,46,92,0.5
Q08881,0.3822916666666667,0.1071716974182888,0.47368421052631576,0.0,0.0,0.0,0.0,0.0014714215013084675,0.0,0.0,0.0,0.0,0.0,12,92,0.13043478260869565
Q09013,,,,,,,,,,,,,,0,92,0.0
Q12852,0.39375000000000004,0.0962281847199768,0.47368421052631576,0.0,0.0,0.0,0.0,0.004931490108698796,0.0,0.0,0.0,0.0,0.0,4,44,0.09090909090909091
Q12866,0.46833881578947373,0.21127903077504917,0.5204293628808865,0.0,1.1500000000000001,0.0,0.2,0.25304338835587037,0.25,0.1875,0.0,1.0,1.0,16,92,0.17391304347826086
Q13043,0.572541382667965,0.20051540452707586,0.513657561625583,0.0,1.4153846153846155,0.0,0.19999999999999998,0.1922462457655271,0.23076923076923078,0.15384615384615385,0.0,1.0,1.0,13,92,0.14130434782608695
Q13131,0.6043290043290044,0.21379509038624295,0.4800637958532695,0.0,0.0,0.0,0.0,0.10951031311916921,0.2,0.13333333333333333,0.0,0.0,1.0,15,92,0.16304347826086957
Q13153,0.23076923076923073,0.014084507042253521,0.47368421052631576,0.0,0.0,0.0,0.0,2.435719498356896e-07,0.0,0.0,0.0,0.0,0.0,1,92,0.010869565217391304
Q13163,0.606425702811245,0.3195235271861283,0.5906432748538012,10.222222222222221,4.088888888888889,1.0,0.4,0.41267272151505174,0.2222222222222222,0.2222222222222222,1.0,1.0,1.0,9,92,0.09782608695652174
Q13164,,,,,,,,,,,,,,0,92,0.0
Q13177,0.20879120879120883,0.0136986301369863,0.47368421052631576,0.0,0.0,0.0,0.0,1.5678656468314228e-07,0.0,0.0,0.0,0.0,0.0,1,92,0.010869565217391304
Q13188,0.5431547619047619,0.11118228097238943,0.50031328320802,0.0,0.0,0.0,0.0,0.08169932176985899,0.125,0.125,0.0,0.0,1.0,8,92,0.08695652173913043
Q13233,0.638888888888889,0.04583333333333334,0.47368421052631576,0.0,0.0,0.0,0.0,0.008928447917576427,0.0,0.0,0.0,0.0,0.0,2,92,0.021739130434782608
Q13237,0.6441947565543071,0.10097731616718958,0.4914251921939681,0.0,0.0,0.0,0.0,0.1016727445638343,0.0,0.3333333333333333,0.0,0.0,1.0,3,92,0.03260869565217391
Q13464,0.8409090909090909,0.2896428571428571,0.7188995215311005,0.0,9.200000000000001,0.0,0.5,0.4074828212322413,0.25,0.75,0.0,1.0,1.0,4,92,0.043478260869565216
Q13470,0.5411184210526316,0.26038690023242717,0.5221606648199446,5.75,1.1500000000000001,1.0,0.2,0.2905533477114338,0.1875,0.125,1.0,1.0,1.0,16,92,0.17391304347826086
Q13554,0.565546218487395,0.1212148326804764,0.48695267580716495,0.0,0.0,0.0,0.0,0.08313432591397717,0.0,0.14285714285714285,0.0,0.0,1.0,7,92,0.07608695652173914
Q13555,0.48314606741573035,0.04147403982930299,0.47368421052631576,0.0,0.0,0.0,0.0,0.0006137731572109363,0.0,0.0,0.0,0.0,0.0,3,92,0.03260869565217391
Q13557,0.5125541125541125,0.23231975410808106,0.5347459557985874,0.0,2.4533333333333336,0.0,0.4000000000000001,0.31291582852975347,0.2,0.13333333333333333,0.0,1.0,1.0,15,92,0.16304347826086957
Q13627,0.6903409090909091,0.09996656460071093,0.48564593301435405,0.0,0.0,0.0,0.0,0.07907767396751325,0.0,0.25,0.0,0.0,1.0,4,92,0.043478260869565216
Q13873,0.6364942528735632,0.0994668911335578,0.47368421052631576,0.0,0.0,0.0,0.0,0.06783133824509573,0.0,0.0,0.0,0.0,0.0,4,91,0.04395604395604396
Q13882,0.5971509971509972,0.5106260407873031,0.6056380266906582,3.407407407407407,2.725925925925926,1.0,0.8,0.7566671329297385,0.4444444444444444,0.25925925925925924,1.0,1.0,1.0,27,92,0.29347826086956524
Q13976,0.6404494382022472,0.10081908831908831,0.4914251921939681,0.0,0.0,0.0,0.0,0.1016727411184063,0.0,0.3333333333333333,0.0,0.0,1.0,3,92,0.03260869565217391
Q14012,0.8901098901098901,0.09090909090909091,0.47368421052631576,0.0,0.0,0.0,0.0,0.11373170566088703,0.0,0.0,0.0,0.0,0.0,1,92,0.010869565217391304
Q14164,0.5795454545454546,0.06202696552508817,0.47368421052631576,0.0,0.0,0.0,0.0,0.010433208443559074,0.0,0.0,0.0,0.0,0.0,4,92,0.043478260869565216
Q14289,0.5161411411411412,0.2582884415511773,0.5163584637268848,5.111111111111111,1.0222222222222221,1.0,0.2,0.2771373379588587,0.16666666666666666,0.1111111111111111,1.0,1.0,1.0,18,92,0.1956521739130435
Q14680,0.5622489959839357,0.12427947518080346,0.48284365532304657,0.0,0.0,0.0,0.0,0.057956887637963014,0.1111111111111111,0.1111111111111111,0.0,0.0,1.0,9,92,0.09782608695652174
Q15139,0.5707317073170732,0.17565750263725405,0.521181001283697,0.0,1.84,0.0,0.19999999999999998,0.19557454113988135,0.2,0.2,0.0,1.0,1.0,10,92,0.10869565217391304
Q15208,0.7134146341463414,0.2804689195332234,0.5879332477535302,0.0,1.84,0.0,0.19999999999999998,0.3452407526324475,0.4,0.4,0.0,1.0,1.0,10,92,0.10869565217391304
Q15303,0.6350446428571429,0.4000511166838454,0.5118656015037594,0.0,1.3142857142857143,0.0,0.4,0.333369197419763,0.39285714285714285,0.17857142857142858,0.0,1.0,1.0,28,92,0.30434782608695654
Q15349,0.5233690360272639,0.1578967839980611,0.47368421052631576,0.0,0.0,0.0,0.0,0.052918758373994304,0.15384615384615385,0.07692307692307693,0.0,0.0,1.0,13,92,0.14130434782608695
Q15375,0.4826038159371493,0.18537834416612614,0.5404335755212948,0.0,1.6727272727272728,0.0,0.2,0.26209834925487324,0.2727272727272727,0.2727272727272727,0.0,1.0,1.0,11,92,0.11956521739130435
Q15418,0.394912985274431,0.09279400357972276,0.48284365532304657,0.0,0.0,0.0,0.0,0.051551122221648725,0.1111111111111111,0.1111111111111111,0.0,0.0,1.0,9,92,0.09782608695652174
Q15569,0.4482758620689655,0.06026623376623376,0.47368421052631576,0.0,0.0,0.0,0.0,0.005802050851361598,0.0,0.0,0.0,0.0,0.0,5,92,0.05434782608695652
Q15746,0.4712182061579651,0.10276452270661698,0.47368421052631576,0.0,0.0,0.0,0.0,0.024972203735133588,0.0,0.0,0.0,0.0,0.0,9,92,0.09782608695652174
Q15759,0.8488372093023256,0.6532210401891252,0.8041615667074664,15.333333333333334,9.2,1.0,0.6,0.7479981200111445,0.6666666666666666,0.6666666666666666,1.0,1.0,1.0,6,92,0.06521739130434782
Q15831,0.6666666666666666,0.20214752567693745,0.6294106051645969,0.0,6.133333333333334,0.0,0.33333333333333337,0.3282063580700882,0.3333333333333333,0.3333333333333333,0.0,1.0,1.0,3,92,0.03260869565217391
Q15835,0.797752808988764,0.10337475633528265,0.4914251921939681,0.0,0.0,0.0,0.0,0.08027517120455759,0.0,0.3333333333333333,0.0,0.0,1.0,3,92,0.03260869565217391
Q16288,0.6294642857142857,0.5578078376055827,0.5525271512113618,2.5555555555555554,2.0444444444444443,1.0,0.8,0.7280735807854353,0.4722222222222222,0.16666666666666666,1.0,1.0,1.0,36,92,0.391304347826087
Q16512,0.7871485943775101,0.22428632732554302,0.5082082716832241,0.0,2.0444444444444443,0.0,0.2,0.1636883326675302,0.1111111111111111,0.2222222222222222,0.0,1.0,1.0,9,92,0.09782608695652174
Q16513,0.59375,0.1166086541086541,0.5604066985645934,0.0,4.6000000000000005,0.0,0.25,0.17885333967475636,0.25,0.25,0.0,1.0,1.0,4,92,0.043478260869565216
Q16539,0.6891133557800225,0.3546948421417689,0.6361273554256011,0.0,5.018181818181818,0.0,0.6,0.49635597481417804,0.45454545454545453,0.36363636363636365,0.0,1.0,1.0,11,92,0.11956521739130435
Q16566,,,,,,,,,,,,,,0,92,0.0
Q16584,0.4948051948051948,0.24697884552158111,0.5010252904989747,0.0,0.8363636363636364,0.0,0.2,0.20724488758824458,0.18181818181818182,0.09090909090909091,0.0,1.0,1.0,22,92,0.2391304347826087
Q16620,0.6026785714285714,0.3809298450975937,0.509515977443609,0.0,1.3142857142857143,0.0,0.4,0.36265549801934704,0.39285714285714285,0.10714285714285714,0.0,1.0,1.0,28,92,0.30434782608695654
Q16644,,,,,,,,,,,,,,0,92,0.0
Q16816,0.35851648351648346,0.12406305949988672,0.47368421052631576,0.0,0.0,0.0,0.0,0.03409320012828346,0.07142857142857142,0.07142857142857142,0.0,0.0,1.0,14,92,0.15217391304347827
Q16832,0.5764392839864538,0.5384789798738617,0.5375958037328444,2.358974358974359,1.4153846153846152,1.0,0.6,0.6384968460921766,0.5128205128205128,0.1794871794871795,1.0,1.0,1.0,39,92,0.42391304347826086
Q32MK0,0.945054945054945,0.16666666666666666,0.7108155002891845,0.0,0.0,0.0,0.0,0.3372413183257586,0.0,1.0,0.0,0.0,1.0,1,92,0.010869565217391304
Q52WX2,0.17582417582417587,0.013157894736842105,0.47368421052631576,0.0,0.0,0.0,0.0,8.04447606682351e-08,0.0,0.0,0.0,0.0,0.0,1,92,0.010869565217391304
Q5S007,0.43005671077504726,0.22159398707212086,0.47368421052631576,0.0,0.0,0.0,0.0,0.07539711741408642,0.17391304347826086,0.043478260869565216,0.0,0.0,1.0,23,92,0.25
Q5TCX8,0.5113636363636364,0.07487139454352569,0.48564593301435405,0.0,0.0,0.0,0.0,0.06344245741886276,0.0,0.25,0.0,0.0,1.0,4,92,0.043478260869565216
Q5TCY1,,,,,,,,,,,,,,0,92,0.0
Q5VT25,0.7611111111111111,0.12439024390243902,0.6198830409356725,0.0,9.200000000000001,0.0,0.5,0.2323493018793292,0.0,0.5,0.0,1.0,1.0,2,92,0.021739130434782608
Q6DT37,0.7598204264870931,0.25807454819082726,0.5345265520704118,0.0,1.6727272727272728,0.0,0.2,0.22842431440209096,0.2727272727272727,0.2727272727272727,0.0,1.0,1.0,11,92,0.11956521739130435
Q6IQ55,,,,,,,,,,,,,,0,92,0.0
Q6P2M8,,,,,,,,,,,,,,0,92,0.0
Q6P3R8,0.5318352059925093,0.045146520146520146,0.47368421052631576,0.0,0.0,0.0,0.0,0.00280318456875344,0.0,0.0,0.0,0.0,0.0,3,92,0.03260869565217391
Q6P5Z2,0.7727272727272727,0.13460992907801417,0.5305023923444976,0.0,0.0,0.0,0.0,0.14605726653572892,0.0,0.25,0.0,0.0,1.0,4,92,0.043478260869565216
Q6PHR2,0.5682926829268292,0.15023721479176813,0.5006418485237484,0.0,1.84,0.0,0.19999999999999998,0.1224159035909201,0.1,0.1,0.0,1.0,1.0,10,92,0.10869565217391304
Q6SA08,,,,,,,,,,,,,,0,7,0.0
Q6VAB6,,,,,,,,,,,,,,0,82,0.0
Q6XUX3,,,,,,,,,,,,,,0,92,0.0
Q76MJ5,0.6,0.08555514959607032,0.47368421052631576,0.0,0.0,0.0,0.0,0.03154120415248954,0.0,0.0,0.0,0.0,0.0,5,92,0.05434782608695652
Q7KZI7,0.7351190476190477,0.18918749576644311,0.5034461152882206,0.0,0.0,0.0,0.0,0.13488376559100032,0.125,0.25,0.0,0.0,1.0,8,92,0.08695652173913043
Q7L7X3,0.49390243902439024,0.13410094362476546,0.4942233632862644,0.0,0.0,0.0,0.0,0.10233028524934716,0.1,0.1,0.0,0.0,1.0,10,92,0.10869565217391304
Q86SG6,0.5714285714285714,0.5263157894736842,0.7368421052631579,22.0,7.333333333333333,1.0,0.5,0.6117194397952196,0.5,0.5,1.0,1.0,1.0,2,44,0.045454545454545456
Q86UE8,,,,,,,,,,,,,,0,92,0.0
Q86UX6,0.19780219780219777,0.013513513513513514,0.47368421052631576,0.0,0.0,0.0,0.0,1.2565232026761767e-07,0.0,0.0,0.0,0.0,0.0,1,92,0.010869565217391304
Q86V86,0.5482954545454546,0.13140756302521006,0.5753588516746412,0.0,4.6000000000000005,0.0,0.25,0.22211838521516225,0.25,0.25,0.0,1.0,1.0,4,92,0.043478260869565216
Q86Y07,,,,,,,,,,,,,,0,92,0.0
Q86YV6,0.46899224806201556,0.0842606733594173,0.4900040799673603,0.0,0.0,0.0,0.0,0.06524831182373692,0.0,0.16666666666666666,0.0,0.0,1.0,6,92,0.06521739130434782
Q86Z02,0.7444444444444445,0.09523809523809523,0.5614035087719298,0.0,0.0,0.0,0.0,0.15043876517555768,0.0,0.5,0.0,0.0,1.0,2,92,0.021739130434782608
Q8IU85,0.5170454545454546,0.06238971601874828,0.47368421052631576,0.0,0.0,0.0,0.0,0.031276338012810954,0.0,0.0,0.0,0.0,0.0,4,92,0.043478260869565216
Q8IVH8,0.6283783783783784,0.4695316760194621,0.6467520151730678,5.111111111111111,4.088888888888889,1.0,0.8,0.6872009464151214,0.3888888888888889,0.3888888888888889,1.0,1.0,1.0,18,92,0.1956521739130435
Q8IVT5,,,,,,,,,,,,,,0,59,0.0
Q8IW41,,,,,,,,,,,,,,0,92,0.0
Q8IWQ3,0.5827586206896551,0.07267917267917268,0.47368421052631576,0.0,0.0,0.0,0.0,0.008400077839817494,0.0,0.0,0.0,0.0,0.0,5,92,0.05434782608695652
Q8IYT8,0.7471264367816092,0.1336242556932212,0.47368421052631576,0.0,0.0,0.0,0.0,0.06608324323325086,0.0,0.0,0.0,0.0,0.0,5,92,0.05434782608695652
Q8N4C8,0.7220394736842105,0.3260106732503464,0.53601108033241,0.0,1.1500000000000001,0.0,0.2,0.30681005233113917,0.3125,0.25,0.0,1.0,1.0,16,92,0.17391304347826086
Q8N568,0.6080459770114943,0.08299319727891157,0.47368421052631576,0.0,0.0,0.0,0.0,0.03567025644419247,0.0,0.0,0.0,0.0,0.0,5,92,0.05434782608695652
Q8N5S9,0.5025210084033613,0.10793977662469276,0.5046439628482973,0.0,0.0,0.0,0.0,0.09884689492476503,0.14285714285714285,0.14285714285714285,0.0,0.0,1.0,7,92,0.07608695652173914
Q8N752,0.1648351648351648,0.012987012987012988,0.47368421052631576,0.0,0.0,0.0,0.0,6.422655517750012e-08,0.0,0.0,0.0,0.0,0.0,1,92,0.010869565217391304
Q8NE63,0.5318181818181819,0.23886812971406512,0.47368421052631576,0.0,0.0,0.0,0.0,0.010573981732867641,0.13636363636363635,0.0,0.0,0.0,0.0,22,92,0.2391304347826087
Q8NEV4,0.6033613445378151,0.13098695123323076,0.48695267580716495,0.0,0.0,0.0,0.0,0.09240432533912972,0.0,0.14285714285714285,0.0,0.0,1.0,7,92,0.07608695652173914
Q8NG66,1.0,1.0,1.0,46.0,18.400000000000002,1.0,1.0,0.9999999999999998,1.0,1.0,1.0,1.0,1.0,2,92,0.021739130434782608
Q8TD08,0.39244186046511625,0.06314948064705433,0.47368421052631576,0.0,0.0,0.0,0.0,0.0197475512556334,0.0,0.0,0.0,0.0,0.0,6,92,0.06521739130434782
Q8TD19,0.4847560975609756,0.1666184030972041,0.5468549422336328,0.0,3.68,0.0,0.39999999999999997,0.23758647676929776,0.2,0.2,0.0,1.0,1.0,10,92,0.10869565217391304
Q8TDC3,0.5596590909090909,0.05748454040456975,0.47368421052631576,0.0,0.0,0.0,0.0,0.0020476699475894394,0.0,0.0,0.0,0.0,0.0,4,92,0.043478260869565216
Q8TDR2,,,,,,,,,,,,,,0,7,0.0
Q8TDX7,,,,,,,,,,,,,,0,92,0.0
Q8TF76,0.4903100775193798,0.07261380284862382,0.47368421052631576,0.0,0.0,0.0,0.0,0.016050442000673085,0.0,0.0,0.0,0.0,0.0,6,92,0.06521739130434782
Q8WTQ7,0.8620689655172413,0.3659147869674185,0.6926799758015729,0.0,7.36,0.0,0.39999999999999997,0.4857828828968476,0.4,0.6,0.0,1.0,1.0,5,92,0.05434782608695652
Q8WU08,,,,,,,,,,,,,,0,7,0.0
Q8WXR4,0.7149270482603816,0.2578497573854913,0.5162147793726741,0.0,1.6727272727272728,0.0,0.2,0.2448119352306632,0.18181818181818182,0.18181818181818182,0.0,1.0,1.0,11,92,0.11956521739130435
Q92630,0.40029761904761907,0.07817911431828586,0.47368421052631576,0.0,0.0,0.0,0.0,0.004436348790758861,0.0,0.0,0.0,0.0,0.0,8,92,0.08695652173913043
Q92918,0.669069935111752,0.3544230841715157,0.5325010435244564,4.842105263157895,1.936842105263158,1.0,0.4,0.3820548867242552,0.3684210526315789,0.21052631578947367,1.0,1.0,1.0,19,92,0.20652173913043478
Q96BR1,0.6055555555555555,0.04449760765550239,0.47368421052631576,0.0,0.0,0.0,0.0,0.011075808508635418,0.0,0.0,0.0,0.0,0.0,2,92,0.021739130434782608
Q96GD4,0.601297764960346,0.3209949595631755,0.5450233370014799,0.0,0.968421052631579,0.0,0.2,0.3582105104185247,0.3157894736842105,0.2631578947368421,0.0,1.0,1.0,19,92,0.20652173913043478
Q96GX5,0.1428571428571429,0.012658227848101266,0.47368421052631576,0.0,0.0,0.0,0.0,4.067738913601334e-08,0.0,0.0,0.0,0.0,0.0,1,92,0.010869565217391304
Q96KB5,,,,,,,,,,,,,,0,92,0.0
Q96L34,0.6859756097560976,0.22773531863278032,0.5147625160462131,0.0,0.0,0.0,0.0,0.18306878488300204,0.2,0.2,0.0,0.0,1.0,10,92,0.10869565217391304
Q96NX5,0.3222222222222222,0.026021080368906456,0.47368421052631576,0.0,0.0,0.0,0.0,0.0005277581735955924,0.0,0.0,0.0,0.0,0.0,2,92,0.021739130434782608
Q96PF2,0.7528089887640449,0.38404452690166974,0.6491228070175439,30.666666666666668,6.133333333333334,1.0,0.33333333333333337,0.4120834321435204,0.3333333333333333,0.3333333333333333,1.0,1.0,1.0,3,92,0.03260869565217391
Q96PN8,,,,,,,,,,,,,,0,92,0.0
Q96PY6,0.554263565891473,0.12910915319003552,0.5410036719706243,0.0,3.066666666666667,0.0,0.2,0.1783346017625675,0.16666666666666666,0.16666666666666666,0.0,1.0,1.0,6,92,0.06521739130434782
Q96Q40,0.5957446808510638,0.05,0.47368421052631576,0.0,0.0,0.0,0.0,0.0003646125633129285,0.0,0.0,0.0,0.0,0.0,1,48,0.020833333333333332
Q96QT4,,,,,,,,,,,,,,0,92,0.0
Q96RG2,0.31868131868131866,0.015873015873015872,0.47368421052631576,0.0,0.0,0.0,0.0,1.398527195042397e-06,0.0,0.0,0.0,0.0,0.0,1,92,0.010869565217391304
Q96RR4,0.5325490196078431,0.25248577132648864,0.5294117647058824,0.0,2.1647058823529415,0.0,0.4,0.30746983007068573,0.23529411764705882,0.17647058823529413,0.0,1.0,1.0,17,92,0.18478260869565216
Q96S53,0.3394886363636364,0.0396630597170856,0.47368421052631576,0.0,0.0,0.0,0.0,1.858873997868106e-05,0.0,0.0,0.0,0.0,0.0,4,92,0.043478260869565216
Q96SB4,0.6,0.5135135135135135,0.7368421052631579,46.0,9.200000000000001,1.0,0.5,0.5541348671778791,0.5,0.5,1.0,1.0,1.0,2,92,0.021739130434782608
Q99640,0.5175438596491229,0.16193149621469693,0.47368421052631576,0.0,0.0,0.0,0.0,0.013467743285391933,0.0,0.16666666666666666,0.0,0.0,1.0,6,44,0.13636363636363635
Q99683,,,,,,,,,,,,,,0,92,0.0
Q99759,0.38181818181818183,0.13753064406394572,0.47368421052631576,0.0,0.0,0.0,0.0,0.051247031787799095,0.13333333333333333,0.06666666666666667,0.0,0.0,1.0,15,92,0.16304347826086957
Q99986,0.6813186813186813,0.03333333333333333,0.47368421052631576,0.0,0.0,0.0,0.0,0.0018283356174860813,0.0,0.0,0.0,0.0,0.0,1,92,0.010869565217391304
Q9BQI3,0.5503875968992248,0.13441520814402172,0.5410036719706243,0.0,3.066666666666667,0.0,0.2,0.19383497873911656,0.16666666666666666,0.16666666666666666,0.0,1.0,1.0,6,92,0.06521739130434782
Q9BUB5,0.23065476190476192,0.06823684317922407,0.4768170426065163,0.0,0.0,0.0,0.0,0.04163944456027968,0.0,0.125,0.0,0.0,1.0,8,92,0.08695652173913043
Q9BWU1,0.4942857142857143,0.2599432237658982,0.4962406015037594,0.0,1.5,0.0,0.3333333333333333,0.17675863299648922,0.3,0.3,0.0,1.0,1.0,10,45,0.2222222222222222
Q9BXA6,,,,,,,,,,,,,,0,92,0.0
Q9BXA7,0.4013157894736842,0.16371128323097,0.48753462603878117,0.0,0.0,0.0,0.0,0.11710757510916832,0.1875,0.125,0.0,0.0,1.0,16,92,0.17391304347826086
Q9BYP7,0.5611111111111111,0.2625,0.7076023391812866,0.0,9.200000000000001,0.0,0.5,0.44586521996502626,0.5,0.5,0.0,1.0,1.0,2,92,0.021739130434782608
Q9BYT3,0.4983164983164983,0.19479235870839226,0.552247622423061,0.0,1.6727272727272728,0.0,0.2,0.2843052219265305,0.2727272727272727,0.2727272727272727,0.0,1.0,1.0,11,92,0.11956521739130435
Q9BZL6,0.4988505747126437,0.0934077150616768,0.530550514216576,0.0,3.68,0.0,0.19999999999999998,0.12434561147281611,0.2,0.2,0.0,1.0,1.0,5,92,0.05434782608695652
Q9C098,0.7,0.7,0.7368421052631579,3.5,3.5,1.0,1.0,0.9456969891390388,0.5,1.0,1.0,1.0,1.0,2,7,0.2857142857142857
Q9H093,0.4095394736842105,0.1547250085581023,0.47368421052631576,0.0,0.0,0.0,0.0,0.04553687965364094,0.125,0.0625,0.0,0.0,1.0,16,92,0.17391304347826086
Q9H0K1,0.4151576123407109,0.2757832796747208,0.5238095238095238,4.380952380952381,1.7523809523809526,1.0,0.4,0.3629021157476852,0.14285714285714285,0.09523809523809523,1.0,1.0,1.0,21,92,0.22826086956521738
Q9H1R3,0.5697674418604651,0.128901480170335,0.5206038351693186,0.0,3.066666666666667,0.0,0.2,0.1472218815068918,0.16666666666666666,0.16666666666666666,0.0,1.0,1.0,6,92,0.06521739130434782
Q9H2K8,0.5777777777777777,0.0441712204007286,0.47368421052631576,0.0,0.0,0.0,0.0,0.013761058051451574,0.0,0.0,0.0,0.0,0.0,2,92,0.021739130434782608
Q9H2X6,0.6647727272727273,0.1753688921141751,0.632177033492823,0.0,4.6000000000000005,0.0,0.25,0.28865998162381346,0.25,0.5,0.0,1.0,1.0,4,92,0.043478260869565216
Q9H3Y6,0.5642570281124498,0.2758306564872163,0.5835975480870852,10.222222222222221,4.088888888888889,1.0,0.4,0.3774213018057401,0.2222222222222222,0.2222222222222222,1.0,1.0,1.0,9,92,0.09782608695652174
Q9H422,0.6555555555555556,0.04805491990846682,0.47368421052631576,0.0,0.0,0.0,0.0,0.011102655709983601,0.0,0.0,0.0,0.0,0.0,2,92,0.021739130434782608
Q9H4A3,0.967032967032967,0.25,0.8264893001735107,0.0,18.400000000000002,0.0,1.0,0.5209121260844817,0.0,1.0,0.0,1.0,1.0,1,92,0.010869565217391304
Q9H4B4,,,,,,,,,,,,,,0,92,0.0
Q9HAZ1,0.5480519480519481,0.24819672981323182,0.516518569150148,6.133333333333333,1.2266666666666668,1.0,0.20000000000000004,0.26519794723975043,0.2,0.13333333333333333,1.0,1.0,1.0,15,92,0.16304347826086957
Q9HBH9,0.4319327731092437,0.07158478154764845,0.47368421052631576,0.0,0.0,0.0,0.0,0.0040653611587887625,0.0,0.0,0.0,0.0,0.0,7,92,0.07608695652173914
Q9HBY8,0.12777777777777777,0.018483709273182956,0.47368421052631576,0.0,0.0,0.0,0.0,5.089342556160885e-08,0.0,0.0,0.0,0.0,0.0,2,92,0.021739130434782608
Q9HC98,,,,,,,,,,,,,,0,92,0.0
Q9HCP0,0.6593406593406594,0.03125,0.47368421052631576,0.0,0.0,0.0,0.0,0.001183673434070555,0.0,0.0,0.0,0.0,0.0,1,92,0.010869565217391304
Q9NQU5,0.2417582417582418,0.014285714285714285,0.47368421052631576,0.0,0.0,0.0,0.0,3.033406570381854e-07,0.0,0.0,0.0,0.0,0.0,1,92,0.010869565217391304
Q9NR20,0.8681318681318682,0.07692307692307693,0.47368421052631576,0.0,0.0,0.0,0.0,0.07363051859252952,0.0,0.0,0.0,0.0,0.0,1,92,0.010869565217391304
Q9NRH2,0.5274725274725275,0.022727272727272728,0.47368421052631576,0.0,0.0,0.0,0.0,8.715211855615444e-05,0.0,0.0,0.0,0.0,0.0,1,92,0.010869565217391304
Q9NRM7,0.625609756097561,0.17021313003257527,0.521181001283697,0.0,1.84,0.0,0.19999999999999998,0.16329590638685262,0.2,0.2,0.0,1.0,1.0,10,92,0.10869565217391304
Q9NWZ3,0.3392857142857143,0.0695052897644361,0.47368421052631576,0.0,0.0,0.0,0.0,0.0004853767392418264,0.0,0.0,0.0,0.0,0.0,8,92,0.08695652173913043
Q9NY57,0.3666666666666667,0.0264808362369338,0.47368421052631576,0.0,0.0,0.0,0.0,0.0003416839269372107,0.0,0.0,0.0,0.0,0.0,2,92,0.021739130434782608
Q9NYL2,0.5998168498168498,0.2556412978866076,0.5421245421245421,0.0,2.6285714285714286,0.0,0.4,0.28985098211977917,0.35714285714285715,0.21428571428571427,0.0,1.0,1.0,14,92,0.15217391304347827
Q9NYY3,0.41758241758241754,0.018518518518518517,0.47368421052631576,0.0,0.0,0.0,0.0,9.909688971417364e-06,0.0,0.0,0.0,0.0,0.0,1,92,0.010869565217391304
Q9NZJ5,0.8722222222222221,0.21014492753623187,0.6783625730994152,0.0,9.200000000000001,0.0,0.5,0.36339024785716756,0.0,0.5,0.0,1.0,1.0,2,92,0.021739130434782608
Q9P0L2,0.7517241379310344,0.14785771246297563,0.514821536600121,0.0,0.0,0.0,0.0,0.1332554255768299,0.0,0.4,0.0,0.0,1.0,5,92,0.05434782608695652
Q9P1W9,,,,,,,,,,,,,,0,92,0.0
Q9P289,0.4160919540229886,0.075330571068276,0.5184513006654567,0.0,0.0,0.0,0.0,0.09948256964387435,0.0,0.2,0.0,0.0,1.0,5,92,0.05434782608695652
Q9P2K8,0.8781609195402299,0.2514141414141414,0.5922565033272837,0.0,3.68,0.0,0.19999999999999998,0.2742862263706756,0.2,0.6,0.0,1.0,1.0,5,92,0.05434782608695652
Q9UBE8,0.6022727272727273,0.0726390612076096,0.47368421052631576,0.0,0.0,0.0,0.0,0.015219865070723886,0.0,0.0,0.0,0.0,0.0,4,92,0.043478260869565216
Q9UBS0,0.6712643678160919,0.2821377179309128,0.5789473684210527,18.400000000000002,3.68,1.0,0.19999999999999998,0.31278100535446113,0.2,0.2,1.0,1.0,1.0,5,92,0.05434782608695652
Q9UEE5,0.9777777777777777,0.41666666666666663,0.8830409356725146,0.0,18.400000000000002,0.0,1.0,0.6474053909613505,0.0,1.0,0.0,1.0,1.0,2,92,0.021739130434782608
Q9UEW8,0.42648709315375977,0.14265321105144335,0.5221218028235572,0.0,1.6727272727272728,0.0,0.2,0.18655555733716048,0.18181818181818182,0.18181818181818182,0.0,1.0,1.0,11,92,0.11956521739130435
Q9UF33,0.4312354312354313,0.3017349514304718,0.5111029321555637,3.5384615384615388,1.4153846153846155,1.0,0.39999999999999997,0.3520145258221268,0.19230769230769232,0.07692307692307693,1.0,1.0,1.0,26,92,0.2826086956521739
Q9UHD2,0.32209737827715357,0.03461759756825707,0.47368421052631576,0.0,0.0,0.0,0.0,0.003415233880034087,0.0,0.0,0.0,0.0,0.0,3,92,0.03260869565217391
Q9UIK4,0.18181818181818182,0.032306890979564656,0.47368421052631576,0.0,0.0,0.0,0.0,7.783779182259771e-07,0.0,0.0,0.0,0.0,0.0,4,92,0.043478260869565216
Q9UK32,0.51875,0.1602545590000382,0.5120614035087719,0.0,1.5333333333333334,0.0,0.2,0.14822479047525317,0.16666666666666666,0.16666666666666666,0.0,1.0,1.0,12,92,0.13043478260869565
Q9UKE5,0.670343137254902,0.3890691270603925,0.5188338493292054,0.0,1.5333333333333334,0.0,0.4,0.37131455235691285,0.4166666666666667,0.16666666666666666,0.0,1.0,1.0,24,92,0.2608695652173913
Q9UKI8,,,,,,,,,,,,,,0,92,0.0
Q9UL54,0.4527750730282376,0.13770216737633123,0.47368421052631576,0.0,0.0,0.0,0.0,0.050432845132000526,0.07692307692307693,0.07692307692307693,0.0,0.0,1.0,13,92,0.14130434782608695
Q9UM73,0.634046052631579,0.3369896662749545,0.5576523545706371,5.75,2.3000000000000003,1.0,0.4,0.430709341240948,0.25,0.1875,1.0,1.0,1.0,16,92,0.17391304347826086
Q9UPE1,0.6923076923076923,0.034482758620689655,0.47368421052631576,0.0,0.0,0.0,0.0,0.0022723115843767835,0.0,0.0,0.0,0.0,0.0,1,92,0.010869565217391304
Q9UPZ9,0.5563025210084034,0.29159458796335386,0.6196373286156568,13.142857142857142,2.6285714285714286,1.0,0.2,0.38892934604613816,0.2857142857142857,0.42857142857142855,1.0,1.0,1.0,7,92,0.07608695652173914
Q9UQB9,0.5716966966966968,0.28101940166518324,0.5278172909751857,0.0,2.0444444444444443,0.0,0.4,0.3619184828351941,0.2777777777777778,0.16666666666666666,0.0,1.0,1.0,18,92,0.1956521739130435
Q9UQM7,0.477056277056277,0.18680144733465068,0.5042150831624516,0.0,1.2266666666666668,0.0,0.20000000000000004,0.17779885439493862,0.06666666666666667,0.06666666666666667,0.0,1.0,1.0,15,92,0.16304347826086957
Q9Y243,0.6277777777777778,0.5144927536231884,0.7368421052631579,46.0,9.200000000000001,1.0,0.5,0.5541350068036115,0.5,0.5,1.0,1.0,1.0,2,92,0.021739130434782608
Q9Y2H1,0.5329268292682927,0.13229651143071802,0.48267008985879334,0.0,0.0,0.0,0.0,0.08110269051002487,0.2,0.2,0.0,0.0,1.0,10,92,0.10869565217391304
Q9Y2K2,0.5831932773109243,0.3344251170071858,0.6550199026979213,13.142857142857142,5.257142857142857,1.0,0.4,0.4645269542078116,0.42857142857142855,0.42857142857142855,1.0,1.0,1.0,7,92,0.07608695652173914
Q9Y2U5,0.32530120481927705,0.07800997413376426,0.47368421052631576,0.0,0.0,0.0,0.0,0.008259143491505173,0.0,0.0,0.0,0.0,0.0,9,92,0.09782608695652174
Q9Y3S1,,,,,,,,,,,,,,0,92,0.0
Q9Y463,0.6798319327731093,0.2793564884764183,0.6284829721362228,0.0,5.257142857142857,0.0,0.4,0.40744598849868224,0.2857142857142857,0.42857142857142855,0.0,1.0,1.0,7,92,0.07608695652173914
Q9Y4K4,0.46980392156862744,0.1807304706249457,0.4757481940144479,0.0,0.0,0.0,0.0,0.06751522406855515,0.17647058823529413,0.058823529411764705,0.0,0.0,1.0,17,92,0.18478260869565216
Q9Y572,0.7434895833333334,0.5128716715496854,0.5805921052631579,0.0,2.4444444444444446,0.0,0.6666666666666666,0.5232383470244606,0.5,0.4166666666666667,0.0,1.0,1.0,12,44,0.2727272727272727
Q9Y5S2,0.6477272727272727,0.15280990938885675,0.5753588516746412,0.0,4.6000000000000005,0.0,0.25,0.24257886367125592,0.25,0.25,0.0,1.0,1.0,4,92,0.043478260869565216
Q9Y6E0,0.4168067226890756,0.0874360403251139,0.5046439628482973,0.0,0.0,0.0,0.0,0.08524074254632637,0.14285714285714285,0.14285714285714285,0.0,0.0,1.0,7,92,0.07608695652173914
Q9Y6M4,0.6,0.03963893249607535,0.47368421052631576,0.0,0.0,0.0,0.0,0.0024335215571073274,0.0,0.0,0.0,0.0,0.0,2,92,0.021739130434782608
