UNIPROT,mp_AK,mp_RTM,n,n_pdb,in_pdb
A0A0B4J2F2,0.7590504027395791,0.8917113506186132,92,0,False
A2RU49,0.7313612426718299,0.7088288611225099,91,0,False
A4D2B8,0.7221125240465709,0.9687986455259939,92,0,False
A4QPH2,0.6430357804891742,0.6632604798258626,92,0,False
A5A6K4,0.7922522249208855,0.5214888805333495,92,0,False
O00141,0.3540524814307972,0.22004487818020527,92,2,True
O00142,0.8595500812688065,0.867095613803213,90,0,False
O00238,0.4396745915369825,0.2179748840490218,92,0,False
O00311,0.4584611855441848,0.3905053652439313,92,0,False
O00329,0.36470531891886065,0.23938686198911305,92,9,True
O00418,0.7082310186806603,0.7919686061411082,92,0,False
O00443,0.5912647952128559,0.7800861324634683,92,1,True
O00444,0.22349743594714008,0.22342618169160125,92,1,True
O00506,0.39622609737617415,0.22238355559515838,92,0,False
O00746,0.9570615893461017,0.7775071768196417,92,0,False
O00750,0.4573920467159122,0.9414275727773894,92,0,False
O00764,0.5064278431155873,0.6846968851530104,92,2,True
O14578,0.29707252542999046,0.7263257845796037,92,0,False
O14730,0.891765513366343,0.9366614868166103,92,0,False
O14733,0.16096584508170683,0.16021338727913564,92,10,True
O14757,0.2444067838367184,0.1631979359762275,92,90,True
O14874,0.6616473438759155,0.685946876903051,92,0,False
O14920,0.33323973676633656,0.657790158310574,92,0,False
O14936,0.38016393877867943,0.3126493738220053,92,0,False
O14965,0.17440360671951913,0.04789021533297722,92,95,True
O14976,0.3292346155183375,0.24227233164369116,92,3,True
O14986,0.9845806316966973,0.7564884898882007,91,0,False
O15021,0.7471931520434795,0.6830256855315398,92,0,False
O15075,0.3769382995426796,0.25827274630652214,92,1,True
O15111,0.3764693410564074,0.30447861962369255,92,0,False
O15146,0.3869893362984801,0.4581760687218789,92,0,False
O15264,0.38442279103903965,0.414791653658152,92,4,True
O15530,0.2752528686979963,0.09456929839150015,92,43,True
O43252,0.6956453649458777,0.5828433192741901,92,0,False
O43283,0.54269072981073,0.678679984715761,92,0,False
O43293,0.6456638692339067,0.49296361132428596,92,2,True
O43314,0.5804928982533383,0.6731604357777652,92,5,True
O43318,0.1600341121322628,0.12110610655754254,92,18,True
O43353,0.27015169867837985,0.12653694032581284,92,15,True
O43683,0.3432521301812185,0.2151522065147672,92,1,True
O43781,0.47787258019077894,0.4224904123504971,92,1,True
O43930,0.518906526496365,0.753659359078704,92,0,False
O60285,0.5111208057733839,0.45205670390105995,92,0,False
O60307,0.7012267243647549,0.6262721016079368,92,0,False
O60331,0.7874696858675173,0.8125832812494755,92,0,False
O60361,0.5333337832019702,0.5882817051165289,92,0,False
O60566,0.8467660045762165,0.9559206316094309,92,0,False
O60674,0.12443824386962701,0.05915320897482077,92,66,True
O60825,0.6005154081218927,0.6478987954892726,92,0,False
O75063,0.6854061760551079,0.9128902699041689,92,0,False
O75116,0.3541424200278013,0.23166243096097527,92,2,True
O75191,0.9085882872264683,0.613757655321348,92,1,True
O75385,0.20772972692321692,0.1700745030255448,92,4,True
O75414,0.9621821046968373,0.8363811940022924,92,0,False
O75460,0.24479493754481968,0.15043475087796535,92,7,True
O75582,0.4363673686544348,0.33155287818280443,92,0,False
O75676,0.6365817621215034,0.5073043215373214,92,0,False
O75716,0.6265606896012242,0.5516262910942593,92,0,False
O75912,0.6133131464744153,0.7995080827460284,92,0,False
O75914,0.41562390305761415,0.4193785823876654,92,0,False
O76039,0.3233538697435693,0.316939095800516,92,0,False
O94768,0.36293915186511827,0.15345673134210283,92,0,False
O94804,0.1754414620570929,0.13083543390319582,92,0,False
O94806,0.31518924244726754,0.5543215307946412,92,0,False
O94921,0.420592831764746,0.7132296883021756,92,0,False
O95340,0.6375642080269742,0.5435039873825612,92,0,False
O95382,0.29098088051106563,0.6476938372223543,92,0,False
O95544,0.8727054877373872,0.915522931357259,92,0,False
O95747,0.4481356859990753,0.3265091540718889,92,0,False
O95819,0.2376547685583253,0.25811149056077276,92,9,True
O95835,0.3660921820699798,0.640251055067803,92,0,False
O96013,0.45567238515657865,0.25597779718058744,92,12,True
O96017,0.4336950126953205,0.15250301311072878,92,30,True
P00519,0.26766493274860603,0.13115423651412988,92,20,True
P00533,0.15607309982183926,0.10557746330693037,92,82,True
P00540,0.5748824639817477,0.5059893755118073,92,0,False
P00568,0.8403937346525749,0.5652374540067059,92,0,False
P04049,0.38618190461541974,0.277286800185463,92,0,False
P04183,0.7994927498541494,0.6235730817386489,92,0,False
P04626,0.25869323836028746,0.16118894219558969,92,2,True
P04629,0.13915305307774412,0.09586727077915402,92,18,True
P05129,0.5305730093400943,0.48273202683675726,92,0,False
P05771,0.39671397016906046,0.5031529172877448,92,1,True
P06213,0.18750280169473915,0.10261049699818402,92,6,True
P06239,0.1763657202556618,0.0926294010972502,92,23,True
P06241,0.2874328636207878,0.2615043362924846,92,2,True
P06493,0.42778878192693726,0.2166607041428709,92,6,True
P06732,0.8177707625966287,0.633707788171971,92,0,False
P07205,0.8891111268808022,0.7632144184344783,92,0,False
P07332,0.36203826895745767,0.22018840053348113,92,2,True
P07333,0.12561331011124668,0.084346507359563,92,10,True
P07947,0.40889523825118584,0.36570309339568124,92,0,False
P07948,0.23365576182254924,0.16915167943982073,92,1,True
P07949,0.18951110068659796,0.07247890235065178,92,7,True
P08069,0.21708350709919125,0.19811778083852669,92,17,True
P08237,0.6748136299188056,0.8064515132885057,92,0,False
P08581,0.09186806077018303,0.1254292236638759,92,57,True
P08631,0.27825733258113095,0.18907804577904358,92,10,True
P08922,0.2581735484867072,0.2164796065050574,92,2,True
P09619,0.3939502060547479,0.43881901159511116,92,0,False
P09769,0.21180533119072162,0.21682753191245493,92,0,False
P0C1S8,0.4420398755643446,0.20451509506536522,92,1,True
P0C263,0.4903050148145122,0.8544179542301741,92,0,False
P0C264,0.35945850912971167,0.6488386154667881,92,0,False
P10398,0.460597138019159,0.6280508622351161,92,0,False
P10721,0.17454217355176313,0.16566686904415415,92,8,True
P11274,0.7491117617600452,0.9832619616416303,92,0,False
P11309,0.3314706719601908,0.36485942174883573,92,89,True
P11362,0.28921798979228547,0.0990769811351633,92,25,True
P11801,0.6450329133103275,0.6944762826271436,92,0,False
P11802,0.40965494431327654,0.572965844033991,92,0,False
P11908,0.9685976101636432,0.9726365980368975,92,0,False
P12277,0.7450305957991786,0.7332642744033724,92,0,False
P12532,0.8561664922083838,0.8307385947917362,92,0,False
P12931,0.16056154624742702,0.12018347049188913,92,38,True
P14616,0.36756469882402704,0.42019210684096364,92,0,False
P14618,0.6796003557269856,0.63776657048699,92,9,True
P15056,0.3854425616427904,0.24836688184528216,92,46,True
P15531,0.9374718535830366,0.644085676099089,92,1,True
P15735,0.408919461741584,0.21416694375834283,92,0,False
P16118,0.6587947483649422,0.5228838411006947,92,0,False
P16234,0.25211191277326306,0.2402993493123212,92,0,False
P16591,0.358158455102964,0.5236124194473101,92,0,False
P17252,0.3840367540412244,0.23509373579768483,92,1,True
P17540,0.7795989848096664,0.7079907346295857,92,0,False
P17612,0.2644552990351793,0.37701737300931865,92,20,True
P17858,0.648759643008394,0.5033454849171275,92,0,False
P17948,0.17099757969190352,0.23350004342469702,92,1,True
P19367,0.7081793278448281,0.8448218985476935,92,0,False
P19525,0.46233516148029585,0.21412245574234015,92,0,False
P19784,0.43834293087440246,0.18461921210216928,92,4,True
P20794,0.5052530027433983,0.5686597019269949,92,0,False
P21108,0.9734458136054851,0.9881369757840284,91,0,False
P21127,0.48262593584697944,0.6082923612592483,92,0,False
P21709,0.4377107349770536,0.3124144073047496,92,0,False
P21802,0.21402562552707585,0.09984368427638637,92,2,True
P21860,0.3699224115263798,0.4018305131280629,92,1,True
P22392,0.9397398606888083,0.5738443326431503,92,2,True
P22455,0.11522917604158511,0.07482848887306401,92,17,True
P22607,0.23930387753952634,0.1200948816081876,92,0,False
P22612,0.49133191942568305,0.6800061303513271,92,0,False
P22694,0.5727296335324574,0.7214843846385705,92,0,False
P23443,0.2625353791538071,0.20189737927145984,92,7,True
P23458,0.25087666926432395,0.12859737157680914,92,26,True
P23677,0.6685013184787489,0.5284630441296718,92,0,False
P23743,0.60987061737234,0.651917261565635,92,0,False
P23919,0.7525639944511542,0.5392712584185532,92,0,False
P24723,0.5631653614065002,0.2509509025749348,92,1,True
P24941,0.2828250805266871,0.11263993979409861,92,255,True
P25098,0.31410132465814095,0.3261216749052795,92,13,True
P27037,0.6242719102643136,0.2933414396460707,92,0,False
P27144,0.8568266473792151,0.7393193578648096,92,0,False
P27361,0.34961140397053214,0.23273623217777792,92,2,True
P27448,0.3274866075679417,0.2086978933860283,92,0,False
P27707,0.6025835645199388,0.5141641882963692,92,16,True
P27987,0.6819364602204716,0.6817999612946144,92,0,False
P28482,0.303594067483853,0.21546484986577533,92,55,True
P29317,0.26839550853785055,0.08780663029154301,92,30,True
P29320,0.26590438074803896,0.1877117352592459,92,1,True
P29322,0.42215984219228786,0.4287978823337243,92,0,False
P29323,0.5269930945284973,0.3502591696666321,92,1,True
P29376,0.5101504420301841,0.4681451009572872,92,0,False
P29597,0.18715598154226026,0.07606053754345185,92,19,True
P30085,0.8864115488182205,0.6486010102670642,92,0,False
P30291,0.4025359387224835,0.1701896621112271,92,11,True
P30530,0.44923270189166487,0.278176744632252,92,1,True
P30613,0.6688678849286572,0.5725799167439153,92,0,False
P31152,0.6674040797586859,0.8845796786780743,92,0,False
P31749,0.41558606704295403,0.33566086587517185,92,19,True
P31751,0.43873747240690625,0.2696257467071856,92,4,True
P32189,0.8015077301768826,0.675094055076888,92,0,False
P32298,0.31427346080523366,0.4698637417181036,92,0,False
P33076,0.5862625385943636,0.8042151271488841,92,0,False
P33981,0.2782960360296358,0.23396415072451532,92,49,True
P34925,0.9168861785976214,0.8831264676328426,90,0,False
P34947,0.3166396244148616,0.2322402612768451,92,0,False
P35557,0.6019767436443644,0.48362179684191786,92,0,False
P35558,0.6683079127965749,0.3844468095384331,92,3,True
P35590,0.6465188023060842,0.5601125665108507,92,0,False
P35626,0.39892512824273413,0.4644346406566733,92,0,False
P35790,0.5975217712125193,0.4780766488023887,92,14,True
P35916,0.32406557870819724,0.6948621478386287,92,0,False
P35968,0.19913053481334547,0.10844165018676662,92,29,True
P36507,0.252101791625253,0.21322899270137669,92,0,False
P36888,0.15495950706477768,0.22785094761530525,92,1,True
P36894,0.42731768097160666,0.4817935989518734,92,0,False
P36896,0.3439591538347472,0.37117044169772045,92,0,False
P36897,0.28098346124929696,0.16254046642447986,92,19,True
P37023,0.5268816225944221,0.4572316719930268,92,0,False
P37173,0.5378516710659447,0.10464051209533042,92,2,True
P41240,0.34537558795839784,0.21911870721228316,92,0,False
P41279,0.35022052328878794,0.3106515775412184,92,3,True
P41743,0.24852931935759898,0.3777757678725047,92,3,True
P42336,0.36008478955972306,0.15951652917726614,92,21,True
P42338,0.5289714519906484,0.917802511984673,92,0,False
P42345,0.35412777740444773,0.47023137653474045,92,0,False
P42356,0.6117783252977578,0.7963124902285589,92,0,False
P42679,0.5349517426391998,0.6105355676959974,92,0,False
P42680,0.32834234383795113,0.2946811506012021,92,0,False
P42681,0.4466544101269755,0.630344739175584,92,0,False
P42684,0.1571251614271643,0.12462359580195914,92,2,True
P42685,0.39953540325964926,0.38386925382565906,92,0,False
P43250,0.353707851206159,0.6429671105302,92,1,True
P43403,0.23039920266127892,0.3634572409003741,92,1,True
P43405,0.2289770532131999,0.16790228915592617,92,50,True
P45983,0.29476458505167236,0.15644790106735637,92,13,True
P45984,0.2494198401792618,0.16326291155187003,92,2,True
P45985,0.5025384233878561,0.36792610574276413,92,0,False
P46734,0.5218035951829809,0.643906954415065,92,0,False
P48426,0.5208340750315739,0.3906927788298247,92,0,False
P48729,0.4961608048174057,0.40047404856999824,92,1,True
P48730,0.3016892773501502,0.18353019003248489,92,20,True
P48736,0.2890415243513366,0.11856824028894437,92,63,True
P49137,0.3326399214611461,0.2547893403680045,92,14,True
P49336,0.22157136118912016,0.2313703400410296,92,21,True
P49619,0.5865480812258513,0.8819553080122159,92,0,False
P49674,0.3032285755100782,0.32790285989586715,92,1,True
P49759,0.27184584968300074,0.17052659735855477,92,9,True
P49760,0.4242037072429964,0.35717213662840125,92,4,True
P49761,0.3238327140699742,0.22927462848724509,92,4,True
P49840,0.3287254944917745,0.3214354656617348,92,0,False
P49841,0.25467406196511005,0.1976970521573228,92,45,True
P49903,0.8726201455808646,0.857558601420731,92,0,False
P50053,0.3521860623204394,0.39828226954352103,92,7,True
P50613,0.5949857889261722,0.25494990741633844,92,0,False
P50750,0.41419064126031796,0.23912526850137755,92,11,True
P51451,0.31025924870581884,0.39382228752697485,92,0,False
P51570,0.6097336877655504,0.46488850431304385,92,0,False
P51617,0.2834728150578539,0.25654536943951345,92,1,True
P51812,0.3738785840006988,0.17642606107166414,92,8,True
P51813,0.20846681378846918,0.1524576644497266,92,0,False
P51817,0.6871512700385625,0.895518926043021,92,0,False
P51955,0.25463130623955643,0.23849890317931474,92,19,True
P51956,0.3957251554631844,0.5533981163403806,92,0,False
P51957,0.4212615281412785,0.6633511002664718,92,0,False
P52333,0.1659583109202257,0.17576994674415175,92,33,True
P52429,0.8067398211493194,0.8114078893715948,92,0,False
P52564,0.3767966991572683,0.2879925323407043,92,0,False
P52789,0.6671007073092508,0.5106285587234305,92,3,True
P52790,0.7343085878698601,0.9213742834939223,92,0,False
P52824,0.617182001877099,0.7172021636932643,92,0,False
P53350,0.18599469473133756,0.2931442187399444,92,36,True
P53355,0.45099208967093757,0.3144988088180731,92,10,True
P53667,0.2786469775071064,0.16034692572006665,92,0,False
P53671,0.32929740282954656,0.24205616169718297,92,1,True
P53778,0.6319699400937112,0.9699782793902927,92,0,False
P53779,0.23714693072035772,0.13176464800640805,92,45,True
P54646,0.5056645200883225,0.48173593621010224,92,3,True
P54753,0.5661094723132652,0.3420126059235441,92,2,True
P54756,0.44746437611649137,0.38483104253036815,92,0,False
P54760,0.5802944377676397,0.24956816812568142,92,15,True
P54762,0.45657842172387963,0.14057153159932212,92,2,True
P54764,0.4587127507142154,0.4022855296282484,92,3,True
P54819,0.6930908348936501,0.5866944811367927,92,0,False
P54886,0.8218435509270133,0.7743133684488079,92,0,False
P55263,0.6249357865020724,0.47245146905376484,92,1,True
P57058,0.5149224392841445,0.5367892288579997,92,0,False
P57059,0.6636301840878048,0.7672985703948787,92,0,False
P57078,0.3832980478527417,0.5894758649999314,92,0,False
P60891,0.9016017796144525,0.7275768932726099,92,0,False
P68400,0.35913034098575675,0.2591014473987023,92,62,True
P78356,0.6038951573029276,0.5490222536774446,92,0,False
P78362,0.280959955540291,0.2706531489455908,92,1,True
P78368,0.4555887807148558,0.5122872024432134,92,0,False
P80192,0.5677628420868663,0.1558512118345899,92,1,True
Q00526,0.7073447058154679,0.8316374091813563,92,0,False
Q00534,0.41129480433823773,0.1907764577611695,92,5,True
Q00535,0.42489382307983703,0.17762885389731478,92,5,True
Q00536,0.2506151622418588,0.27039657201342354,92,0,False
Q00537,0.42286919800658923,0.6586025418101276,92,0,False
Q01415,0.6297293831308892,0.7767704674188518,92,0,False
Q01813,0.633684868246405,0.563017366851166,92,0,False
Q01973,0.40186285409621014,0.41207753850237244,92,0,False
Q01974,0.7373005646986582,0.8079678183253443,92,0,False
Q02156,0.45415628430924554,0.3803130621077994,92,0,False
Q02750,0.09667349325543216,0.06361291933914315,92,21,True
Q02763,0.2743592470226879,0.14558007660555147,92,5,True
Q02779,0.5054373707645895,0.5527318788517239,92,0,False
Q03426,0.9708633585294202,0.9431970164778316,92,0,False
Q04759,0.33193452835733867,0.19474367561023995,92,4,True
Q04771,0.27244606915210445,0.14198243776554118,92,5,True
Q04912,0.22558661140420552,0.3372944080423841,92,0,False
Q05397,0.15449357390256196,0.11388777599580092,92,17,True
Q05513,0.5553106629738681,0.7043238640921274,92,0,False
Q05655,0.6757071050223563,0.408156063982374,92,0,False
Q06187,0.16386352716675184,0.06198762424120364,92,52,True
Q06418,0.43565600249758496,0.4659699252513937,92,0,False
Q07002,0.4208177842632641,0.717845130069908,91,0,False
Q07912,0.22429695706322414,0.1257778234180487,92,2,True
Q08345,0.23814485871405128,0.24238604106814537,92,13,True
Q08881,0.1914932274882429,0.1364312616511333,92,29,True
Q09013,0.43501356459079615,0.770776965444799,92,0,False
Q12851,0.24048749475689649,0.47754195066268795,92,0,False
Q12852,0.4534314407792487,0.4242218102408174,92,5,True
Q12866,0.19919885268508558,0.23395793717600818,92,10,True
Q13043,0.19486720296748267,0.15186239040575913,92,0,False
Q13057,0.7481839436641234,0.6951176646628389,92,0,False
Q13131,0.4900052680539234,0.17479655650388548,92,0,False
Q13153,0.22035117312005437,0.12282925820293039,92,19,True
Q13163,0.36365705845463187,0.5227670389685928,92,0,False
Q13164,0.434917700755942,0.2564147853973905,92,8,True
Q13177,0.4823719902352218,0.4078314425769612,92,0,False
Q13188,0.25384741217910006,0.1788748358137808,92,1,True
Q13232,0.8998938466606038,0.6300513431869242,92,0,False
Q13233,0.4119509338943789,0.8494311938456525,92,0,False
Q13237,0.44626199768289043,0.47043357481857623,92,0,False
Q13418,0.795860327555341,0.5163337922206802,92,0,False
Q13464,0.4241436658789317,0.3113269526520723,92,18,True
Q13470,0.39135845022320614,0.4976084759636938,92,0,False
Q13523,0.41953800796099094,0.3121353081325033,92,1,True
Q13535,0.5001068664411049,0.9227749727897824,92,0,False
Q13546,0.2828057057016931,0.3323076888655953,92,11,True
Q13554,0.46231696286993545,0.4329823713192691,92,0,False
Q13555,0.6436788712199027,0.7773223677354879,92,0,False
Q13557,0.45551027915798237,0.2782314407356555,92,0,False
Q13572,0.8202651301695023,0.5388528260655642,92,0,False
Q13574,0.682190264836274,0.8202525273886967,92,0,False
Q13627,0.19849521608768386,0.3076062892067196,92,24,True
Q13670,0.6650032216640516,0.9833114249934091,92,0,False
Q13705,0.8100802418829357,0.4817521416106992,92,0,False
Q13873,0.4428222535948861,0.26600599886055937,92,0,False
Q13882,0.19976928280029477,0.11679992455761627,92,4,True
Q13976,0.35586080075306015,0.33842385733556346,92,2,True
Q14004,0.4253409413170479,0.37838480483286363,92,0,False
Q14012,0.4542643559898592,0.3110092218488806,92,0,False
Q14164,0.35354496975842176,0.5828146536828602,92,0,False
Q14289,0.24682055700239494,0.2396279797553474,92,11,True
Q14296,0.7876847247593988,0.9215440553145133,92,0,False
Q14409,0.8174636253817976,0.6948534134379376,92,0,False
Q14410,0.9162375724848164,0.8603604278638488,90,0,False
Q14680,0.20524214044144265,0.13639598936021316,92,19,True
Q15118,0.7630158031791402,0.6718279316718564,92,2,True
Q15126,0.98961738194283,0.8635150632993905,92,0,False
Q15131,0.36647923063802723,0.5187031356115179,92,0,False
Q15139,0.2951466653679291,0.4935268909592398,92,0,False
Q15208,0.6781995134044002,0.4556127291737378,92,0,False
Q15303,0.21958501562721972,0.25439701957822075,92,2,True
Q15349,0.46707424726870056,0.787231265120224,92,0,False
Q15375,0.43339182105965934,0.26156214360399993,92,0,False
Q15418,0.41190855700156087,0.21284023013891507,92,1,True
Q15569,0.4204613954532857,0.3571562372382756,92,0,False
Q15746,0.49990180646493715,0.585339394197841,92,0,False
Q15759,0.3568522346565284,0.24389460736008758,92,1,True
Q15831,0.27449777653803636,0.3754493501430013,92,0,False
Q15835,0.37360031588763065,0.6375601636116126,92,0,False
Q16288,0.18111924023162926,0.1779122977094295,92,4,True
Q16512,0.2230496283395127,0.1685725762446624,92,3,True
Q16513,0.47601466744403587,0.4063522282414727,92,0,False
Q16539,0.30488892688555075,0.23499656698232058,92,150,True
Q16566,0.6031344831719985,0.5766195820902505,92,0,False
Q16584,0.6438065792186497,0.5601708037578476,92,0,False
Q16620,0.2543034451618833,0.30661730864179537,92,3,True
Q16644,0.40144373741160716,0.2549966234859486,92,2,True
Q16659,0.40668663643458197,0.29345161178793605,92,0,False
Q16671,0.629528408630938,0.7373993588247536,92,0,False
Q16760,0.814144457793784,0.7217238038362667,92,0,False
Q16774,0.8317931713363748,0.6262726455350877,92,0,False
Q16816,0.40227468748317796,0.42583684369411146,92,0,False
Q16832,0.2532048149421717,0.27351447210731383,92,1,True
Q16854,0.8868039834866266,0.6194500058594283,92,0,False
Q16875,0.3155717758434156,0.28916319259454787,92,14,True
Q16877,0.7496977421652546,0.7587889025291151,92,0,False
Q2M2I8,0.37712132636164913,0.14193817222990476,92,0,False
Q2TB90,0.6466297175955148,0.9464408235409454,92,0,False
Q32MK0,0.5295458095318907,0.6200644399186059,92,0,False
Q38SD2,0.64324230418147,0.7554913179264081,92,0,False
Q3LXA3,0.7809296411622177,0.6938969641784072,92,0,False
Q3MIX3,0.4368891266058376,0.8080437700129705,92,0,False
Q4G0N4,0.8961765379799784,0.7320820306901915,92,0,False
Q4R7R3,0.569799097048793,0.8204656002963945,92,0,False
Q504Y2,0.6838095886114323,0.8912509663466636,92,0,False
Q52WX2,0.5107889312042481,0.8180732034346071,92,0,False
Q53H12,0.8818687604491804,0.9793942116987041,92,0,False
Q59H18,0.4044117097290045,0.19327133258016557,92,3,True
Q5EBM0,0.7707349032419036,0.8852467324036318,92,0,False
Q5JZY3,0.7069210110812341,0.6512177792675343,92,0,False
Q5KSL6,0.8223107596869391,0.8888490227078788,92,0,False
Q5MAI5,0.4237853465478992,0.7107063589872039,92,0,False
Q5RCY1,0.7409421984544625,0.5258560089124314,92,0,False
Q5S007,0.19294357958361405,0.20353865454943057,92,0,False
Q5SY16,0.7641626753465254,0.6713811409548951,92,0,False
Q5T6J7,0.9360698231640597,0.8940571294979885,91,0,False
Q5T9C9,0.6087042323791519,0.7462550743772273,92,0,False
Q5TCS8,0.6908035013550086,0.8355672886632045,92,0,False
Q5TCX8,0.6837346221543065,0.3738514519725929,92,0,False
Q5TCY1,0.38900177363206284,0.29029655438939017,92,2,True
Q5VT25,0.6375755859592808,0.6909618701003567,92,0,False
Q6A1A2,0.6577424417414065,0.5010546138985426,91,0,False
Q6DT37,0.6174727315473196,0.7305370442629671,92,0,False
Q6IQ55,0.45843701111726043,0.3095277287332007,92,0,False
Q6J9G0,0.8398568950523758,0.9962660220897773,92,0,False
Q6P0Q8,0.6433744385020408,0.6151369619774755,92,0,False
Q6P2M8,0.5250953279976409,0.6903211227649407,92,0,False
Q6P3R8,0.4095413753122177,0.4355167229286323,92,0,False
Q6P5Z2,0.5712209057718799,0.37049730016647175,92,0,False
Q6PFW1,0.8770346970576517,0.6389311466680528,92,0,False
Q6PHR2,0.20457684721366487,0.1853153161971391,92,0,False
Q6SA08,0.5232290265352725,0.8877567075847826,92,0,False
Q6VAB6,0.6117165084228997,0.4007415182507512,92,1,True
Q6XUX3,0.6765453683972911,0.8202437847699678,92,0,False
Q6ZMQ8,0.9769737992786909,0.8762122896727099,88,0,False
Q6ZN16,0.3429525894924128,0.8060117991104648,92,0,False
Q6ZS86,0.6581894257706378,0.7093750848128948,92,0,False
Q6ZWH5,0.40869555883461706,0.7290724153209015,92,0,False
Q76MJ5,0.3992402655837542,0.4189345837816155,92,0,False
Q7KZI7,0.42696215463556914,0.2631988644434146,92,1,True
Q7L7X3,0.4773175151430093,0.4415856365135255,92,0,False
Q7Z2Y5,0.3089158184802631,0.5966603845390356,92,0,False
Q7Z695,0.6211021076465566,0.9199569948035015,92,0,False
Q86SG6,0.5124920488037374,0.6065146530024411,92,0,False
Q86TB3,0.9997154084029193,0.9994664374934327,91,0,False
Q86UE8,0.41439078790993944,0.5709656042847232,92,0,False
Q86UX6,0.2963387134362968,0.8002425010913591,92,0,False
Q86V86,0.4817139767736457,0.9756515738954239,92,0,False
Q86VZ5,0.6664223837204848,0.9882744042599277,92,0,False
Q86XP1,0.6344972068658427,0.7504583715973827,92,0,False
Q86Y07,0.2791789284894596,0.3697214512478162,92,0,False
Q86YV6,0.4226942948017075,0.30119890646706066,92,0,False
Q86Z02,0.43183700532187,0.6139323456724742,92,0,False
Q8IU85,0.321069542894034,0.2971551247880104,92,0,False
Q8IV42,0.8720042134714,0.7808983604239615,92,0,False
Q8IVH8,0.29398377389076574,0.3708150562510245,92,1,True
Q8IVS8,0.9672869760837395,0.7830764961363602,92,0,False
Q8IVT5,0.6387058153811241,0.5152364896996839,92,0,False
Q8IVW4,0.5160005841445404,0.313810016311497,92,0,False
Q8IW41,0.28591392614531247,0.5008796728140792,92,0,False
Q8IWQ3,0.5594347882495991,0.7479154759187712,92,0,False
Q8IWU2,0.8896760892518795,0.8960479114290731,90,0,False
Q8IXL6,0.8380457642139038,0.8066943585464585,92,0,False
Q8IY84,0.4600399747889234,0.5733274729847557,92,0,False
Q8IYT8,0.2415597811541479,0.24400368040614298,92,3,True
Q8IZL9,0.5511472141115328,0.7222142633915327,92,0,False
Q8N0W3,0.8208891315493816,0.8909294693697819,92,0,False
Q8N165,0.4445278726230778,0.5906286530260891,92,0,False
Q8N2I9,0.7929620229715395,0.6877843385852875,92,0,False
Q8N4C8,0.37373576484460186,0.5916786734636557,92,0,False
Q8N568,0.7889633370322098,0.8610204369302533,92,0,False
Q8N5S9,0.22772288617751202,0.19079906364784008,92,0,False
Q8N752,0.5456616977049423,0.858510957290248,92,0,False
Q8NE63,0.5315894235185916,0.6029900383182325,92,0,False
Q8NEB9,0.6617114763807083,0.7377616561848473,92,8,True
Q8NER5,0.31536268834028086,0.41671772860123524,92,0,False
Q8NEV1,0.5556576610232818,0.8758204453377114,92,0,False
Q8NEV4,0.3294142100922491,0.4520076821003537,92,0,False
Q8NFD2,0.5120896971858622,0.5474434364183158,92,0,False
Q8NFU5,0.6953542044330668,0.3648433605527158,92,7,True
Q8NG66,0.33470107098675944,0.8448758614752717,92,0,False
Q8NHU3,0.8089119133656087,0.9596535534576455,92,0,False
Q8NI60,0.5216391583734578,0.30106791237172564,92,0,False
Q8TBX8,0.39878425896230835,0.512341046116168,92,0,False
Q8TCG2,0.8134170261643574,0.8032314273773639,92,0,False
Q8TCT0,0.7859495890939072,0.7339226198876123,92,0,False
Q8TD08,0.6303494568731421,0.6141552271562547,92,0,False
Q8TD19,0.4556432470559059,0.5798583484846865,92,0,False
Q8TDC3,0.4568030770059543,0.5872231778828403,92,0,False
Q8TDR2,0.28237063955903546,0.6405769499675977,92,0,False
Q8TDX7,0.5420577129530688,0.23722201451918848,92,0,False
Q8TE04,0.7372094685865733,0.8129681067958212,92,0,False
Q8TF76,0.4700509966208808,0.5370194984258191,92,10,True
Q8WTQ7,0.39928649349833634,0.8937851455624208,92,0,False
Q8WU08,0.36700690380165424,0.34817809490157836,92,0,False
Q8WXR4,0.38535024395365564,0.5502624131970693,92,0,False
Q92551,0.7375293561685099,0.798379755561048,92,0,False
Q92630,0.4446386707264081,0.9277805785810058,92,6,True
Q92772,0.3120599446468524,0.7163488758946519,92,0,False
Q92918,0.21218663778417793,0.12503751204859598,92,4,True
Q969G6,0.5855144447284619,0.6346555949551176,92,0,False
Q96BR1,0.8003783584128704,0.673324216168055,92,0,False
Q96C11,0.8484604091078267,0.9101669650868606,92,0,False
Q96C45,0.5804999197816024,0.2500807139939219,92,0,False
Q96D53,0.5900823823572137,0.6917354272388699,92,0,False
Q96DU7,0.8377366448376853,0.6816014977350667,91,0,False
Q96GD4,0.2987957021460549,0.1833757299533154,92,1,True
Q96GX5,0.5334378743466826,0.5979153538233645,92,1,True
Q96J92,0.5433723132864481,0.8123726543816777,92,0,False
Q96KB5,0.4666865144548194,0.7741276008866057,92,0,False
Q96L34,0.4433475020449322,0.24673533732458766,92,1,True
Q96L96,0.8368217009506252,0.8982421265319888,92,0,False
Q96LW2,0.752246596345368,0.7269409802379146,92,0,False
Q96M32,0.8485342867591549,0.8174603998875297,92,0,False
Q96M69,0.6398397279031723,0.7582398644183345,92,0,False
Q96MA6,0.8384122093203076,0.8798305078361679,92,0,False
Q96NX5,0.307771413640056,0.3899000253303172,92,0,False
Q96PC2,0.606766329742119,0.7639757350862958,92,0,False
Q96PF2,0.5059308210709882,0.8991780332351058,92,0,False
Q96PN8,0.5941063913789525,0.5790645195725372,92,0,False
Q96PY6,0.372753502601031,0.3235976649136297,92,0,False
Q96Q04,0.6599861576884123,0.629738208041261,92,0,False
Q96Q40,0.5020815954211499,0.6898231733366178,92,0,False
Q96QP1,0.5172372635554762,0.6104917511220969,92,0,False
Q96QS6,0.8040637376964263,0.5952603019687647,92,0,False
Q96QT4,0.7491372364802575,0.8037021238501763,92,0,False
Q96RG2,0.4553106087076587,0.48404047451292337,92,0,False
Q96RR4,0.3256151296023124,0.15623753533139292,92,3,True
Q96S38,0.6427607986256908,0.7303236382177407,92,0,False
Q96S44,0.6154773099300892,0.5086986526573434,92,0,False
Q96S53,0.5898626275163378,0.4085420765122678,92,0,False
Q96SB4,0.22643263311186718,0.23199841368256952,92,1,True
Q96T60,0.6985335914774421,0.8215167592769347,92,1,True
Q99558,0.313415678939937,0.2293733592841751,92,2,True
Q99570,0.5035879800332294,0.498037502868747,92,0,False
Q99640,0.3086322502622279,0.13628037439511273,92,8,True
Q99683,0.19321629215390435,0.1721457249554399,92,18,True
Q99755,0.6788305492476546,0.8279263382916655,92,0,False
Q99759,0.341690632173005,0.5561980329947972,92,0,False
Q99986,0.522003067230304,0.4187521416250254,92,0,False
Q9BQI3,0.34359160504950703,0.5049446863609229,92,0,False
Q9BRR6,0.9402009318642601,0.8369491397956837,92,0,False
Q9BRS2,0.7494813289144819,0.5039297964691875,92,0,False
Q9BTU6,0.7016060602053734,0.8590592668259265,92,0,False
Q9BUB5,0.41652134487387393,0.5210777246734498,92,0,False
Q9BVS4,0.4403556925050994,0.35998425904515563,92,1,True
Q9BWU1,0.6003082948630556,0.7743561993560475,92,0,False
Q9BX84,0.8074460709353201,0.9640741070343595,92,0,False
Q9BXA6,0.7182648953461978,0.6179293021336002,92,0,False
Q9BXA7,0.5956339739339052,0.6786503737213971,92,0,False
Q9BXM7,0.5580947556146506,0.9706560498854452,92,0,False
Q9BXU1,0.857821274962874,0.8380452493641656,92,0,False
Q9BYP7,0.39444741594942834,0.2882539563031393,92,0,False
Q9BYT3,0.6150560461643407,0.49254893365970576,92,0,False
Q9BZ23,0.6894665811329752,0.6157449795885825,92,0,False
Q9BZL6,0.2790422228245387,0.5461107663021503,92,0,False
Q9BZX2,0.8675377828714634,0.6910595263868174,92,3,True
Q9C098,0.4531567031849928,0.42858905628553773,92,0,False
Q9H093,0.4344501952945251,0.6350617617279702,92,0,False
Q9H0K1,0.39742468586291285,0.48952132705660817,92,0,False
Q9H1R3,0.580227372682347,0.5135296176460125,92,0,False
Q9H2G2,0.35601393622000704,0.2147629284052103,92,0,False
Q9H2K8,0.4190288768418649,0.29833027667705897,92,0,False
Q9H2X6,0.4337868737951576,0.7000185195394633,92,0,False
Q9H3S4,0.8692788518630973,0.9964272855964399,92,0,False
Q9H3Y6,0.44444534287899634,0.3632890491609028,92,0,False
Q9H422,0.43589222874893985,0.34280550440780255,92,0,False
Q9H477,0.638711116332447,0.6578897624479165,92,0,False
Q9H479,0.790345021869581,0.631346637143052,92,0,False
Q9H4A3,0.4085450884151767,0.49513535849108,92,0,False
Q9H4B4,0.4565664296415148,0.3708357428098203,92,0,False
Q9H5K3,0.6986903894040002,0.8365871665976418,92,0,False
Q9H8X2,0.5195911706688461,0.8048835794407058,92,0,False
Q9H999,0.7468821873685642,0.6130160931229376,92,2,True
Q9HA47,0.9424412638988349,0.7745935304069608,92,0,False
Q9HA64,0.7330892068634091,0.596490753656201,92,0,False
Q9HAZ1,0.38236649696831154,0.27073593732535944,92,1,True
Q9HBH9,0.3123927080544354,0.2532625384166917,92,8,True
Q9HBU6,0.6835469519038623,0.8539219354909313,91,0,False
Q9HBY8,0.5870418935969389,0.7666798287879588,92,0,False
Q9HC98,0.5790622365228097,0.487755072113987,92,0,False
Q9HCP0,0.3827135122960875,0.32830924984000953,92,0,False
Q9NPI5,0.744687005185939,0.6924637577394612,90,0,False
Q9NQU5,0.48928328751893085,0.25475163600836553,92,0,False
Q9NR20,0.4348178988060632,0.8935319434744203,92,0,False
Q9NRA0,0.6486025581992249,0.5828001680878829,92,0,False
Q9NRH2,0.4914659197281507,0.8563546512735517,92,0,False
Q9NRM7,0.5506522367568882,0.5480125395709697,92,0,False
Q9NRP7,0.45672609411301535,0.4764091678612106,92,0,False
Q9NSY1,0.23219897245258347,0.21014424427875475,92,2,True
Q9NVF9,0.6035853451721783,0.8027776936389752,92,0,False
Q9NWW6,0.6947501990754,0.8474216239383037,92,0,False
Q9NWZ3,0.17451941252464326,0.13894544947421217,92,33,True
Q9NWZ5,0.8919893323787041,0.8809768816819262,92,0,False
Q9NY57,0.4024099416591088,0.9063485389381405,92,0,False
Q9NYA1,0.5173698244733916,0.43766162520634566,92,3,True
Q9NYL2,0.3979523672210831,0.29660146048293645,92,3,True
Q9NYV4,0.307793034149289,0.32386579327032106,92,2,True
Q9NYY3,0.3785232204767956,0.46314168857887766,92,5,True
Q9NZJ5,0.19518103339164491,0.27291652740502403,92,8,True
Q9P0L2,0.4333923791738559,0.5383596417964153,92,0,False
Q9P1W9,0.44931907574784785,0.3879673014654813,92,1,True
Q9P286,0.6052707137129194,0.4534259295072496,92,0,False
Q9P289,0.2677956261041939,0.13415144847382726,92,0,False
Q9P2K8,0.20785344563124444,0.10922961047839184,92,3,True
Q9UBE8,0.43859477495598115,0.44221068426609456,92,0,False
Q9UBF8,0.5565141960054673,0.4311097668932787,92,2,True
Q9UBS0,0.5472045739484664,0.636008434107209,92,0,False
Q9UEE5,0.46572963253562366,0.2267236831679055,92,0,False
Q9UEW8,0.38916787871251657,0.7268626622902196,92,0,False
Q9UF33,0.3871876191763602,0.3417230447280613,92,0,False
Q9UHD2,0.41041268732469166,0.1922401806338721,92,8,True
Q9UHH9,0.70095183245379,0.785102480899498,92,0,False
Q9UHJ6,0.8377123327228023,0.9253638554596495,92,0,False
Q9UIG0,0.8894759513978311,0.9624588266974574,92,0,False
Q9UIJ7,0.765428226426794,0.6455774029291943,92,0,False
Q9UIK4,0.6528681414257327,0.6354957544530674,92,0,False
Q9UJ70,0.8566273565480316,0.6964065357832753,92,0,False
Q9UK32,0.5827761389107967,0.5426993442389163,92,0,False
Q9UKE5,0.24664253909865408,0.18149783061567187,92,2,True
Q9UKI8,0.41554106148507197,0.6103967896323922,92,0,False
Q9UL54,0.5519436567001416,0.4572860711598751,92,0,False
Q9UM73,0.12908181026190402,0.10325542310574716,92,34,True
Q9UPE1,0.6408985039815113,0.8832100096608408,92,0,False
Q9UPQ8,0.6141096105343558,0.876963239585079,92,0,False
Q9UPZ9,0.584105664700859,0.8914561021716549,92,0,False
Q9UQ07,0.5239069712346606,0.5778417658437047,92,0,False
Q9UQ88,0.6174513292829377,0.537585620613619,92,0,False
Q9UQB9,0.3514785687075534,0.17739846846586707,92,0,False
Q9UQM7,0.42977945702596165,0.3480649390405036,92,0,False
Q9Y223,0.7444814467660533,0.7102741893188885,92,2,True
Q9Y243,0.6762465233874608,0.6406702283312914,92,0,False
Q9Y259,0.6419172169559515,0.42305944276318597,92,1,True
Q9Y2H1,0.6501801150815973,0.5569028489337383,92,0,False
Q9Y2H9,0.6242278381734399,0.6909054323878171,92,0,False
Q9Y2I7,0.6112308169216432,0.7155345941850916,92,0,False
Q9Y2K2,0.28767572890322485,0.13657766500244095,92,0,False
Q9Y2U5,0.3359086104950898,0.48329193392312375,92,0,False
Q9Y3D8,0.941484977046343,0.9520217118628543,92,0,False
Q9Y3S1,0.5085801988057442,0.9800513449452659,92,0,False
Q9Y463,0.29697499158834867,0.18498576094875416,92,0,False
Q9Y4B6,0.6052477504720626,0.6514532691217226,92,0,False
Q9Y4K4,0.5254430102076131,0.5779245342142028,92,0,False
Q9Y572,0.40308487315735303,0.1962082393124256,92,0,False
Q9Y5B8,0.7435795134760681,0.7620117967278656,92,0,False
Q9Y5S2,0.4777559629116575,0.40127386275382115,92,2,True
Q9Y6E0,0.3025856173047082,0.1733223696321778,92,14,True
Q9Y6K8,0.6862155186279825,0.6816090832827917,92,0,False
Q9Y6M4,0.4682730937936643,0.35504035742668877,92,4,True
Q9Y6R4,0.4717015550854643,0.6440342861677446,92,0,False
Q9Y6S9,0.6802996323304573,0.7101625748662223,92,0,False
Q9Y6T7,0.6106829637015733,0.7937919894651699,92,0,False
