UNIPROT_ID,GENE_NAME,in_exp,in_pred,in_merged,n_pairs,n_actives,status,note
,UNMAPPED,True,False,False,0,0,drop: no_prediction(도킹패널에없음),
A0A0B4J2F2,,False,True,False,0,0,drop: no_experiment(실험데이터없음),
A2RU49,,False,True,False,0,0,drop: no_experiment(실험데이터없음),
A4D2B8,,False,True,False,0,0,drop: no_experiment(실험데이터없음),
A4QPH2,,False,True,False,0,0,drop: no_experiment(실험데이터없음),
A5A6K4,,False,True,False,0,0,drop: no_experiment(실험데이터없음),
O00141,SGK1,True,True,True,92,1,kept,
O00142,,False,True,False,0,0,drop: no_experiment(실험데이터없음),
O00238,BMPR1B,True,True,True,92,1,kept,
O00311,CDC7,True,True,True,92,1,kept,
O00329,,False,True,False,0,0,drop: no_experiment(실험데이터없음),
O00418,EEF2K,True,True,True,92,0,kept,
O00443,,False,True,False,0,0,drop: no_experiment(실험데이터없음),
O00444,PLK4,True,True,True,92,15,kept,
O00506,STK25,True,True,True,92,6,kept,
O00746,,False,True,False,0,0,drop: no_experiment(실험데이터없음),
O00750,,False,True,False,0,0,drop: no_experiment(실험데이터없음),
O00764,,False,True,False,0,0,drop: no_experiment(실험데이터없음),
O14578,CIT,True,True,True,92,4,kept,
O14730,,False,True,False,0,0,drop: no_experiment(실험데이터없음),
O14733,MAP2K7,True,True,True,92,4,kept,
O14757,CHEK1,True,True,True,92,7,kept,
O14874,,False,True,False,0,0,drop: no_experiment(실험데이터없음),
O14920,IKBKB,True,True,True,92,0,kept,
O14936,,False,True,False,0,0,drop: no_experiment(실험데이터없음),
O14965,AURKA,True,True,True,92,21,kept,
O14976,,False,True,False,0,0,drop: no_experiment(실험데이터없음),
O14986,,False,True,False,0,0,drop: no_experiment(실험데이터없음),
O15021,,False,True,False,0,0,drop: no_experiment(실험데이터없음),
O15075,DCLK1,True,True,True,92,5,kept,
O15111,CHUK,True,True,True,92,1,kept,
O15146,MUSK,True,True,True,92,26,kept,
O15264,MAPK13,True,True,True,92,0,kept,
O15530,PDPK1,True,True,True,92,1,kept,
O43252,,False,True,False,0,0,drop: no_experiment(실험데이터없음),
O43283,,False,True,False,0,0,drop: no_experiment(실험데이터없음),
O43293,DAPK3,True,True,True,92,7,kept,
O43314,,False,True,False,0,0,drop: no_experiment(실험데이터없음),
O43318,MAP3K7,True,True,True,92,6,kept,
O43353,RIPK2,True,True,True,92,14,kept,
O43683,,False,True,False,0,0,drop: no_experiment(실험데이터없음),
O43781,DYRK3,True,True,True,92,4,kept,
O43930,,False,True,False,0,0,drop: no_experiment(실험데이터없음),
O60285,NUAK1,True,True,True,92,23,kept,
O60307,MAST3,True,True,True,48,0,kept,
O60331,,False,True,False,0,0,drop: no_experiment(실험데이터없음),
O60361,,False,True,False,0,0,drop: no_experiment(실험데이터없음),
O60566,,False,True,False,0,0,drop: no_experiment(실험데이터없음),
O60674,JAK2,True,True,True,92,28,kept,
O60825,,False,True,False,0,0,drop: no_experiment(실험데이터없음),
O75063,,False,True,False,0,0,drop: no_experiment(실험데이터없음),
O75116,ROCK2,True,True,True,92,3,kept,
O75191,,False,True,False,0,0,drop: no_experiment(실험데이터없음),
O75385,ULK1,True,True,True,92,8,kept,
O75414,,False,True,False,0,0,drop: no_experiment(실험데이터없음),
O75460,ERN1,True,True,True,92,3,kept,
O75582,RPS6KA5,True,True,True,92,5,kept,
O75676,RPS6KA4,True,True,True,92,6,kept,
O75716,STK16,True,True,True,92,8,kept,
O75912,,False,True,False,0,0,drop: no_experiment(실험데이터없음),
O75914,PAK3,True,True,True,92,1,kept,
O76039,,False,True,False,0,0,drop: no_experiment(실험데이터없음),
O94768,,False,True,False,0,0,drop: no_experiment(실험데이터없음),
O94804,STK10,True,True,True,92,28,kept,
O94806,PRKD3,True,True,True,92,11,kept,
O94921,CDK14,True,True,True,92,3,kept,
O95340,,False,True,False,0,0,drop: no_experiment(실험데이터없음),
O95382,MAP3K6,True,True,True,92,0,kept,
O95544,,False,True,False,0,0,drop: no_experiment(실험데이터없음),
O95747,OXSR1,True,True,True,92,2,kept,
O95819,MAP4K4,True,True,True,92,14,kept,
O95835,LATS1,True,True,True,92,7,kept,
O96013,PAK4,True,True,True,92,7,kept,
O96017,CHEK2,True,True,True,92,12,kept,
P00519,ABL1,True,True,True,92,31,kept,
P00533,EGFR,True,True,True,92,26,kept,
P00540,,False,True,False,0,0,drop: no_experiment(실험데이터없음),
P00568,,False,True,False,0,0,drop: no_experiment(실험데이터없음),
P04049,RAF1,True,True,True,92,19,kept,
P04183,,False,True,False,0,0,drop: no_experiment(실험데이터없음),
P04626,ERBB2,True,True,True,92,22,kept,
P04629,NTRK1,True,True,True,92,21,kept,
P05129,PRKCG,True,True,True,92,10,kept,
P05771,PRKCB,True,True,True,92,8,kept,
P06213,INSR,True,True,True,92,13,kept,
P06239,LCK,True,True,True,92,46,kept,
P06241,FYN,True,True,True,92,31,kept,
P06493,CDK1,True,True,True,92,6,kept,
P06732,,False,True,False,0,0,drop: no_experiment(실험데이터없음),
P07205,,False,True,False,0,0,drop: no_experiment(실험데이터없음),
P07332,FES,True,True,True,92,17,kept,
P07333,CSF1R,True,True,True,92,37,kept,
P07947,YES1,True,True,True,92,35,kept,
P07948,LYN,True,True,True,92,46,kept,
P07949,RET,True,True,True,92,37,kept,
P08069,IGF1R,True,True,True,92,12,kept,
P08237,,False,True,False,0,0,drop: no_experiment(실험데이터없음),
P08581,MET,True,True,True,92,10,kept,
P08631,HCK,True,True,True,92,31,kept,
P08922,ROS1,True,True,True,92,30,kept,
P09619,PDGFRB,True,True,True,92,24,kept,
P09769,FGR,True,True,True,92,39,kept,
P0C1S8,,False,True,False,0,0,drop: no_experiment(실험데이터없음),
P0C263,,False,True,False,0,0,drop: no_experiment(실험데이터없음),
P0C264,,False,True,False,0,0,drop: no_experiment(실험데이터없음),
P10398,ARAF,True,True,True,92,16,kept,
P10721,KIT,True,True,True,92,34,kept,
P11274,,False,True,False,0,0,drop: no_experiment(실험데이터없음),
P11309,PIM1,True,True,True,92,3,kept,
P11362,FGFR1,True,True,True,92,30,kept,
P11801,,False,True,False,0,0,drop: no_experiment(실험데이터없음),
P11802,CDK4,True,True,True,92,7,kept,
P11908,,False,True,False,0,0,drop: no_experiment(실험데이터없음),
P12277,,False,True,False,0,0,drop: no_experiment(실험데이터없음),
P12532,,False,True,False,0,0,drop: no_experiment(실험데이터없음),
P12931,SRC,True,True,True,92,30,kept,
P14616,INSRR,True,True,True,92,10,kept,
P14618,,False,True,False,0,0,drop: no_experiment(실험데이터없음),
P15056,BRAF,True,True,True,92,15,kept,
P15531,,False,True,False,0,0,drop: no_experiment(실험데이터없음),
P15735,PHKG2,True,True,True,92,5,kept,
P16118,,False,True,False,0,0,drop: no_experiment(실험데이터없음),
P16234,PDGFRA,True,True,True,92,29,kept,
P16591,FER,True,True,True,92,17,kept,
P17252,PRKCA,True,True,True,92,10,kept,
P17540,,False,True,False,0,0,drop: no_experiment(실험데이터없음),
P17612,PRKACA,True,True,True,92,5,kept,
P17858,,False,True,False,0,0,drop: no_experiment(실험데이터없음),
P17948,FLT1,True,True,True,92,31,kept,
P19367,,False,True,False,0,0,drop: no_experiment(실험데이터없음),
P19525,EIF2AK2,True,True,True,92,12,kept,
P19784,CSNK2A2,True,True,True,92,7,kept,
P20794,MAK,True,True,True,92,5,kept,
P21108,,False,True,False,0,0,drop: no_experiment(실험데이터없음),
P21127,CDK11B,True,True,True,92,14,kept,
P21709,EPHA1,True,True,True,92,12,kept,
P21802,FGFR2,True,True,True,92,36,kept,
P21860,,False,True,False,0,0,drop: no_experiment(실험데이터없음),
P22392,,False,True,False,0,0,drop: no_experiment(실험데이터없음),
P22455,FGFR4,True,True,True,92,11,kept,
P22607,FGFR3,True,True,True,92,24,kept,
P22612,PRKACG,True,True,True,92,6,kept,
P22694,PRKACB,True,True,True,92,5,kept,
P23443,RPS6KB1,True,True,True,92,8,kept,
P23458,JAK1,True,True,True,92,25,kept,
P23677,,False,True,False,0,0,drop: no_experiment(실험데이터없음),
P23743,,False,True,False,0,0,drop: no_experiment(실험데이터없음),
P23919,,False,True,False,0,0,drop: no_experiment(실험데이터없음),
P24723,PRKCH,True,True,True,92,7,kept,
P24941,CDK2,True,True,True,92,6,kept,
P25098,GRK2,True,True,True,92,0,kept,
P27037,,False,True,False,0,0,drop: no_experiment(실험데이터없음),
P27144,,False,True,False,0,0,drop: no_experiment(실험데이터없음),
P27361,MAPK3,True,True,True,92,0,kept,
P27448,MARK3,True,True,True,92,8,kept,
P27707,,False,True,False,0,0,drop: no_experiment(실험데이터없음),
P27987,,False,True,False,0,0,drop: no_experiment(실험데이터없음),
P28482,MAPK1,True,True,True,92,0,kept,
P29317,EPHA2,True,True,True,92,16,kept,
P29320,EPHA3,True,True,True,92,12,kept,
P29322,EPHA8,True,True,True,92,8,kept,
P29323,EPHB2,True,True,True,92,16,kept,
P29376,LTK,True,True,True,92,10,kept,
P29597,TYK2,True,True,True,92,23,kept,
P30085,,False,True,False,0,0,drop: no_experiment(실험데이터없음),
P30291,WEE1,True,True,True,44,1,kept,
P30530,AXL,True,True,True,92,21,kept,
P30613,,False,True,False,0,0,drop: no_experiment(실험데이터없음),
P31152,,False,True,False,0,0,drop: no_experiment(실험데이터없음),
P31749,AKT1,True,True,True,92,1,kept,
P31751,AKT2,True,True,True,92,1,kept,
P32189,,False,True,False,0,0,drop: no_experiment(실험데이터없음),
P32298,GRK4,True,True,True,92,1,kept,
P33076,,False,True,False,0,0,drop: no_experiment(실험데이터없음),
P33981,,False,True,False,0,0,drop: no_experiment(실험데이터없음),
P34925,,False,True,False,0,0,drop: no_experiment(실험데이터없음),
P34947,GRK5,True,True,True,92,0,kept,
P35557,GCK,True,True,True,92,14,kept,
P35558,,False,True,False,0,0,drop: no_experiment(실험데이터없음),
P35590,,False,True,False,0,0,drop: no_experiment(실험데이터없음),
P35626,GRK3,True,True,True,92,0,kept,
P35790,,False,True,False,0,0,drop: no_experiment(실험데이터없음),
P35916,FLT4,True,True,True,92,36,kept,
P35968,KDR,True,True,True,92,24,kept,
P36507,MAP2K2,True,True,True,92,13,kept,
P36888,FLT3,True,True,True,92,40,kept,
P36894,BMPR1A,True,True,True,92,1,kept,
P36896,ACVR1B,True,True,True,92,2,kept,
P36897,TGFBR1,True,True,True,92,2,kept,
P37023,ACVRL1,True,True,True,92,4,kept,
P37173,TGFBR2,True,True,True,92,4,kept,
P41240,CSK,True,True,True,92,17,kept,
P41279,MAP3K8,True,True,True,92,0,kept,
P41743,PRKCI,True,True,True,92,0,kept,
P42336,,False,True,False,0,0,drop: no_experiment(실험데이터없음),
P42338,,False,True,False,0,0,drop: no_experiment(실험데이터없음),
P42345,MTOR,True,True,True,92,2,kept,
P42356,,False,True,False,0,0,drop: no_experiment(실험데이터없음),
P42679,MATK,True,True,True,92,1,kept,
P42680,TEC,True,True,True,92,18,kept,
P42681,TXK,True,True,True,92,28,kept,
P42684,ABL2,True,True,True,92,27,kept,
P42685,FRK,True,True,True,92,16,kept,
P43250,GRK6,True,True,True,92,0,kept,
P43403,ZAP70,True,True,True,92,0,kept,
P43405,SYK,True,True,True,92,6,kept,
P45983,MAPK8,True,True,True,92,12,kept,
P45984,MAPK9,True,True,True,92,3,kept,
P45985,MAP2K4,True,True,True,92,1,kept,
P46734,MAP2K3,True,True,True,92,2,kept,
P48426,,False,True,False,0,0,drop: no_experiment(실험데이터없음),
P48729,CSNK1A1,True,True,True,92,0,kept,
P48730,CSNK1D,True,True,True,92,2,kept,
P48736,,False,True,False,0,0,drop: no_experiment(실험데이터없음),
P49137,MAPKAPK2,True,True,True,92,0,kept,
P49336,CDK8,True,True,True,45,11,kept,
P49619,,False,True,False,0,0,drop: no_experiment(실험데이터없음),
P49674,CSNK1E,True,True,True,92,6,kept,
P49759,,False,True,False,0,0,drop: no_experiment(실험데이터없음),
P49760,CLK2,True,True,True,92,11,kept,
P49761,CLK3,True,True,True,92,0,kept,
P49840,GSK3A,True,True,True,92,4,kept,
P49841,GSK3B,True,True,True,92,8,kept,
P49903,,False,True,False,0,0,drop: no_experiment(실험데이터없음),
P50053,,False,True,False,0,0,drop: no_experiment(실험데이터없음),
P50613,CDK7,True,True,True,92,2,kept,
P50750,CDK9,True,True,True,92,6,kept,
P51451,BLK,True,True,True,92,38,kept,
P51570,,False,True,False,0,0,drop: no_experiment(실험데이터없음),
P51617,IRAK1,True,True,True,92,14,kept,
P51812,RPS6KA3,True,True,True,92,8,kept,
P51813,BMX,True,True,True,92,28,kept,
P51817,PRKX,True,True,True,92,5,kept,
P51955,NEK2,True,True,True,92,2,kept,
P51956,NEK3,True,True,True,92,0,kept,
P51957,NEK4,True,True,True,92,6,kept,
P52333,JAK3,True,True,True,92,32,kept,
P52429,,False,True,False,0,0,drop: no_experiment(실험데이터없음),
P52564,MAP2K6,True,True,True,92,0,kept,
P52789,,False,True,False,0,0,drop: no_experiment(실험데이터없음),
P52790,,False,True,False,0,0,drop: no_experiment(실험데이터없음),
P52824,,False,True,False,0,0,drop: no_experiment(실험데이터없음),
P53350,PLK1,True,True,True,92,1,kept,
P53355,DAPK1,True,True,True,92,5,kept,
P53667,LIMK1,True,True,True,92,23,kept,
P53671,LIMK2,True,True,True,92,11,kept,
P53778,MAPK12,True,True,True,92,1,kept,
P53779,MAPK10,True,True,True,92,10,kept,
P54646,PRKAA2,True,True,True,92,13,kept,
P54753,EPHB3,True,True,True,92,6,kept,
P54756,EPHA5,True,True,True,92,13,kept,
P54760,EPHB4,True,True,True,92,21,kept,
P54762,EPHB1,True,True,True,92,21,kept,
P54764,EPHA4,True,True,True,92,13,kept,
P54819,,False,True,False,0,0,drop: no_experiment(실험데이터없음),
P54886,,False,True,False,0,0,drop: no_experiment(실험데이터없음),
P55263,,False,True,False,0,0,drop: no_experiment(실험데이터없음),
P57058,,False,True,False,0,0,drop: no_experiment(실험데이터없음),
P57059,SIK1,True,True,True,92,17,kept,
P57078,RIPK4,True,True,True,92,1,kept,
P60891,,False,True,False,0,0,drop: no_experiment(실험데이터없음),
P68400,CSNK2A1,True,True,True,92,2,kept,
P78356,,False,True,False,0,0,drop: no_experiment(실험데이터없음),
P78362,SRPK2,True,True,True,92,2,kept,
P78368,CSNK1G2,True,True,True,92,3,kept,
P78527,PRKDC,True,False,False,0,0,drop: no_prediction(도킹패널에없음),
P80192,MAP3K9,True,True,True,92,10,kept,
Q00526,CDK3,True,True,True,92,9,kept,
Q00534,CDK6,True,True,True,92,10,kept,
Q00535,CDK5,True,True,True,92,3,kept,
Q00536,CDK16,True,True,True,92,5,kept,
Q00537,CDK17,True,True,True,92,4,kept,
Q01415,,False,True,False,0,0,drop: no_experiment(실험데이터없음),
Q01813,,False,True,False,0,0,drop: no_experiment(실험데이터없음),
Q01973,,False,True,False,0,0,drop: no_experiment(실험데이터없음),
Q01974,,False,True,False,0,0,drop: no_experiment(실험데이터없음),
Q02156,PRKCE,True,True,True,92,6,kept,
Q02750,MAP2K1,True,True,True,92,13,kept,
Q02763,TEK,True,True,True,92,13,kept,
Q02779,MAP3K10,True,True,True,92,11,kept,
Q03426,,False,True,False,0,0,drop: no_experiment(실험데이터없음),
Q04759,PRKCQ,True,True,True,92,4,kept,
Q04771,ACVR1,True,True,True,92,4,kept,
Q04912,MST1R,True,True,True,92,6,kept,
Q05397,PTK2,True,True,True,92,13,kept,
Q05513,PRKCZ,True,True,True,92,0,kept,
Q05655,PRKCD,True,True,True,92,8,kept,
Q06187,BTK,True,True,True,92,26,kept,
Q06418,TYRO3,True,True,True,92,10,kept,
Q07002,CDK18,True,True,True,91,2,kept,
Q07912,TNK2,True,True,True,92,27,kept,
Q08345,DDR1,True,True,True,92,46,kept,
Q08881,ITK,True,True,True,92,12,kept,
Q09013,DMPK,True,True,True,92,0,kept,
Q12851,,False,True,False,0,0,drop: no_experiment(실험데이터없음),
Q12852,MAP3K12,True,True,True,44,4,kept,
Q12866,MERTK,True,True,True,92,16,kept,
Q13043,STK4,True,True,True,92,13,kept,
Q13057,,False,True,False,0,0,drop: no_experiment(실험데이터없음),
Q13131,PRKAA1,True,True,True,92,15,kept,
Q13153,PAK1,True,True,True,92,1,kept,
Q13163,MAP2K5,True,True,True,92,9,kept,
Q13164,MAPK7,True,True,True,92,0,kept,
Q13177,PAK2,True,True,True,92,1,kept,
Q13188,STK3,True,True,True,92,8,kept,
Q13232,,False,True,False,0,0,drop: no_experiment(실험데이터없음),
Q13233,MAP3K1,True,True,True,92,2,kept,
Q13237,PRKG2,True,True,True,92,3,kept,
Q13418,,False,True,False,0,0,drop: no_experiment(실험데이터없음),
Q13464,ROCK1,True,True,True,92,4,kept,
Q13470,TNK1,True,True,True,92,16,kept,
Q13523,,False,True,False,0,0,drop: no_experiment(실험데이터없음),
Q13535,,False,True,False,0,0,drop: no_experiment(실험데이터없음),
Q13546,,False,True,False,0,0,drop: no_experiment(실험데이터없음),
Q13554,CAMK2B,True,True,True,92,7,kept,
Q13555,CAMK2G,True,True,True,92,3,kept,
Q13557,CAMK2D,True,True,True,92,15,kept,
Q13572,,False,True,False,0,0,drop: no_experiment(실험데이터없음),
Q13574,,False,True,False,0,0,drop: no_experiment(실험데이터없음),
Q13627,DYRK1A,True,True,True,92,4,kept,
Q13670,,False,True,False,0,0,drop: no_experiment(실험데이터없음),
Q13705,,False,True,False,0,0,drop: no_experiment(실험데이터없음),
Q13873,BMPR2,True,True,True,91,4,kept,
Q13882,PTK6,True,True,True,92,27,kept,
Q13976,PRKG1,True,True,True,92,3,kept,
Q14004,,False,True,False,0,0,drop: no_experiment(실험데이터없음),
Q14012,CAMK1,True,True,True,92,1,kept,
Q14164,IKBKE,True,True,True,92,4,kept,
Q14289,PTK2B,True,True,True,92,18,kept,
Q14296,,False,True,False,0,0,drop: no_experiment(실험데이터없음),
Q14409,,False,True,False,0,0,drop: no_experiment(실험데이터없음),
Q14410,,False,True,False,0,0,drop: no_experiment(실험데이터없음),
Q14680,MELK,True,True,True,92,9,kept,
Q15118,,False,True,False,0,0,drop: no_experiment(실험데이터없음),
Q15119,PDK2,True,False,False,0,0,drop: no_prediction(도킹패널에없음),
Q15120,PDK3,True,False,False,0,0,drop: no_prediction(도킹패널에없음),
Q15126,,False,True,False,0,0,drop: no_experiment(실험데이터없음),
Q15131,,False,True,False,0,0,drop: no_experiment(실험데이터없음),
Q15139,PRKD1,True,True,True,92,10,kept,
Q15208,STK38,True,True,True,92,10,kept,
Q15303,ERBB4,True,True,True,92,28,kept,
Q15349,RPS6KA2,True,True,True,92,13,kept,
Q15375,EPHA7,True,True,True,92,11,kept,
Q15418,RPS6KA1,True,True,True,92,9,kept,
Q15569,TESK1,True,True,True,92,5,kept,
Q15746,MYLK,True,True,True,92,9,kept,
Q15759,MAPK11,True,True,True,92,6,kept,
Q15831,STK11,True,True,True,92,3,kept,
Q15835,GRK1,True,True,True,92,3,kept,
Q16288,NTRK3,True,True,True,92,36,kept,
Q16512,PKN1,True,True,True,92,9,kept,
Q16513,PKN2,True,True,True,92,4,kept,
Q16539,MAPK14,True,True,True,92,11,kept,
Q16566,CAMK4,True,True,True,92,0,kept,
Q16584,MAP3K11,True,True,True,92,22,kept,
Q16620,NTRK2,True,True,True,92,28,kept,
Q16644,MAPKAPK3,True,True,True,92,0,kept,
Q16654,PDK4,True,False,False,0,0,drop: no_prediction(도킹패널에없음),
Q16659,,False,True,False,0,0,drop: no_experiment(실험데이터없음),
Q16671,,False,True,False,0,0,drop: no_experiment(실험데이터없음),
Q16760,,False,True,False,0,0,drop: no_experiment(실험데이터없음),
Q16774,,False,True,False,0,0,drop: no_experiment(실험데이터없음),
Q16816,PHKG1,True,True,True,92,14,kept,
Q16832,DDR2,True,True,True,92,39,kept,
Q16854,,False,True,False,0,0,drop: no_experiment(실험데이터없음),
Q16875,,False,True,False,0,0,drop: no_experiment(실험데이터없음),
Q16877,,False,True,False,0,0,drop: no_experiment(실험데이터없음),
Q2M2I8,,False,True,False,0,0,drop: no_experiment(실험데이터없음),
Q2TB90,,False,True,False,0,0,drop: no_experiment(실험데이터없음),
Q32MK0,MYLK3,True,True,True,92,1,kept,
Q38SD2,,False,True,False,0,0,drop: no_experiment(실험데이터없음),
Q3LXA3,,False,True,False,0,0,drop: no_experiment(실험데이터없음),
Q3MIX3,,False,True,False,0,0,drop: no_experiment(실험데이터없음),
Q4G0N4,,False,True,False,0,0,drop: no_experiment(실험데이터없음),
Q4R7R3,,False,True,False,0,0,drop: no_experiment(실험데이터없음),
Q504Y2,,False,True,False,0,0,drop: no_experiment(실험데이터없음),
Q52WX2,SBK1,True,True,True,92,1,kept,
Q53H12,,False,True,False,0,0,drop: no_experiment(실험데이터없음),
Q56UN5,MAP3K19,True,False,False,0,0,drop: no_prediction(도킹패널에없음),
Q59H18,,False,True,False,0,0,drop: no_experiment(실험데이터없음),
Q5EBM0,,False,True,False,0,0,drop: no_experiment(실험데이터없음),
Q5JZY3,,False,True,False,0,0,drop: no_experiment(실험데이터없음),
Q5KSL6,,False,True,False,0,0,drop: no_experiment(실험데이터없음),
Q5MAI5,,False,True,False,0,0,drop: no_experiment(실험데이터없음),
Q5RCY1,,False,True,False,0,0,drop: no_experiment(실험데이터없음),
Q5S007,LRRK2,True,True,True,92,23,kept,
Q5SY16,,False,True,False,0,0,drop: no_experiment(실험데이터없음),
Q5T6J7,,False,True,False,0,0,drop: no_experiment(실험데이터없음),
Q5T9C9,,False,True,False,0,0,drop: no_experiment(실험데이터없음),
Q5TCS8,,False,True,False,0,0,drop: no_experiment(실험데이터없음),
Q5TCX8,MAP3K21,True,True,True,92,4,kept,
Q5TCY1,TTBK1,True,True,True,92,0,kept,
Q5VT25,CDC42BPA,True,True,True,92,2,kept,
Q6A1A2,,False,True,False,0,0,drop: no_experiment(실험데이터없음),
Q6DT37,CDC42BPG,True,True,True,92,11,kept,
Q6IQ55,TTBK2,True,True,True,92,0,kept,
Q6J9G0,,False,True,False,0,0,drop: no_experiment(실험데이터없음),
Q6P0Q8,,False,True,False,0,0,drop: no_experiment(실험데이터없음),
Q6P2M8,PNCK,True,True,True,92,0,kept,
Q6P3R8,NEK5,True,True,True,92,3,kept,
Q6P5Z2,PKN3,True,True,True,92,4,kept,
Q6PFW1,,False,True,False,0,0,drop: no_experiment(실험데이터없음),
Q6PHR2,ULK3,True,True,True,92,10,kept,
Q6SA08,TSSK4,True,True,True,7,0,kept,
Q6VAB6,KSR2,True,True,True,82,0,kept,
Q6XUX3,DSTYK,True,True,True,92,0,kept,
Q6ZMQ8,,False,True,False,0,0,drop: no_experiment(실험데이터없음),
Q6ZN16,,False,True,False,0,0,drop: no_experiment(실험데이터없음),
Q6ZS86,,False,True,False,0,0,drop: no_experiment(실험데이터없음),
Q6ZWH5,,False,True,False,0,0,drop: no_experiment(실험데이터없음),
Q76MJ5,ERN2,True,True,True,92,5,kept,
Q7KZI7,MARK2,True,True,True,92,8,kept,
Q7L7X3,TAOK1,True,True,True,92,10,kept,
Q7Z2Y5,,False,True,False,0,0,drop: no_experiment(실험데이터없음),
Q7Z695,,False,True,False,0,0,drop: no_experiment(실험데이터없음),
Q86SG6,NEK8,True,True,True,44,2,kept,
Q86TB3,,False,True,False,0,0,drop: no_experiment(실험데이터없음),
Q86UE8,TLK2,True,True,True,92,0,kept,
Q86UX6,STK32C,True,True,True,92,1,kept,
Q86V86,PIM3,True,True,True,92,4,kept,
Q86VZ5,,False,True,False,0,0,drop: no_experiment(실험데이터없음),
Q86XP1,,False,True,False,0,0,drop: no_experiment(실험데이터없음),
Q86Y07,VRK2,True,True,True,92,0,kept,
Q86YV6,MYLK4,True,True,True,92,6,kept,
Q86Z02,HIPK1,True,True,True,92,2,kept,
Q8IU85,CAMK1D,True,True,True,92,4,kept,
Q8IV42,,False,True,False,0,0,drop: no_experiment(실험데이터없음),
Q8IVH8,MAP4K3,True,True,True,92,18,kept,
Q8IVS8,,False,True,False,0,0,drop: no_experiment(실험데이터없음),
Q8IVT5,KSR1,True,True,True,59,0,kept,
Q8IVW4,,False,True,False,0,0,drop: no_experiment(실험데이터없음),
Q8IW41,MAPKAPK5,True,True,True,92,0,kept,
Q8IWQ3,BRSK2,True,True,True,92,5,kept,
Q8IWU2,,False,True,False,0,0,drop: no_experiment(실험데이터없음),
Q8IXL6,,False,True,False,0,0,drop: no_experiment(실험데이터없음),
Q8IY84,,False,True,False,0,0,drop: no_experiment(실험데이터없음),
Q8IYT8,ULK2,True,True,True,92,5,kept,
Q8IZL9,,False,True,False,0,0,drop: no_experiment(실험데이터없음),
Q8N0W3,,False,True,False,0,0,drop: no_experiment(실험데이터없음),
Q8N165,,False,True,False,0,0,drop: no_experiment(실험데이터없음),
Q8N2I9,,False,True,False,0,0,drop: no_experiment(실험데이터없음),
Q8N4C8,MINK1,True,True,True,92,16,kept,
Q8N568,DCLK2,True,True,True,92,5,kept,
Q8N5S9,CAMKK1,True,True,True,92,7,kept,
Q8N752,CSNK1A1L,True,True,True,92,1,kept,
Q8NE63,HIPK4,True,True,True,92,22,kept,
Q8NEB9,,False,True,False,0,0,drop: no_experiment(실험데이터없음),
Q8NER5,,False,True,False,0,0,drop: no_experiment(실험데이터없음),
Q8NEV1,,False,True,False,0,0,drop: no_experiment(실험데이터없음),
Q8NEV4,MYO3A,True,True,True,92,7,kept,
Q8NFD2,,False,True,False,0,0,drop: no_experiment(실험데이터없음),
Q8NFU5,,False,True,False,0,0,drop: no_experiment(실험데이터없음),
Q8NG66,NEK11,True,True,True,92,2,kept,
Q8NHU3,,False,True,False,0,0,drop: no_experiment(실험데이터없음),
Q8NI60,,False,True,False,0,0,drop: no_experiment(실험데이터없음),
Q8TBX8,,False,True,False,0,0,drop: no_experiment(실험데이터없음),
Q8TCG2,,False,True,False,0,0,drop: no_experiment(실험데이터없음),
Q8TCT0,,False,True,False,0,0,drop: no_experiment(실험데이터없음),
Q8TD08,MAPK15,True,True,True,92,6,kept,
Q8TD19,NEK9,True,True,True,92,10,kept,
Q8TDC3,BRSK1,True,True,True,92,4,kept,
Q8TDR2,STK35,True,True,True,7,0,kept,
Q8TDX7,NEK7,True,True,True,92,0,kept,
Q8TE04,,False,True,False,0,0,drop: no_experiment(실험데이터없음),
Q8TF76,HASPIN,True,True,True,92,6,kept,
Q8WTQ7,GRK7,True,True,True,92,5,kept,
Q8WU08,STK32A,True,True,True,7,0,kept,
Q8WXR4,MYO3B,True,True,True,92,11,kept,
Q92551,,False,True,False,0,0,drop: no_experiment(실험데이터없음),
Q92630,DYRK2,True,True,True,92,8,kept,
Q92772,,False,True,False,0,0,drop: no_experiment(실험데이터없음),
Q92918,MAP4K1,True,True,True,92,19,kept,
Q969G6,,False,True,False,0,0,drop: no_experiment(실험데이터없음),
Q96BR1,SGK3,True,True,True,92,2,kept,
Q96C11,,False,True,False,0,0,drop: no_experiment(실험데이터없음),
Q96C45,,False,True,False,0,0,drop: no_experiment(실험데이터없음),
Q96D53,,False,True,False,0,0,drop: no_experiment(실험데이터없음),
Q96DU7,,False,True,False,0,0,drop: no_experiment(실험데이터없음),
Q96GD4,AURKB,True,True,True,92,19,kept,
Q96GX5,MASTL,True,True,True,92,1,kept,
Q96J92,,False,True,False,0,0,drop: no_experiment(실험데이터없음),
Q96KB5,PBK,True,True,True,92,0,kept,
Q96L34,MARK4,True,True,True,92,10,kept,
Q96L96,,False,True,False,0,0,drop: no_experiment(실험데이터없음),
Q96LW2,,False,True,False,0,0,drop: no_experiment(실험데이터없음),
Q96M32,,False,True,False,0,0,drop: no_experiment(실험데이터없음),
Q96M69,,False,True,False,0,0,drop: no_experiment(실험데이터없음),
Q96MA6,,False,True,False,0,0,drop: no_experiment(실험데이터없음),
Q96NX5,CAMK1G,True,True,True,92,2,kept,
Q96PC2,,False,True,False,0,0,drop: no_experiment(실험데이터없음),
Q96PF2,TSSK2,True,True,True,92,3,kept,
Q96PN8,TSSK3,True,True,True,92,0,kept,
Q96PY6,NEK1,True,True,True,92,6,kept,
Q96Q04,,False,True,False,0,0,drop: no_experiment(실험데이터없음),
Q96Q40,CDK15,True,True,True,48,1,kept,
Q96QP1,,False,True,False,0,0,drop: no_experiment(실험데이터없음),
Q96QS6,,False,True,False,0,0,drop: no_experiment(실험데이터없음),
Q96QT4,TRPM7,True,True,True,92,0,kept,
Q96RG2,PASK,True,True,True,92,1,kept,
Q96RR4,CAMKK2,True,True,True,92,17,kept,
Q96S38,,False,True,False,0,0,drop: no_experiment(실험데이터없음),
Q96S44,,False,True,False,0,0,drop: no_experiment(실험데이터없음),
Q96S53,TESK2,True,True,True,92,4,kept,
Q96SB4,SRPK1,True,True,True,92,2,kept,
Q96T60,,False,True,False,0,0,drop: no_experiment(실험데이터없음),
Q99558,,False,True,False,0,0,drop: no_experiment(실험데이터없음),
Q99570,,False,True,False,0,0,drop: no_experiment(실험데이터없음),
Q99640,PKMYT1,True,True,True,44,6,kept,
Q99683,MAP3K5,True,True,True,92,0,kept,
Q99755,,False,True,False,0,0,drop: no_experiment(실험데이터없음),
Q99759,MAP3K3,True,True,True,92,15,kept,
Q99986,VRK1,True,True,True,92,1,kept,
Q9BQI3,EIF2AK1,True,True,True,92,6,kept,
Q9BRR6,,False,True,False,0,0,drop: no_experiment(실험데이터없음),
Q9BRS2,,False,True,False,0,0,drop: no_experiment(실험데이터없음),
Q9BTU6,,False,True,False,0,0,drop: no_experiment(실험데이터없음),
Q9BUB5,MKNK1,True,True,True,92,8,kept,
Q9BVS4,,False,True,False,0,0,drop: no_experiment(실험데이터없음),
Q9BWU1,CDK19,True,True,True,45,10,kept,
Q9BX84,,False,True,False,0,0,drop: no_experiment(실험데이터없음),
Q9BXA6,TSSK6,True,True,True,92,0,kept,
Q9BXA7,TSSK1B,True,True,True,92,16,kept,
Q9BXM7,,False,True,False,0,0,drop: no_experiment(실험데이터없음),
Q9BXU1,,False,True,False,0,0,drop: no_experiment(실험데이터없음),
Q9BYP7,WNK3,True,True,True,92,2,kept,
Q9BYT3,STK33,True,True,True,92,11,kept,
Q9BZ23,,False,True,False,0,0,drop: no_experiment(실험데이터없음),
Q9BZL6,PRKD2,True,True,True,92,5,kept,
Q9BZX2,,False,True,False,0,0,drop: no_experiment(실험데이터없음),
Q9C098,DCLK3,True,True,True,7,2,kept,
Q9H093,NUAK2,True,True,True,92,16,kept,
Q9H0K1,SIK2,True,True,True,92,21,kept,
Q9H1R3,MYLK2,True,True,True,92,6,kept,
Q9H2G2,,False,True,False,0,0,drop: no_experiment(실험데이터없음),
Q9H2K8,TAOK3,True,True,True,92,2,kept,
Q9H2X6,HIPK2,True,True,True,92,4,kept,
Q9H3S4,,False,True,False,0,0,drop: no_experiment(실험데이터없음),
Q9H3Y6,SRMS,True,True,True,92,9,kept,
Q9H422,HIPK3,True,True,True,92,2,kept,
Q9H477,,False,True,False,0,0,drop: no_experiment(실험데이터없음),
Q9H479,,False,True,False,0,0,drop: no_experiment(실험데이터없음),
Q9H4A3,WNK1,True,True,True,92,1,kept,
Q9H4B4,PLK3,True,True,True,92,0,kept,
Q9H5K3,,False,True,False,0,0,drop: no_experiment(실험데이터없음),
Q9H8X2,,False,True,False,0,0,drop: no_experiment(실험데이터없음),
Q9H999,,False,True,False,0,0,drop: no_experiment(실험데이터없음),
Q9HA47,,False,True,False,0,0,drop: no_experiment(실험데이터없음),
Q9HA64,,False,True,False,0,0,drop: no_experiment(실험데이터없음),
Q9HAZ1,CLK4,True,True,True,92,15,kept,
Q9HBH9,MKNK2,True,True,True,92,7,kept,
Q9HBU6,,False,True,False,0,0,drop: no_experiment(실험데이터없음),
Q9HBY8,SGK2,True,True,True,92,2,kept,
Q9HC98,NEK6,True,True,True,92,0,kept,
Q9HCP0,CSNK1G1,True,True,True,92,1,kept,
Q9NPI5,,False,True,False,0,0,drop: no_experiment(실험데이터없음),
Q9NQU5,PAK6,True,True,True,92,1,kept,
Q9NR20,DYRK4,True,True,True,92,1,kept,
Q9NRA0,,False,True,False,0,0,drop: no_experiment(실험데이터없음),
Q9NRH2,SNRK,True,True,True,92,1,kept,
Q9NRM7,LATS2,True,True,True,92,10,kept,
Q9NRP7,,False,True,False,0,0,drop: no_experiment(실험데이터없음),
Q9NSY1,,False,True,False,0,0,drop: no_experiment(실험데이터없음),
Q9NVF9,,False,True,False,0,0,drop: no_experiment(실험데이터없음),
Q9NWW6,,False,True,False,0,0,drop: no_experiment(실험데이터없음),
Q9NWZ3,IRAK4,True,True,True,92,8,kept,
Q9NWZ5,,False,True,False,0,0,drop: no_experiment(실험데이터없음),
Q9NY57,STK32B,True,True,True,92,2,kept,
Q9NYA1,,False,True,False,0,0,drop: no_experiment(실험데이터없음),
Q9NYL2,MAP3K20,True,True,True,92,14,kept,
Q9NYV4,,False,True,False,0,0,drop: no_experiment(실험데이터없음),
Q9NYY3,PLK2,True,True,True,92,1,kept,
Q9NZJ5,EIF2AK3,True,True,True,92,2,kept,
Q9P0L2,MARK1,True,True,True,92,5,kept,
Q9P1W9,PIM2,True,True,True,92,0,kept,
Q9P286,,False,True,False,0,0,drop: no_experiment(실험데이터없음),
Q9P289,STK26,True,True,True,92,5,kept,
Q9P2K8,EIF2AK4,True,True,True,92,5,kept,
Q9UBE8,NLK,True,True,True,92,4,kept,
Q9UBF8,,False,True,False,0,0,drop: no_experiment(실험데이터없음),
Q9UBS0,RPS6KB2,True,True,True,92,5,kept,
Q9UEE5,STK17A,True,True,True,92,2,kept,
Q9UEW8,STK39,True,True,True,92,11,kept,
Q9UF33,EPHA6,True,True,True,92,26,kept,
Q9UHD2,TBK1,True,True,True,92,3,kept,
Q9UHH9,,False,True,False,0,0,drop: no_experiment(실험데이터없음),
Q9UHJ6,,False,True,False,0,0,drop: no_experiment(실험데이터없음),
Q9UIG0,,False,True,False,0,0,drop: no_experiment(실험데이터없음),
Q9UIJ7,,False,True,False,0,0,drop: no_experiment(실험데이터없음),
Q9UIK4,DAPK2,True,True,True,92,4,kept,
Q9UJ70,,False,True,False,0,0,drop: no_experiment(실험데이터없음),
Q9UK32,RPS6KA6,True,True,True,92,12,kept,
Q9UKE5,TNIK,True,True,True,92,24,kept,
Q9UKI8,TLK1,True,True,True,92,0,kept,
Q9UL54,TAOK2,True,True,True,92,13,kept,
Q9UM73,ALK,True,True,True,92,16,kept,
Q9UPE1,SRPK3,True,True,True,92,1,kept,
Q9UPQ8,,False,True,False,0,0,drop: no_experiment(실험데이터없음),
Q9UPZ9,CILK1,True,True,True,92,7,kept,
Q9UQ07,,False,True,False,0,0,drop: no_experiment(실험데이터없음),
Q9UQ88,,False,True,False,0,0,drop: no_experiment(실험데이터없음),
Q9UQB9,AURKC,True,True,True,92,18,kept,
Q9UQM7,CAMK2A,True,True,True,92,15,kept,
Q9Y223,,False,True,False,0,0,drop: no_experiment(실험데이터없음),
Q9Y243,AKT3,True,True,True,92,2,kept,
Q9Y259,,False,True,False,0,0,drop: no_experiment(실험데이터없음),
Q9Y2H1,STK38L,True,True,True,92,10,kept,
Q9Y2H9,,False,True,False,0,0,drop: no_experiment(실험데이터없음),
Q9Y2I7,,False,True,False,0,0,drop: no_experiment(실험데이터없음),
Q9Y2K2,SIK3,True,True,True,92,7,kept,
Q9Y2U5,MAP3K2,True,True,True,92,9,kept,
Q9Y3D8,,False,True,False,0,0,drop: no_experiment(실험데이터없음),
Q9Y3S1,WNK2,True,True,True,92,0,kept,
Q9Y463,DYRK1B,True,True,True,92,7,kept,
Q9Y4B6,,False,True,False,0,0,drop: no_experiment(실험데이터없음),
Q9Y4K4,MAP4K5,True,True,True,92,17,kept,
Q9Y572,RIPK3,True,True,True,44,12,kept,
Q9Y5B8,,False,True,False,0,0,drop: no_experiment(실험데이터없음),
Q9Y5S2,CDC42BPB,True,True,True,92,4,kept,
Q9Y6E0,STK24,True,True,True,92,7,kept,
Q9Y6K8,,False,True,False,0,0,drop: no_experiment(실험데이터없음),
Q9Y6M4,CSNK1G3,True,True,True,92,2,kept,
Q9Y6R4,,False,True,False,0,0,drop: no_experiment(실험데이터없음),
Q9Y6S9,,False,True,False,0,0,drop: no_experiment(실험데이터없음),
Q9Y6T7,,False,True,False,0,0,drop: no_experiment(실험데이터없음),
