structure_id,uniprot_id,gene_symbol,protein_name,pdb_or_alphafold_accession,model_version,chain,resolution_A,consensus_pocket_residues
6E5509DED394C629ACB1714A5C491F9C,Q2M2I8,AAK1,AP2-associated protein kinase 1,,,,,
7956471B89B188080C41F3209969EAB3,Q6ZMQ8,AATK,Serine/threonine-protein kinase LMTK1,,,,,
D24F1EA01AC4C8D96E75DD9550A0FB09,P00519,ABL1,Tyrosine-protein kinase ABL1,,,,,
4EC88A661C26C4267A606E83CB51D1B8,P42684,ABL2,Tyrosine-protein kinase ABL2,,,,,
A96CC1FDE4A63EBC48B949B16E580FC2,Q04771,ACVR1,Activin receptor type-1,,,,,
067C96504C9D928ED2F9F0C859F4A95F,P36896,ACVR1B,Activin receptor type-1B,,,,,
C8EC42F3B367F8A019F7C917300A4D04,Q8NER5,ACVR1C,Activin receptor type-1C,,,,,
5CE711F3E4272B427621D6A1B96259C8,P27037,ACVR2A,Activin receptor type-2A,,,,,
8906A15D3B30ACC3F8AF92DA4FED9770,Q13705,ACVR2B,Activin receptor type-2B,,,,,
FD8158BBAB6689D9B9A216D8CEDF4D17,P37023,ACVRL1,Serine/threonine-protein kinase receptor R3,,,,,
00EDC3AC8B2581C052A3E2CA2EE1E437,Q7Z695,ADCK2,Uncharacterized aarF domain-containing protein kinase 2,,,,,
605A98546968157ABF6445316E3164B5,Q3MIX3,ADCK5,Uncharacterized aarF domain-containing protein kinase 5,,,,,
7CD3C108517F153710E2464E0EBA328E,P55263,ADK,Adenosine kinase,,,,,
BB1FEC2F2D6CC1BFDB6CD82F132FDD69,Q9BRR6,ADPGK,ADP-dependent glucokinase,,,,,
0327C53894C26C362F08A825F9E8B54D,Q53H12,AGK,"Acylglycerol kinase, mitochondrial",,,,,
D27795E65806E8A18430E30C96459AB3,P00568,AK1,Adenylate kinase isoenzyme 1,,,,,
1D5F6EDE90CBA89890576B7B8123B21D,P54819;Q5REI7,AK2,"Adenylate kinase 2, mitochondrial",,,,,
349980946F08F149725EA0DD64F51E06,Q9UIJ7,AK3,"GTP:AMP phosphotransferase AK3, mitochondrial",,,,,
5813629D3B434371CDDFB0001C3BF92D,P27144,AK4,"Adenylate kinase 4, mitochondrial",,,,,
947C4A030D5493B868F243C5C7A11071,Q9Y6K8,AK5,Adenylate kinase isoenzyme 5,,,,,
43CBFC2FA0235126D1316CF2AFEF19BA,Q9Y3D8,AK6,Adenylate kinase isoenzyme 6,,,,,
D9A242FA932231860230416C6725116B,Q96M32,AK7,Adenylate kinase 7,,,,,
85995FB0A030ECA6A8A004EFA0DBFE6D,Q96MA6,AK8,Adenylate kinase 8,,,,,
C528398A2DD945A57B0DAC8AFAD7F886,Q5TCS8,AK9,Adenylate kinase 9,,,,,
1620296E269940B19BAFA78CA71E003A,P31749,AKT1,RAC-alpha serine/threonine-protein kinase,,,,,
1DD26F451AEA463F58467576EFF14899,P31751,AKT2,RAC-beta serine/threonine-protein kinase,,,,,
9C8EE75C7ABD6C87BD994F32741FC53C,Q9Y243,AKT3,RAC-gamma serine/threonine-protein kinase,,,,,
5F01477836D8EC0393C83F9635F7ADBF,P54886,ALDH18A1,Delta-1-pyrroline-5-carboxylate synthase,,,,,
638C4A64D52D6951AEBA1A615D93068F,Q9UM73,ALK,ALK tyrosine kinase receptor,,,,,
BFE77004199BFD2947E43BB85DE60758,Q96QP1,ALPK1,Alpha-protein kinase 1,,,,,
D93F3AC9DECAA89938DA21ED44DE969C,Q86TB3,ALPK2,Alpha-protein kinase 2,,,,,
AA0FF0517B5471C61EF4A7216FE27DC9,Q96L96,ALPK3,Alpha-protein kinase 3,,,,,
5F9EC1ACA1CAF1AD82334F28BFEDD732,Q16671,AMHR2,Anti-Muellerian hormone type-2 receptor,,,,,
0E2177D0EC35139563C13FACA02901F5,Q8NFD2,ANKK1,Ankyrin repeat and protein kinase domain-containing protein 1,,,,,
B51B47D99C26182D429592A541054B6A,P10398,ARAF,Serine/threonine-protein kinase A-Raf,,,,,
3E54B3BF9E6202C2EB5B407CB67FC5FE,Q13535,ATR,Serine/threonine-protein kinase ATR,,,,,
FF196EDB772CD8A59AAD65AD5718F08F,O14965,AURKA,Aurora kinase A,,,,,
A2092D9052D9794255E32E8E525FF988,Q96GD4,AURKB,Aurora kinase B,,,,,
46B1536F716FC9C8C88E6F2BA055C009,Q9UQB9,AURKC,Aurora kinase C,,,,,
57CD15357B0CAFED33B9BE7506BE14A6,P30530,AXL,Tyrosine-protein kinase receptor UFO,,,,,
57F2FA4F8868D8E34966FC49A8FF08AE,Q9UIG0,BAZ1B,Tyrosine-protein kinase BAZ1B,,,,,
634A7217D0B3195D08C760D05878B2B2,O14874,BCKDK,Branched-chain alpha-ketoacid dehydrogenase kinase,,,,,
E57381F4E6922F554F0236FDDBA15597,P11274,BCR,Breakpoint cluster region protein,,,,,
463416708D3E33694DFDFECA60B1B2B1,P51451,BLK,Tyrosine-protein kinase Blk,,,,,
BE9F30B4429AA11C191C6F5375AC4670,Q9NSY1,BMP2K,BMP-2-inducible protein kinase,,,,,
2384B8303CF754FA1B560AFD8A02EEB3,P36894,BMPR1A,Bone morphogenetic protein receptor type-1A,,,,,
04928476E933618A1E21C78830E0A392,O00238,BMPR1B,Bone morphogenetic protein receptor type-1B,,,,,
D25D18A139BB22D3F55D7753FF980CAD,Q13873,BMPR2,Bone morphogenetic protein receptor type-2,,,,,
9C91E351DEF88DA35F1A3E60C94DFB6B,P51813,BMX,Cytoplasmic tyrosine-protein kinase BMX,,,,,
74C9B69323BD112084C1B5B385E7E6C5,P15056,BRAF,Serine/threonine-protein kinase B-raf,,,,,
A344473AEB2D246C0679969778BA5145,Q8TDC3,BRSK1,Serine/threonine-protein kinase BRSK1,,,,,
CC0D6AC5272939256D1EE551E9CBE403,Q8IWQ3,BRSK2,Serine/threonine-protein kinase BRSK2,,,,,
CDC1EB3031DBBBAD38E0EBFBC0FD30BD,Q06187,BTK,Tyrosine-protein kinase BTK,,,,,
524697D5CA8CA632C56C007C613A4179,O43683,BUB1,Mitotic checkpoint serine/threonine-protein kinase BUB1,,,,,
FAD4F25221136AE6A866CC45AC3E1F1F,O60566,BUB1B,Mitotic checkpoint serine/threonine-protein kinase BUB1 beta,,,,,
7948B05B7667086C771B5AB7AEB51F78,Q14012,CAMK1,Calcium/calmodulin-dependent protein kinase type 1,,,,,
82C96C351A3B58CBCA8FED3796AC306A,Q8IU85,CAMK1D,Calcium/calmodulin-dependent protein kinase type 1D,,,,,
2B5BFD5F37A80501DB34C8EB4F2CFE1A,Q96NX5,CAMK1G,Calcium/calmodulin-dependent protein kinase type 1G,,,,,
396FB1C0679818238C7A4F02B2F5483E,Q5RCC4;Q9UQM7,CAMK2A,Calcium/calmodulin-dependent protein kinase type II subunit alpha,,,,,
14AF4E847B53F1B22DDEEB4D1EA574ED,Q13554,CAMK2B,Calcium/calmodulin-dependent protein kinase type II subunit beta,,,,,
588A9529CA3945950AB346ADC729F62B,Q13557;Q6PHZ2,CAMK2D;Camk2d,Calcium/calmodulin-dependent protein kinase type II subunit delta,,,,,
69D5B11D0A1D0F4F6ED14C640070EB7E,Q13555,CAMK2G,Calcium/calmodulin-dependent protein kinase type II subunit gamma,,,,,
52F3EB8FA3A33513CDDF950ECBD2A286,Q16566,CAMK4,Calcium/calmodulin-dependent protein kinase type IV,,,,,
AD6FFD58B089C6844B983EA0841272CB,Q8N5S9,CAMKK1,Calcium/calmodulin-dependent protein kinase kinase 1,,,,,
23F08EE4173E567E6519E62E221A89A5,Q96RR4,CAMKK2,Calcium/calmodulin-dependent protein kinase kinase 2,,,,,
1DDFA8DC48DC78391C08CEE6FA77BFB9,O14936,CASK,Peripheral plasma membrane protein CASK,,,,,
5A53C289BAFF7C034C2A393FAB940CE2,Q5VT25,CDC42BPA,Serine/threonine-protein kinase MRCK alpha,,,,,
106F30384A8D2A22CA841D7E8111B446,Q9Y5S2,CDC42BPB,Serine/threonine-protein kinase MRCK beta,,,,,
63A0D68B945F4CF5844C2C7EFA43B058,Q6DT37,CDC42BPG,Serine/threonine-protein kinase MRCK gamma,,,,,
C8AEF912151560FBEBC249127ED7F721,O00311,CDC7,Cell division cycle 7-related protein kinase,,,,,
C5F024DB8FDFC09C76E40635FC0AA6F1,P06493,CDK1,Cyclin-dependent kinase 1,,,,,
4585CC96A24EBB64B889B46DE608611A,Q15131,CDK10,Cyclin-dependent kinase 10,,,,,
37927C2060E230E48B5713E32936B06E,Q9UQ88,CDK11A,Cyclin-dependent kinase 11A,,,,,
B6A1325603829C4F0A1C6017B1BFA5D3,P21127,CDK11B,Cyclin-dependent kinase 11B,,,,,
0A685D463D6798FBD30A3E3BE74848E2,Q9NYV4,CDK12,Cyclin-dependent kinase 12,,,,,
49258F06938618935ABB1B75450E84AF,Q14004,CDK13,Cyclin-dependent kinase 13,,,,,
C4259E74930F741EB0F249FD8E6B4164,O94921,CDK14,Cyclin-dependent kinase 14,,,,,
4D69623F20554D5AF5CAB211247937EC,Q96Q40,CDK15,Cyclin-dependent kinase 15,,,,,
7F3ECC8D0EC0BD69820B95DF98FEAF48,Q00536,CDK16,Cyclin-dependent kinase 16,,,,,
EC9C15EE7E279B4F6887A9B95C12338B,Q00537,CDK17,Cyclin-dependent kinase 17,,,,,
3A39B28309825AB8E94D948E2B687D96,Q07002,CDK18,Cyclin-dependent kinase 18,,,,,
44F844FE30F2E4338CF57ED9D1F5F6C3,Q9BWU1,CDK19,Cyclin-dependent kinase 19,,,,,
E738AF340C97DB8838EAACA382C140E1,P24941,CDK2,Cyclin-dependent kinase 2,,,,,
390425DA2ACFD2B57203FC3835A134DF,Q8IZL9,CDK20,Cyclin-dependent kinase 20,,,,,
2AF0621DF719B5AD0BC5777F989987AB,Q00526,CDK3,Cyclin-dependent kinase 3,,,,,
F2274C019B864269CC028C5A676EBCB7,P11802,CDK4,Cyclin-dependent kinase 4,,,,,
CFFE1E33249CA6A4834688B9150248C3,Q00535,CDK5,Cyclin-dependent kinase 5,,,,,
A0BAB246E837D91D518ADC4B9F800D53,Q00534,CDK6,Cyclin-dependent kinase 6,,,,,
EFAC0BA2ABC8F0B14C6B6689A0F2D676,P50613,CDK7,Cyclin-dependent kinase 7,,,,,
FFA33B20A6193BBCABACA30BBCCB53BE,P49336,CDK8,Cyclin-dependent kinase 8,,,,,
2DEC54FB2329F1DED5671E4A5C94123E,P50750,CDK9,Cyclin-dependent kinase 9,,,,,
DE6E81A4BA2B468A10D0039F052A6463,Q92772,CDKL2,Cyclin-dependent kinase-like 2,,,,,
678EAA66D457ED5C74E667880D10EAB6,Q8IVW4,CDKL3,Cyclin-dependent kinase-like 3,,,,,
AB6CFEAE1AFEF792E11F519B5A20A703,Q5MAI5,CDKL4,Cyclin-dependent kinase-like 4,,,,,
4D326BC9F7B19DBA6D92F2F23CECA5B1,O76039,CDKL5,Cyclin-dependent kinase-like 5,,,,,
D9A0CA88167B9F0888589A51FB25BF43,Q8TCT0,CERK,Ceramide kinase,,,,,
A7304385FBC7627192B1408CD0B46DDA,O14757,CHEK1,Serine/threonine-protein kinase Chk1,,,,,
D4BFE45A8F3D01CBF5EAC244D893BA1A,O96017,CHEK2,Serine/threonine-protein kinase Chk2,,,,,
16F61236EE6198D2CF2D8134A78B7C86,P35790,CHKA,Choline kinase alpha,,,,,
3ACFE0BC927397A045D9044F7DE45E0A,Q9Y259,CHKB,Choline/ethanolamine kinase,,,,,
446AB468A56CBCDDBFA576A3FE4F3A6A,O15111,CHUK,Inhibitor of nuclear factor kappa-B kinase subunit alpha,,,,,
1DBF6346758EC00CB648BAF3E8F1FABE,P33076,CIITA,MHC class II transactivator,,,,,
CEE004AE0E88E31B2081890DA1A07E59,Q9UPZ9,CILK1,Serine/threonine-protein kinase ICK,,,,,
0F94F5B37CAA54434E48234364EAEBC8,O14578,CIT,Citron Rho-interacting kinase,,,,,
A7DDA2389D7C69A0014A6AABF1805F2A,P12277,CKB,Creatine kinase B-type,,,,,
56058FEB4D9C3F7490332024FE9E2678,P06732,CKM,Creatine kinase M-type,,,,,
C58F0DD67E6F8F1791464F6EEAF2083C,P12532,CKMT1A,"Creatine kinase U-type, mitochondrial",,,,,
00911BCCA1E00BA37BA2662ACA868D7A,P17540,CKMT2,"Creatine kinase S-type, mitochondrial",,,,,
EB68EEDD814790F1BCD916DD9FF50BE2,P49759,CLK1,Dual specificity protein kinase CLK1,,,,,
3F490DA953D0C1399BCF00F7A6746B5E,P49760,CLK2,Dual specificity protein kinase CLK2,,,,,
09F453C1D3CB772C44C5334072C276E5,P49761,CLK3,Dual specificity protein kinase CLK3,,,,,
B1A5F8955722032E01871E8BD04716CD,Q9HAZ1,CLK4,Dual specificity protein kinase CLK4,,,,,
FD74D87B2996505438AC65CEDF2F9C68,Q4R7R3;Q92989,CLP1,Polyribonucleotide 5'-hydroxyl-kinase Clp1,,,,,
BFDDCED878297E5DEB874C0786C2A46D,P30085,CMPK1,UMP-CMP kinase,,,,,
E6F926DF22EFDDA366311B679ADB849D,Q5EBM0,CMPK2,"UMP-CMP kinase 2, mitochondrial",,,,,
41560ABD00916D0948A7BCB7689B2821,Q13057,COASY,Bifunctional coenzyme A synthase,,,,,
040929A2C7CD26691C84820DC4BA1AAF,Q8NI60,COQ8A,"Atypical kinase COQ8A, mitochondrial",,,,,
EF2E5A7613A699E7E634540816477CCB,Q96D53,COQ8B,"Atypical kinase COQ8B, mitochondrial",,,,,
8D988D2500C4F5A5B5E4062CDC2E0551,P07333,CSF1R,Macrophage colony-stimulating factor 1 receptor,,,,,
64016A73CB830D06C4225BEDE18F3EE5,P41240,CSK,Tyrosine-protein kinase CSK,,,,,
9FE8FFAB125EB4793D7239317E2EAC60,P48729;Q8BK63,CSNK1A1;Csnk1a1,Casein kinase I isoform alpha,,,,,
005F9CB0FA24F63C4FA421E76FFFA289,Q8N752,CSNK1A1L,Casein kinase I isoform alpha-like,,,,,
F6CB250AF125A396596A42297E16BC0A,P35508;P48730,CSNK1D,Casein kinase I isoform delta,,,,,
7F34FB4EF08D9050F8FE27C6D6F995BB,P49674,CSNK1E,Casein kinase I isoform epsilon,,,,,
83FDF9DC3039C42339BC941A0847A1C3,Q9HCP0,CSNK1G1,Casein kinase I isoform gamma-1,,,,,
986A9393AEBC695A16C7B3E597670046,P78368,CSNK1G2,Casein kinase I isoform gamma-2,,,,,
BB69344CAEE31E39F3DB73BCCDCB9171,Q9Y6M4,CSNK1G3,Casein kinase I isoform gamma-3,,,,,
3452DA2573DA72752E984AAD8A035A38,P68399;P68400,CSNK2A1,Casein kinase II subunit alpha,,,,,
E1B98E9E9860AF72C52228381C77726C,P19784,CSNK2A2,Casein kinase II subunit alpha',,,,,
68D7CBA9C08D340CD9027E997A3CA4BD,Q8NEV1,CSNK2A3,Casein kinase II subunit alpha 3,,,,,
463EF701DEAB9E03C247D4A82B274659,P53355,DAPK1,Death-associated protein kinase 1,,,,,
D83C475709F92A87A9566A4EA520CD60,Q9UIK4,DAPK2,Death-associated protein kinase 2,,,,,
C6DD47AAA3C538D2E544DE17A6CC3B70,O43293,DAPK3,Death-associated protein kinase 3,,,,,
79E97D987266EA808DCE9C1DB23146A9,Q9Y4B6,DCAF1,DDB1- and CUL4-associated factor 1,,,,,
55279AF1BA59387CA993D95CFBBA034F,P27707,DCK,Deoxycytidine kinase,,,,,
21FDBAD11AE64C4589B0B46F797F4A35,O15075,DCLK1,Serine/threonine-protein kinase DCLK1,,,,,
850E4B328D778FA0693B3EA54AFD5BF8,Q8N568,DCLK2,Serine/threonine-protein kinase DCLK2,,,,,
35EA5D3EB8E6033A985D9AB60B5F3B5E,Q9C098,DCLK3,Serine/threonine-protein kinase DCLK3,,,,,
9264BDF2992309A1EB17CACBA71846A9,Q08345,DDR1,Epithelial discoidin domain-containing receptor 1,,,,,
EA72B9CC246E4C0F46055E8FB71CD1B6,Q16832,DDR2,Discoidin domain-containing receptor 2,,,,,
75AE0C054CF02A4E1872C0E1EF42A6A5,P23743,DGKA,Diacylglycerol kinase alpha,,,,,
0F365D06BF6D2E8811D48D8A87E51A1F,Q9Y6T7,DGKB,Diacylglycerol kinase beta,,,,,
F5C831FD99997BD0BCD97D7E032CB4E6,Q16760,DGKD,Diacylglycerol kinase delta,,,,,
C4BFD51AFE986DB7B0EF230E1227CBF9,P52429,DGKE,Diacylglycerol kinase epsilon,,,,,
2DF929E2B874E92781849BF7554917B1,P49619,DGKG,Diacylglycerol kinase gamma,,,,,
544F5A7F79447679E770B44232A8EE75,Q86XP1,DGKH,Diacylglycerol kinase eta,,,,,
A242613318A858B7BFF0E04B24E86B1A,O75912,DGKI,Diacylglycerol kinase iota,,,,,
5CC85D9F0D55F513B0BE2F6477B99E89,Q5KSL6,DGKK,Diacylglycerol kinase kappa,,,,,
D639E48B9608DFB25C73B689FF58E59B,P52824,DGKQ,Diacylglycerol kinase theta,,,,,
D667486A647F99CFE046FF85589F6167,Q13574,DGKZ,Diacylglycerol kinase zeta,,,,,
01B6F80048E30E60C7042281EF1B10C6,Q16854,DGUOK,"Deoxyguanosine kinase, mitochondrial",,,,,
7992D3F13204316FB12F9620793F7961,Q09013,DMPK,Myotonin-protein kinase,,,,,
EA113B906723262B8DD6859D2E70CA36,Q9UPQ8,DOLK,Dolichol kinase,,,,,
54D9871A73FE6CCCEB540ADD353EE758,Q6XUX3,DSTYK,Dual serine/threonine and tyrosine protein kinase,,,,,
A8BAC81E0D86C1A68AF8D44C1B1E6FC2,P23919,DTYMK,Thymidylate kinase,,,,,
A6D5668E6F8A2E8004FD184D3D35AF31,Q13627,DYRK1A,Dual specificity tyrosine-phosphorylation-regulated kinase 1A,,,,,
8BE8A7F8E1C9CA3EFBD704414E0C0723,Q9Y463,DYRK1B,Dual specificity tyrosine-phosphorylation-regulated kinase 1B,,,,,
1837C1CD2FCC4CDCA9350D2A19B5B1DB,Q92630,DYRK2,Dual specificity tyrosine-phosphorylation-regulated kinase 2,,,,,
29431A5EEA14745D791FBE7F935D5EA5,O43781,DYRK3,Dual specificity tyrosine-phosphorylation-regulated kinase 3,,,,,
5BD62D3B64F1A9BB17B2F54D4BB6C72F,Q9NR20,DYRK4,Dual specificity tyrosine-phosphorylation-regulated kinase 4,,,,,
11DEEF90EDBA1EEDA75ABEA0265AB5D9,O00418,EEF2K,Eukaryotic elongation factor 2 kinase,,,,,
99D03B567DBCDD7FB0DD21FB40D5D283,P00533,EGFR,Epidermal growth factor receptor,,,,,
546A04BED9FE8B8813FD3526806B3708,Q9BQI3,EIF2AK1,Eukaryotic translation initiation factor 2-alpha kinase 1,,,,,
35647E82876C1DD6F63ECFAEC98C20F4,P19525,EIF2AK2,"Interferon-induced, double-stranded RNA-activated protein kinase",,,,,
A1CF86ECF6D850F68C026C5587994C17,Q9NZJ5,EIF2AK3,Eukaryotic translation initiation factor 2-alpha kinase 3,,,,,
9F6AE88D2FB149DDBC8DF249385C2CD2,Q9P2K8,EIF2AK4,eIF-2-alpha kinase GCN2,,,,,
3DB2C3FC46849DD4F64BEC865C929961,P21709,EPHA1,Ephrin type-A receptor 1,,,,,
FC112E5F26874BE3BAC89F4A56EEDA77,Q5JZY3,EPHA10,Ephrin type-A receptor 10,,,,,
751C83CCAA7E8981AFFA3780720DE9EC,P29317,EPHA2,Ephrin type-A receptor 2,,,,,
D6C32848AF2D8C938493702E52F268A7,P29320,EPHA3,Ephrin type-A receptor 3,,,,,
14942B3A0D7C80DF112F0A18CCA04F47,P54764,EPHA4,Ephrin type-A receptor 4,,,,,
E551F4368A43F7E52BADBBC0260B3C9F,P54756,EPHA5,Ephrin type-A receptor 5,,,,,
765F00ABAFF655DFA682244257CA4236,Q9UF33,EPHA6,Ephrin type-A receptor 6,,,,,
B9C08D241F65A89983F158B1D1F55773,Q15375,EPHA7,Ephrin type-A receptor 7,,,,,
FA6952670D41351705747F0B091D37AE,P29322,EPHA8,Ephrin type-A receptor 8,,,,,
1A8896170FBF6EFCC913D02D247690C3,P54762,EPHB1,Ephrin type-B receptor 1,,,,,
8499CBD3D88427DA406F6FEEA6623E42,P29323,EPHB2,Ephrin type-B receptor 2,,,,,
409AC9E5D5311EEDE6882D3667AB8FC5,P54753,EPHB3,Ephrin type-B receptor 3,,,,,
861C0E725F3985DFAFB5E602F3449B03,P54760,EPHB4,Ephrin type-B receptor 4,,,,,
D89A90920775435179A0D5281A800F78,P04626,ERBB2,Receptor tyrosine-protein kinase erbB-2,,,,,
4A991F48F32CFA86F990AAB1B861BED4,P21860,ERBB3,Receptor tyrosine-protein kinase erbB-3,,,,,
427B0012F5464BDD5B2C4F015A5CB648,Q15303,ERBB4,Receptor tyrosine-protein kinase erbB-4,,,,,
0EFC251039FDEC3701D49161200B4F51,O75460,ERN1,Serine/threonine-protein kinase/endoribonuclease IRE1,,,,,
9A0BA847EAB5C5A958253B3E7E878315,Q76MJ5,ERN2,Serine/threonine-protein kinase/endoribonuclease IRE2,,,,,
7C403FBE6272E1AD39B45A70030AF1D2,Q9HBU6,ETNK1,Ethanolamine kinase 1,,,,,
144A742AF192A34BCFF43B4442AD7364,Q9NVF9,ETNK2,Ethanolamine kinase 2,,,,,
BB928272FB3FF202E7D82FD2B037A810,O75063,FAM20B,Glycosaminoglycan xylosylkinase,,,,,
19C0B491AFA519FBC32584E80BCE2F5F,Q8IXL6,FAM20C,Extracellular serine/threonine protein kinase FAM20C,,,,,
8E8B9745F96D644953DE84197E82516D,Q14296,FASTK,Fas-activated serine/threonine kinase,,,,,
74384CDAEB1DBDA86636659CEBCDB4C6,Q8N0W3,FCSK,L-fucose kinase,,,,,
7F92278498A105FFFA782A04873E8DD9,P16591,FER,Tyrosine-protein kinase Fer,,,,,
D7B557E3C789E6436B0E0C7CA23EF7E0,P07332,FES,Tyrosine-protein kinase Fes/Fps,,,,,
79E75A9C5077E2C19F2FAEE1BF7E88FB,P11362,FGFR1,Fibroblast growth factor receptor 1,,,,,
8278583234A3EDA2A192D8BB50E1FAB8,P21802,FGFR2,Fibroblast growth factor receptor 2,,,,,
632616F7CCB30252CD89AFBA2784BEEC,P22607,FGFR3,Fibroblast growth factor receptor 3,,,,,
0C799CD8EB4A963B013291894BF69E69,P22455,FGFR4,Fibroblast growth factor receptor 4,,,,,
DA7DCDC51F5729F838FA221A713DF499,Q96C11,FGGY,FGGY carbohydrate kinase domain-containing protein,,,,,
408C333701EC7E889D495AEB32D7AE10,P09769,FGR,Tyrosine-protein kinase Fgr,,,,,
899418D99797AA41D4BC8CC50361B11E,P17948,FLT1,Vascular endothelial growth factor receptor 1,,,,,
5D3AEDC2CDCF7B145380CCD8E677B1FA,P36888,FLT3,Receptor-type tyrosine-protein kinase FLT3,,,,,
79F2C0E04D10D98C088CC5B5D495043C,P35916,FLT4,Vascular endothelial growth factor receptor 3,,,,,
C1BF7A0DC75B2EF9E7E77385FCCA0701,Q9H479,FN3K,Fructosamine-3-kinase,,,,,
F70C288A59922FCEA3C6FD0031E8136A,Q9HA64,FN3KRP,Ketosamine-3-kinase,,,,,
B526EF4440D1C76FC1077B8176A15081,P42685,FRK,Tyrosine-protein kinase FRK,,,,,
A4554222869C00FD751DC364E23F6A4D,P06241,FYN,Tyrosine-protein kinase Fyn,,,,,
AEB97D0FF61F621D2C32AAC788E6F779,O14976,GAK,Cyclin-G-associated kinase,,,,,
81E2597053D759B21D2DE7DEC7CF3BC9,P51570,GALK1,Galactokinase,,,,,
4A669A44E4E86E0279105844C8735BBF,Q01415,GALK2,N-acetylgalactosamine kinase,,,,,
3A1A81C56BB6632F341321C6EE146554,P35557,GCK,Hexokinase-4,,,,,
471757C3E02B93E155994360744A7192,P32189,GK,Glycerol kinase,,,,,
E90E3B90F6C1C03420BF9214273C4E4D,Q14410,GK2,Glycerol kinase 2,,,,,
9567E6B9A4B87D40AB4AD26266B9FDBC,Q14409,GK3,Glycerol kinase 3,,,,,
A1AAA2097A604D0BEC8E1548E7D72959,Q6ZS86,GK5,Putative glycerol kinase 5,,,,,
1D7479E7C5EF2F34E808A97088BB0EE2,Q8IVS8,GLYCTK,Glycerate kinase,,,,,
2E31B4891A45B44EE26D1926BCBF5E4F,Q9Y223,GNE,Bifunctional UDP-N-acetylglucosamine 2-epimerase/N-acetylmannosamine kinase,,,,,
D0E3E3930A82F1094A16B8BEEEF6BE54,Q15835,GRK1,Rhodopsin kinase GRK1,,,,,
02EC70E44FE4135EAC56B56C921A2CCB,P25098,GRK2,Beta-adrenergic receptor kinase 1,,,,,
36ADB3089F63F510BB8B9818FEBBE029,P35626,GRK3,G protein-coupled receptor kinase 3,,,,,
95B0E4752620561E87CDD738298D457C,P32298,GRK4,G protein-coupled receptor kinase 4,,,,,
46CFB179D715D72258DFC79080F07744,P34947,GRK5,G protein-coupled receptor kinase 5,,,,,
72A77901783B5049957F816D989CAEE0,P43250,GRK6,G protein-coupled receptor kinase 6,,,,,
80CE9E67BD51E4C231F65F5ECAD44BFF,Q8WTQ7,GRK7,Rhodopsin kinase GRK7,,,,,
E9F351ECC03C35F79F2E8F3612D09FAE,P49840,GSK3A,Glycogen synthase kinase-3 alpha,,,,,
E93D83C1970D960DFC0BF3C997157EEF,P49841,GSK3B,Glycogen synthase kinase-3 beta,,,,,
151E12EA7329D2C5E7CA7C871A6346EC,Q16774,GUK1,Guanylate kinase,,,,,
147CF0612A5B232E49D496D63E42A98A,Q8TF76,HASPIN,Serine/threonine-protein kinase haspin,,,,,
C699AE0A92FC5CD855420130FB067BAB,P08631,HCK,Tyrosine-protein kinase HCK,,,,,
378E539100996A97B13C23B7B49AD350,Q86Z02,HIPK1,Homeodomain-interacting protein kinase 1,,,,,
EA23E433F5A0C6913D2C37946D4FBBD0,Q9H2X6,HIPK2,Homeodomain-interacting protein kinase 2,,,,,
3E6CFF96E130915B466D864C4E1DAF6C,Q9H422,HIPK3,Homeodomain-interacting protein kinase 3,,,,,
59EA148C699183003A9D8D3640B25A20,Q8NE63,HIPK4,Homeodomain-interacting protein kinase 4,,,,,
ED96A0B424475C1C122C42A185A484D7,P19367,HK1,Hexokinase-1,,,,,
03FAD8D8017DF55541DEDE7A8A3E46EE,P52789,HK2,Hexokinase-2,,,,,
1273F8ACC4A9A666D4AF22C02A238A99,P52790,HK3,Hexokinase-3,,,,,
0ED61D3B57CEE58D0F5CD6F84CFB2FCD,Q2TB90,HKDC1,Hexokinase HKDC1,,,,,
2B9757183EBAAA447F6F0D3FEF589F21,P57058,HUNK,Hormonally up-regulated neu tumor-associated kinase,,,,,
BB3819F0F1B224D49401ECA8614F8AC3,A2RU49,HYKK,Hydroxylysine kinase,,,,,
28D77B568A566A45DB995955373D230C,Q5T6J7,IDNK,Probable gluconokinase,,,,,
7319B21E0D5B3E8342FA71C29192F156,P08069,IGF1R,Insulin-like growth factor 1 receptor,,,,,
8B8F623E72B89495992F31C451969829,O14920,IKBKB,Inhibitor of nuclear factor kappa-B kinase subunit beta,,,,,
D7CB57DFD70769758593C4FF8882C5DD,Q14164,IKBKE,Inhibitor of nuclear factor kappa-B kinase subunit epsilon,,,,,
89ED87E857667F1D5303CA0D92891CAB,Q13418,ILK,Integrin-linked protein kinase,,,,,
8EB04104BE33F0A0CB376ED145E684FF,P06213,INSR,Insulin receptor,,,,,
87553AD0C49853D39756807180B1B257,P14616,INSRR,Insulin receptor-related protein,,,,,
9B5576F64AB146A7A8E77A6953819D97,Q92551,IP6K1,Inositol hexakisphosphate kinase 1,,,,,
267BBE73E3D96D259E86B95A18E05301,Q9UHH9,IP6K2,Inositol hexakisphosphate kinase 2,,,,,
D84204FB330814FD0C8757826AA4613D,Q96PC2,IP6K3,Inositol hexakisphosphate kinase 3,,,,,
6E5F1E72F9D2CB41DF6D181CA9BDBE73,Q8NFU5,IPMK,Inositol polyphosphate multikinase,,,,,
1D820C6F2C536789711184883D115C9A,Q9H8X2,IPPK,Inositol-pentakisphosphate 2-kinase,,,,,
7C465F9A42DC946204C257C884BEDA6A,P51617,IRAK1,Interleukin-1 receptor-associated kinase 1,,,,,
7268C70554BE57A866FD90ED8056F69B,Q9NWZ3,IRAK4,Interleukin-1 receptor-associated kinase 4,,,,,
BC739105238EB6E59A00EF883D06430B,Q08881,ITK,Tyrosine-protein kinase ITK/TSK,,,,,
63092EC8782859F703F357FF11B45F91,Q13572,ITPK1,Inositol-tetrakisphosphate 1-kinase,,,,,
030D63AA8629CBA3FEC60AB416C9F531,P23677,ITPKA,Inositol-trisphosphate 3-kinase A,,,,,
1C678B24C1BFECCAC57A9881405A90AA,P27987,ITPKB,Inositol-trisphosphate 3-kinase B,,,,,
F1D6CD4B80F5225D338563120120E485,Q96DU7,ITPKC,Inositol-trisphosphate 3-kinase C,,,,,
933420E3EAC5BE8B1760CDE731133E4A,P23458,JAK1,Tyrosine-protein kinase JAK1,,,,,
06A47FFCC300B3340AE364CBDAF040BE,O60674,JAK2,Tyrosine-protein kinase JAK2,,,,,
298EB2B0A64CE9A00143DB9FA208DB71,P52333,JAK3,Tyrosine-protein kinase JAK3,,,,,
3B93A11BC1683DC849A09618FB5AF54B,P35968,KDR,Vascular endothelial growth factor receptor 2,,,,,
1EA853AE0903837C938D7143AE813D1E,P50053,KHK,Ketohexokinase,,,,,
F753F2B2D9752A30646C83E8630D1DF8,P10721,KIT,Mast/stem cell growth factor receptor Kit,,,,,
C6ED1FA36561567A3861D40D25E51513,Q8IVT5,KSR1,Kinase suppressor of Ras 1,,,,,
8D026DEB0DDE86BE53366907CA765895,Q6VAB6,KSR2,Kinase suppressor of Ras 2,,,,,
44D9556E88310965195C5CA33127EE52,O95835,LATS1,Serine/threonine-protein kinase LATS1,,,,,
EA9B80AC17130F0EBC1681A55D9CF179,Q9NRM7,LATS2,Serine/threonine-protein kinase LATS2,,,,,
4DA4A28A5DDEA0C62C113E19A4A784F7,P06239,LCK,Tyrosine-protein kinase Lck,,,,,
34B17396116C8742909B0FACCA8BD675,P53667,LIMK1,LIM domain kinase 1,,,,,
1AEF751C8E841A4CDC44D2669C45418B,P53671,LIMK2,LIM domain kinase 2,,,,,
E8743684F577066171AD310ED3547B29,Q8IWU2,LMTK2,Serine/threonine-protein kinase LMTK2,,,,,
8AE6BDFB8A2C71C08E75C6133802BB76,Q96Q04,LMTK3,Serine/threonine-protein kinase LMTK3,,,,,
721B4B8DA094439AFE9F549931F26D1B,Q96M69,LRGUK,Leucine-rich repeat and guanylate kinase domain-containing protein,,,,,
069E005C08A5109FA1A54B3B628826AA,Q38SD2,LRRK1,Leucine-rich repeat serine/threonine-protein kinase 1,,,,,
9881E7F1FBEB971605A72097FD1E8F74,Q5S007,LRRK2,Leucine-rich repeat serine/threonine-protein kinase 2,,,,,
F3A0BDC4353E4EA4A196667871AC3D6D,P29376,LTK,Leukocyte tyrosine kinase receptor,,,,,
EB452F495B6F82C2B40124948382F85D,P07948,LYN,Tyrosine-protein kinase Lyn,,,,,
05A0FA43D2081656E825C0F4F91D079C,P20794,MAK,Serine/threonine-protein kinase MAK,,,,,
F551FF58C2776DE1376B4F8830643B0F,Q02750,MAP2K1,Dual specificity mitogen-activated protein kinase kinase 1,,,,,
295F0645DD81840477341044A84D1C19,P36507,MAP2K2,Dual specificity mitogen-activated protein kinase kinase 2,,,,,
121A1CC9E7EE9E20E99A14DAF8BBE3D0,P46734,MAP2K3,Dual specificity mitogen-activated protein kinase kinase 3,,,,,
A020591D3F9F5954A3B0181D979C1B46,P45985,MAP2K4,Dual specificity mitogen-activated protein kinase kinase 4,,,,,
2921A4E0C0A83444BA36D21A2BFEC06F,Q13163,MAP2K5,Dual specificity mitogen-activated protein kinase kinase 5,,,,,
6A0AD3089D5B24496D0B195F03858630,P52564,MAP2K6,Dual specificity mitogen-activated protein kinase kinase 6,,,,,
8580C0C660D37D9762C7359968FDC105,O14733,MAP2K7,Dual specificity mitogen-activated protein kinase kinase 7,,,,,
9A58596B282353F4EC6627519574A871,Q13233,MAP3K1,Mitogen-activated protein kinase kinase kinase 1,,,,,
68890EBFBAEF7A43297D6A7C4324F0FB,Q02779,MAP3K10,Mitogen-activated protein kinase kinase kinase 10,,,,,
70AE0F4D12C76A65B6E0E49CEE557282,Q16584,MAP3K11,Mitogen-activated protein kinase kinase kinase 11,,,,,
79F0254280DC2125D346CDA79CD68870,Q12852,MAP3K12,Mitogen-activated protein kinase kinase kinase 12,,,,,
6067EC91D17B40C80EE27FAB40D80EB0,O43283,MAP3K13,Mitogen-activated protein kinase kinase kinase 13,,,,,
D9CC6D3AAF9D619C94A2A58C4049686C,Q99558,MAP3K14,Mitogen-activated protein kinase kinase kinase 14,,,,,
F183670F5817CEB296BCC3417D468B64,Q6ZN16,MAP3K15,Mitogen-activated protein kinase kinase kinase 15,,,,,
8764F6A5F8C2DEF1A89A456CDB5ED1B2,Q9Y2U5,MAP3K2,Mitogen-activated protein kinase kinase kinase 2,,,,,
5513E71898116CB80BD20C78C2D37F1A,Q9NYL2,MAP3K20,Mitogen-activated protein kinase kinase kinase 20,,,,,
2BD06BDFCE6FB9FD442D30EE4C44C4BE,Q5TCX8,MAP3K21,Mitogen-activated protein kinase kinase kinase 21,,,,,
8444E8F764C5995948DCD432A4560D64,Q99759,MAP3K3,Mitogen-activated protein kinase kinase kinase 3,,,,,
B6A712661BF0E544DE78A892500824A7,Q9Y6R4,MAP3K4,Mitogen-activated protein kinase kinase kinase 4,,,,,
49017C1DC95D13D5DD4AF20AD30B764B,Q99683,MAP3K5,Mitogen-activated protein kinase kinase kinase 5,,,,,
D634034626AA2DAB0AD84D3986D74444,O95382,MAP3K6,Mitogen-activated protein kinase kinase kinase 6,,,,,
069CA90C66A511A434906509B6B1C7FC,O43318,MAP3K7,Mitogen-activated protein kinase kinase kinase 7,,,,,
F1701DAFC1369A3826B6794B953F53DB,P41279,MAP3K8,Mitogen-activated protein kinase kinase kinase 8,,,,,
FF979336CEE28CD90AB6BF1B580E1160,P80192,MAP3K9,Mitogen-activated protein kinase kinase kinase 9,,,,,
B4C3B6180393CD6DCFC1F6DE00E93952,Q92918,MAP4K1,Mitogen-activated protein kinase kinase kinase kinase 1,,,,,
9ECE8F2E893FCFDD0F35522F09DBAF3D,Q12851,MAP4K2,Mitogen-activated protein kinase kinase kinase kinase 2,,,,,
350D1687EDE89FA32181473348763493,Q8IVH8,MAP4K3,Mitogen-activated protein kinase kinase kinase kinase 3,,,,,
1311751483B76DE5EB8AFD2C065CE57D,O95819,MAP4K4,Mitogen-activated protein kinase kinase kinase kinase 4,,,,,
4462D324FEE543269A4C6675580B6A83,Q9Y4K4,MAP4K5,Mitogen-activated protein kinase kinase kinase kinase 5,,,,,
CCB174681D880DA0EAE8C0C11A73434C,P28482,MAPK1,Mitogen-activated protein kinase 1,,,,,
AA5EBC040A73C561149AB7792B896666,P53779,MAPK10,Mitogen-activated protein kinase 10,,,,,
13340B7F92D71F6BB33B5AF0D941E3CD,Q15759,MAPK11,Mitogen-activated protein kinase 11,,,,,
207FF9B2E988830B7209136C4183BBDC,P53778,MAPK12,Mitogen-activated protein kinase 12,,,,,
6D2BB91DBB2ABCC6F0A39C6A23D7470B,O15264,MAPK13,Mitogen-activated protein kinase 13,,,,,
4F35EE5C7E10D2F8F66E8580CD2F9708,Q16539,MAPK14,Mitogen-activated protein kinase 14,,,,,
572900D08288730A7A26FD2890027FB7,Q8TD08,MAPK15,Mitogen-activated protein kinase 15,,,,,
8501FAF469E77A9FBDC0166F5A18BCF6,P27361,MAPK3,Mitogen-activated protein kinase 3,,,,,
4052E4EB097CB7CC7E3F2C98F707A618,P31152,MAPK4,Mitogen-activated protein kinase 4,,,,,
8CBC37FF4423A48219F1F50E08F68475,Q16659,MAPK6,Mitogen-activated protein kinase 6,,,,,
F63DDC4AFDEEEF5CDA779B688FD8492C,Q13164,MAPK7,Mitogen-activated protein kinase 7,,,,,
B89F0AE73BBB390FFF82F35E5B453AA1,P45983,MAPK8,Mitogen-activated protein kinase 8,,,,,
344A92C32093386F463765B4FC3583FB,P45984,MAPK9,Mitogen-activated protein kinase 9,,,,,
159C047122396B5E4BE8F9058D812929,P49137,MAPKAPK2,MAP kinase-activated protein kinase 2,,,,,
3407DBC5FC7A21BC59AAE21AA8706F35,Q16644,MAPKAPK3,MAP kinase-activated protein kinase 3,,,,,
9B3DF9D8C08648F9BF86BB4F40823CA9,Q8IW41,MAPKAPK5,MAP kinase-activated protein kinase 5,,,,,
88AC65432712894AB95DF2A8F398011A,Q9P0L2,MARK1,Serine/threonine-protein kinase MARK1,,,,,
623517A1F4C11124FED81195B66DB89E,Q7KZI7,MARK2,Serine/threonine-protein kinase MARK2,,,,,
B3C8FA3EC22D6EE6F81E349D98B26824,P27448,MARK3,MAP/microtubule affinity-regulating kinase 3,,,,,
8CFA04DA6CE00D2A070A4BA9E758C1A3,Q96L34,MARK4,MAP/microtubule affinity-regulating kinase 4,,,,,
232807C43DC580DD765CB1F1183EC9B7,Q9Y2H9,MAST1,Microtubule-associated serine/threonine-protein kinase 1,,,,,
2031D5DF02710B96343338DD73DA7A16,Q6P0Q8,MAST2,Microtubule-associated serine/threonine-protein kinase 2,,,,,
64DACE3402011BC9098EEDCA966F617A,O60307,MAST3,Microtubule-associated serine/threonine-protein kinase 3,,,,,
9D21F5BF4D5D60D4CD1C40B6E61A6D8F,O15021,MAST4,Microtubule-associated serine/threonine-protein kinase 4,,,,,
3321CD3C36430A0C03A4654825CF112F,Q96GX5,MASTL,Serine/threonine-protein kinase greatwall,,,,,
997284A844C2AC28A5AFC67B8226F17B,P42679,MATK,Megakaryocyte-associated tyrosine-protein kinase,,,,,
6B8130CBABD4A6CF226098056D1E81C3,Q14680,MELK,Maternal embryonic leucine zipper kinase,,,,,
ECF54D89A60264A682A4DFC85A7ADE07,Q12866,MERTK,Tyrosine-protein kinase Mer,,,,,
EE0753C4F68E188BDDB0C66890BEEE23,P08581,MET,Hepatocyte growth factor receptor,,,,,
3F4809BD211DE7E653155FFD55E867F6,Q8N4C8,MINK1,Misshapen-like kinase 1,,,,,
C9BE1BD12301019F6EE750057C8BF2D3,Q9BUB5,MKNK1,MAP kinase-interacting serine/threonine-protein kinase 1,,,,,
092DDC60CD051DFC46DE654C56F0466B,Q9HBH9,MKNK2,MAP kinase-interacting serine/threonine-protein kinase 2,,,,,
F6CE46FAE9650D53B5DC8C72413F7F6B,Q9UQ07,MOK,MAPK/MAK/MRK overlapping kinase,,,,,
965E7E5617B96CA3A325EBC0D70734B0,P00540,MOS,Proto-oncogene serine/threonine-protein kinase mos,,,,,
89D4AE43FA1F929C184CD778D5DDD4C0,Q04912,MST1R,Macrophage-stimulating protein receptor,,,,,
D3BE1A657B7FDB5AB4C03E12D4452164,P42345,MTOR,Serine/threonine-protein kinase mTOR,,,,,
82D558B6B30ED4E47DFE1E69AFE04BC8,O15146,MUSK,"Muscle, skeletal receptor tyrosine-protein kinase",,,,,
BFDEBCDD98AEBB383EAB651F93A3325F,Q03426,MVK,Mevalonate kinase,,,,,
66131FDA098C42A876C1A261FDAB289C,Q15746,MYLK,"Myosin light chain kinase, smooth muscle",,,,,
8D4C7216ECE41BFB701355146ED4F9C4,Q9H1R3,MYLK2,"Myosin light chain kinase 2, skeletal/cardiac muscle",,,,,
C0CE139AB765292D03FF3EA17FB92438,Q32MK0,MYLK3,Myosin light chain kinase 3,,,,,
EAFEE617EDFFEA0BD5F9613619AD8EC9,Q86YV6,MYLK4,Myosin light chain kinase family member 4,,,,,
D75FAFA6D628FDDD44E3697DC5D47926,Q8NEV4,MYO3A,Myosin-IIIa,,,,,
D8DEDEEE4A4E4F1FBAC44E31240D6E3A,Q8WXR4,MYO3B,Myosin-IIIb,,,,,
CAA016E121C06E5080A1E0A4AB40C04F,O95544,NADK,NAD kinase,,,,,
657E706F62788F4BBE5CF05044C7A88B,Q4G0N4,NADK2,"NAD kinase 2, mitochondrial",,,,,
D050D18ADA6E396DD32FB69AB42A4880,Q9UJ70,NAGK,N-acetyl-D-glucosamine kinase,,,,,
07BC4395A7BACF678287CFFC95377D6B,Q96PY6,NEK1,Serine/threonine-protein kinase Nek1,,,,,
D35E5F327923FAF874557A42E328C113,Q6ZWH5,NEK10,Serine/threonine-protein kinase Nek10,,,,,
904C208D5B7F91E24C6F131FCCF60073,Q8NG66,NEK11,Serine/threonine-protein kinase Nek11,,,,,
B7EBA0F2F92AD245DC0CDAFC864B37BD,P51955,NEK2,Serine/threonine-protein kinase Nek2,,,,,
7788769B15E452B03EC905D21C76BEA3,P51956,NEK3,Serine/threonine-protein kinase Nek3,,,,,
82E1EF0871FE512226D2B7508B3F4DBE,P51957,NEK4,Serine/threonine-protein kinase Nek4,,,,,
A18600725417B9D75740650D1E056C8D,Q6P3R8,NEK5,Serine/threonine-protein kinase Nek5,,,,,
62E9AF939BA47084598B1661C0691B0E,Q9HC98,NEK6,Serine/threonine-protein kinase Nek6,,,,,
E2640B1EDC13D90DAA1791A3F5C5E2D9,Q8TDX7,NEK7,Serine/threonine-protein kinase Nek7,,,,,
7191966DB3D71393D298ED4DA166E606,Q86SG6,NEK8,Serine/threonine-protein kinase Nek8,,,,,
3CB6B6B668ED5F7A90159F9D1DCB0EC2,Q8TD19,NEK9,Serine/threonine-protein kinase Nek9,,,,,
8EB3810B40456978E2D560896156A22E,Q8IY84,NIM1K,Serine/threonine-protein kinase NIM1,,,,,
CF3CB484BD512A68F0D48EB1CC28C895,Q9UBE8,NLK,Serine/threonine-protein kinase NLK,,,,,
C4DC717B15C3A401368422BB7560F403,P15531;Q5RC56,NME1,Nucleoside diphosphate kinase A,,,,,
EE5BE85637A298781C18B315C52745F9,P22392,NME2,Nucleoside diphosphate kinase B,,,,,
4411D57B81D53C0AB445386A15686EDA,O60361,NME2P1,Putative nucleoside diphosphate kinase,,,,,
1F14209408032C0D38D40F40FB603E29,Q13232,NME3,Nucleoside diphosphate kinase 3,,,,,
B2674879868921D916FE54C59C9378E0,O00746,NME4,"Nucleoside diphosphate kinase, mitochondrial",,,,,
38C3DC0FF8FD8864296DD2368A33B4FF,O75414,NME6,Nucleoside diphosphate kinase 6,,,,,
9D921DF48A4D12E2A54B30C8CF521AE4,Q9Y5B8,NME7,Nucleoside diphosphate kinase homolog 7,,,,,
D6E63CDC7BA4F5A0964CF17863D4E59C,Q9NWW6,NMRK1,Nicotinamide riboside kinase 1,,,,,
AD06EC33083D224C11EBE0F10F3103C0,Q9NPI5,NMRK2,Nicotinamide riboside kinase 2,,,,,
D4020097AD25C4044168D5A95F05403F,Q5SY16,NOL9,Polynucleotide 5'-hydroxyl-kinase NOL9,,,,,
C9FA166DECC7F0A5CEEB12680CB1CE09,Q7Z2Y5,NRK,Nik-related protein kinase,,,,,
4A99A7644710818E8173E9BBB71BEE17,P04629,NTRK1,High affinity nerve growth factor receptor,,,,,
7E8FFAA24C4C9DBF3298FA9DE914FB5A,Q16620,NTRK2,BDNF/NT-3 growth factors receptor,,,,,
C1E8589E21DA02F05E1A688A075DEBFF,Q16288,NTRK3,NT-3 growth factor receptor,,,,,
572E4A542B2A0965F318925D94D9BD0D,O60285,NUAK1,NUAK family SNF1-like kinase 1,,,,,
6C2D2F4426B898EB5AEA5626E7175348,Q9H093,NUAK2,NUAK family SNF1-like kinase 2,,,,,
61404B3505964D63151CEA66C13373C8,O95747,OXSR1,Serine/threonine-protein kinase OSR1,,,,,
3E8D19052B87DE5BFC4954B226C2FF8F,Q13153,PAK1,Serine/threonine-protein kinase PAK 1,,,,,
8DF8E84EBA129585F62AD70D760B1689,Q13177,PAK2,Serine/threonine-protein kinase PAK 2,,,,,
3773B36EB9E8DF4E378B85B2B7EA48BB,O75914;Q7YQL3;Q7YQL4,PAK3,Serine/threonine-protein kinase PAK 3,,,,,
22B838D24D13B1A0768A8C4750A19051,O96013,PAK4,Serine/threonine-protein kinase PAK 4,,,,,
1D06A3DDCE3A4CA00DF65110AA4EA447,Q9P286,PAK5,Serine/threonine-protein kinase PAK 5,,,,,
7B2B0C50BF2C12BE32FB45209F67D255,Q9NQU5,PAK6,Serine/threonine-protein kinase PAK 6,,,,,
463588694A1022E7E2F8F2D28C06AECB,Q8TE04,PANK1,Pantothenate kinase 1,,,,,
E50858462979B9F1031A479EB3FE801D,Q9BZ23,PANK2,"Pantothenate kinase 2, mitochondrial",,,,,
EA85E04333D9A21A5BC0D5C63094C3EB,Q9H999,PANK3,Pantothenate kinase 3,,,,,
DB6D6143F9E03F17E476505C9770009C,O43252,PAPSS1,Bifunctional 3'-phosphoadenosine 5'-phosphosulfate synthase 1,,,,,
1D11F0BBDB2DA4EA654DB4E5F5EB3517,O95340,PAPSS2,Bifunctional 3'-phosphoadenosine 5'-phosphosulfate synthase 2,,,,,
306A5F50D2AB1D0B3693279EAB13C5A0,Q96RG2,PASK,PAS domain-containing serine/threonine-protein kinase,,,,,
0A086AEA9F0B3C646005C57BC108A159,Q96KB5,PBK,Lymphokine-activated killer T-cell-originated protein kinase,,,,,
9D6A071842E976C8DE1949BD321BD38E,P35558,PCK1,"Phosphoenolpyruvate carboxykinase, cytosolic [GTP]",,,,,
312CA57791F95F6DC515DB8EDB69595A,P16234,PDGFRA,Platelet-derived growth factor receptor alpha,,,,,
364F9869F2761B926EB2723D24AA5FEE,P09619,PDGFRB,Platelet-derived growth factor receptor beta,,,,,
2FECDC87F4B369F8464C94D42FC8AAD5,Q8N165,PDIK1L,Serine/threonine-protein kinase PDIK1L,,,,,
6EBB0E3426D1842C69D1C5A6B6EAD01D,Q15118,PDK1,"[Pyruvate dehydrogenase (acetyl-transferring)] kinase isozyme 1, mitochondrial",,,,,
2AEABF3A06284A441E14DD03449BB30B,O15530,PDPK1,3-phosphoinositide-dependent protein kinase 1,,,,,
C7A7925ED8FD2D4C3935DE96780B2221,Q6A1A2,PDPK2P,Putative 3-phosphoinositide-dependent protein kinase 2,,,,,
DD1B930A6597075E715769D1E3BC1701,O00764,PDXK,Pyridoxal kinase,,,,,
416F43DDA5CFA33C721C0AF9938DD698,P16118,PFKFB1,"6-phosphofructo-2-kinase/fructose-2,6-bisphosphatase 1",,,,,
4413DB4A6F83E6C877D1546F87C9EB2A,O60825,PFKFB2,"6-phosphofructo-2-kinase/fructose-2,6-bisphosphatase 2",,,,,
404512D656D8D337A4C52091319AA40C,Q16875,PFKFB3,"6-phosphofructo-2-kinase/fructose-2,6-bisphosphatase 3",,,,,
D650DDE360D9E887DBED7D2F6A507C87,Q16877,PFKFB4,"6-phosphofructo-2-kinase/fructose-2,6-bisphosphatase 4",,,,,
212872D5CC0AA7AB0455378AE2D49F45,P17858,PFKL,"ATP-dependent 6-phosphofructokinase, liver type",,,,,
71DA4F4A367822DFE859E6827019B338,P08237,PFKM,"ATP-dependent 6-phosphofructokinase, muscle type",,,,,
6C3EAF761D746021CB2401B1B82920B6,Q01813,PFKP,"ATP-dependent 6-phosphofructokinase, platelet type",,,,,
7E9C0B3C11306A3463E3BE6EBB98602D,A5A6K4;P00558,PGK1,Phosphoglycerate kinase 1,,,,,
97411614725E81120AE791FF098ABE56,P07205,PGK2,Phosphoglycerate kinase 2,,,,,
3DBDF2C291337A30DCF5BA923B218EE4,Q16816,PHKG1,"Phosphorylase b kinase gamma catalytic chain, skeletal muscle/heart isoform",,,,,
8F82952583EF414EA4F7DB2782A30FE6,P15735,PHKG2,"Phosphorylase b kinase gamma catalytic chain, liver/testis isoform",,,,,
E601B7DADFDCC25CC694B145689693DE,Q9BTU6,PI4K2A,Phosphatidylinositol 4-kinase type 2-alpha,,,,,
1BB3197D0A6FE9C4742B33A72A13089D,Q8TCG2,PI4K2B,Phosphatidylinositol 4-kinase type 2-beta,,,,,
9305CA7E580ECE7B2C7100CFC5B7A37E,P42356,PI4KA,Phosphatidylinositol 4-kinase alpha,,,,,
5C6952A5E871568E267D0415BF392F65,A4QPH2,PI4KAP2,Putative phosphatidylinositol 4-kinase alpha-like protein P2,,,,,
5468B76EF67EE32A99C84EDD63E82B88,Q9UBF8,PI4KB,Phosphatidylinositol 4-kinase beta,,,,,
D1126DC988BD181DAD68B68F0365F976,O00443,PIK3C2A,Phosphatidylinositol 4-phosphate 3-kinase C2 domain-containing subunit alpha,,,,,
A5659D42BE2825621CE7EFE1B3E906BC,O00750,PIK3C2B,Phosphatidylinositol 4-phosphate 3-kinase C2 domain-containing subunit beta,,,,,
F32641961D1BE377EDE4B0A5E9E9A157,Q8NEB9,PIK3C3,Phosphatidylinositol 3-kinase catalytic subunit type 3,,,,,
57DFFFEAF93FEB9540374ED9AB20EACA,P42336,PIK3CA,"Phosphatidylinositol 4,5-bisphosphate 3-kinase catalytic subunit alpha isoform",,,,,
C537C319BA44771C70857064839B3689,P42338,PIK3CB,"Phosphatidylinositol 4,5-bisphosphate 3-kinase catalytic subunit beta isoform",,,,,
69F91A46A5356658458E344EA4A78BCA,O00329,PIK3CD,"Phosphatidylinositol 4,5-bisphosphate 3-kinase catalytic subunit delta isoform",,,,,
A09C33BF46654DB6FAD51846F9219E6C,P48736,PIK3CG,"Phosphatidylinositol 4,5-bisphosphate 3-kinase catalytic subunit gamma isoform",,,,,
E15A98EF5B561B49D4D26C42D9788391,Q99570,PIK3R4,Phosphoinositide 3-kinase regulatory subunit 4,,,,,
157AC8855DF6977D4396190FFCD30035,Q9Y2I7,PIKFYVE,1-phosphatidylinositol 3-phosphate 5-kinase,,,,,
C582C69FFFF7870860548BDFD83E30D0,P11309,PIM1,Serine/threonine-protein kinase pim-1,,,,,
68B99C3E1AC5798D34D84DE46A1BF420,Q9P1W9,PIM2,Serine/threonine-protein kinase pim-2,,,,,
8327A2021EF972C9FD08B00C654310BE,Q86V86,PIM3,Serine/threonine-protein kinase pim-3,,,,,
CD2186CE66F346797DA21EE113FBBA58,Q9BXM7,PINK1,"Serine/threonine-protein kinase PINK1, mitochondrial",,,,,
E7C0C91AF9F339CE735BE6888230F246,P48426,PIP4K2A,Phosphatidylinositol 5-phosphate 4-kinase type-2 alpha,,,,,
B78F477508A2FB1765530101E9E9E861,P78356,PIP4K2B,Phosphatidylinositol 5-phosphate 4-kinase type-2 beta,,,,,
F15A59B73B5223E67FE6AF605E0033F1,Q8TBX8,PIP4K2C,Phosphatidylinositol 5-phosphate 4-kinase type-2 gamma,,,,,
2649C5BF571237EC98D7917E160A2140,Q99755,PIP5K1A,Phosphatidylinositol 4-phosphate 5-kinase type-1 alpha,,,,,
FA4B464A83611883F9375044FFC40DA3,O14986,PIP5K1B,Phosphatidylinositol 4-phosphate 5-kinase type-1 beta,,,,,
577215E2E723C7A88690B08FCD9C74A2,O60331,PIP5K1C,Phosphatidylinositol 4-phosphate 5-kinase type-1 gamma,,,,,
7FD8CCB04DBB1578A3245BE3B3FA2CAF,Q5T9C9,PIP5KL1,Phosphatidylinositol 4-phosphate 5-kinase-like protein 1,,,,,
3A8F5A7FC3C43B55FF45B8AACCACE51E,Q504Y2,PKDCC,Extracellular tyrosine-protein kinase PKDCC,,,,,
9E485BFDF0D795CAEA2EE212ABF8C92A,P30613,PKLR,Pyruvate kinase PKLR,,,,,
B9F341DB7EDC1C70C1439F8176EA2889,P14618,PKM,Pyruvate kinase PKM,,,,,
DE9451041FFB0DF392EF598A718E1CC7,Q99640,PKMYT1,Membrane-associated tyrosine- and threonine-specific cdc2-inhibitory kinase,,,,,
3493F966633C0810D7651F97B71543BF,Q16512,PKN1,Serine/threonine-protein kinase N1,,,,,
8014F731EBB9CD8202F732AB6628D989,Q16513,PKN2,Serine/threonine-protein kinase N2,,,,,
325537B4B59B32E56D833B4C9BE42F82,Q6P5Z2,PKN3,Serine/threonine-protein kinase N3,,,,,
64384450345881B482B0CB08336F85EE,P53350,PLK1,Serine/threonine-protein kinase PLK1,,,,,
4C7CE0120DFAD6C1BEB343B57D7CE9C5,Q9NYY3,PLK2,Serine/threonine-protein kinase PLK2,,,,,
F4D8AF21819414FDDABE0B9F660A4C04,Q9H4B4,PLK3,Serine/threonine-protein kinase PLK3,,,,,
2B7018A774A883C2C7404DE9D40E9A42,O00444,PLK4,Serine/threonine-protein kinase PLK4,,,,,
1A7922B7401446094421E4B0788EAD90,A4D2B8,PMS2P1,Putative postmeiotic segregation increased 2-like protein 1,,,,,
726EE5B73C51A84CCDB25984A58F2A53,Q13670,PMS2P11,Putative postmeiotic segregation increased 2-like protein 11,,,,,
2C8E0B55872A81709A10FA7FE42EC61E,Q15126,PMVK,Phosphomevalonate kinase,,,,,
E958BF7B8985A07F053CC45B6CA6CF23,Q6P2M8,PNCK,Calcium/calmodulin-dependent protein kinase type 1B,,,,,
63CCFE607E269A5D2AEB4CE20BA3A12E,Q96T60,PNKP,Bifunctional polynucleotide phosphatase/kinase,,,,,
CD6423E330091AC55DF15FFF9444C987,Q9H5K3,POMK,Protein O-mannose kinase,,,,,
DBDFCB25B712A4F9F46FD99E012F8CF3,Q6PFW1,PPIP5K1,Inositol hexakisphosphate and diphosphoinositol-pentakisphosphate kinase 1,,,,,
9E3ED67991B8150473B48A4CF4D74ADD,O43314,PPIP5K2,Inositol hexakisphosphate and diphosphoinositol-pentakisphosphate kinase 2,,,,,
676DC3992822C9654F4F67C3EEA7F843,Q13131,PRKAA1,5'-AMP-activated protein kinase catalytic subunit alpha-1,,,,,
D2338540FCE8E2755F238B1D5066A1A4,P54646,PRKAA2,5'-AMP-activated protein kinase catalytic subunit alpha-2,,,,,
F9F01FAA42B67AD656136609DACD4E9A,P17612,PRKACA,cAMP-dependent protein kinase catalytic subunit alpha,,,,,
C636AB9E52C09404269D250FC260150C,P22694,PRKACB,cAMP-dependent protein kinase catalytic subunit beta,,,,,
4550F9CFCCB51107DB6EFC6B2C86CCAD,P22612,PRKACG,cAMP-dependent protein kinase catalytic subunit gamma,,,,,
F1E89AA299309140E47590A95EB78C41,P17252,PRKCA,Protein kinase C alpha type,,,,,
18D18D3A04BE6E5EA9C24762D94D5FA1,P05771,PRKCB,Protein kinase C beta type,,,,,
C30946C08AB398346FE2E6BD336CA8F4,Q05655,PRKCD,Protein kinase C delta type,,,,,
D7EE634AF51EE43A99FA384563CA54F2,Q02156,PRKCE,Protein kinase C epsilon type,,,,,
3D5A3DAE8020A80A3D8385A58EF6DBA7,P05129,PRKCG,Protein kinase C gamma type,,,,,
5EBF32AD0FAC45C779A41A908F76A94B,P24723,PRKCH,Protein kinase C eta type,,,,,
955A0B1F912681537125328F43C515C6,P41743,PRKCI,Protein kinase C iota type,,,,,
BFFE28F8AA424873F7864A842F842F72,Q04759,PRKCQ,Protein kinase C theta type,,,,,
B70CA5932565C6B507515B708FA01636,Q05513,PRKCZ,Protein kinase C zeta type,,,,,
59B5717AEF295BFDABA454042788FE8C,Q15139,PRKD1,Serine/threonine-protein kinase D1,,,,,
804B527CD4FC0992B800CEDA92A8D048,Q9BZL6,PRKD2,Serine/threonine-protein kinase D2,,,,,
D0899C0E8DB8E72A19ABD172F5AD7F45,O94806,PRKD3,Serine/threonine-protein kinase D3,,,,,
E13D4905AE105519CB314D29BDA73EE9,Q13976,PRKG1,cGMP-dependent protein kinase 1,,,,,
9D86072D7DE176F6BD300AEB3F1A84A9,Q13237,PRKG2,cGMP-dependent protein kinase 2,,,,,
55D9582B969948FCDA3098F410B53E15,P51817,PRKX,cAMP-dependent protein kinase catalytic subunit PRKX,,,,,
9062E8218CC4E9D5A7747135AE4DE94E,O43930,PRKY,Putative serine/threonine-protein kinase PRKY,,,,,
CC92BCD03971F1BBCB8A674EB1C03830,Q13523,PRP4K,Serine/threonine-protein kinase PRP4 homolog,,,,,
9A253203F2900E4E03845C669FF11E17,P60891;P60892;Q2HJ58;Q5RFJ7;Q9D7G0,PRPS1;Prps1,Ribose-phosphate pyrophosphokinase 1,,,,,
8B0D16C02A126CBEADDA7C87DF6BB664,P21108,PRPS1L1,Ribose-phosphate pyrophosphokinase 3,,,,,
38DAB6572F3148D15DC541F654FB9C52,P11908;Q4R4R7;Q5R8F8,PRPS2,Ribose-phosphate pyrophosphokinase 2,,,,,
15E6888E20F1B97B4491B27D4941C226,P11801,PSKH1,Serine/threonine-protein kinase H1,,,,,
11F862C13CF65FE7F7D7FE62918C0DF3,Q96QS6,PSKH2,Serine/threonine-protein kinase H2,,,,,
E058E41528C04BA7604DBE3FE0031966,Q8IV42,PSTK,L-seryl-tRNA(Sec) kinase,,,,,
90E48A696FE33EB2470B05009CC5D288,Q05397,PTK2,Focal adhesion kinase 1,,,,,
EFF74A513866FFF089A223C2F581C47B,Q14289,PTK2B,Protein-tyrosine kinase 2-beta,,,,,
6402BC6A0F336E0CCB7BF6035EB7ECA6,Q13882,PTK6,Protein-tyrosine kinase 6,,,,,
D231D020CB5D921E3A7C5BBE10089245,P04049;Q5R5M7,RAF1,RAF proto-oncogene serine/threonine-protein kinase,,,,,
0DD8F3F0EE27299603F9A65EA3472094,Q9H477,RBKS,Ribokinase,,,,,
975D8B611319EB0AFD1B7F9439F12AB7,P07949,RET,Proto-oncogene tyrosine-protein kinase receptor Ret,,,,,
D84CD5E28D6BD784FF85E86466ADF5BE,Q969G6,RFK,Riboflavin kinase,,,,,
047CC4511C5431F13DACB3AA77CB555C,Q9BRS2,RIOK1,Serine/threonine-protein kinase RIO1,,,,,
01B1E20FA3F8B5C5DCF6905976627BB9,Q9BVS4,RIOK2,Serine/threonine-protein kinase RIO2,,,,,
A3194EE57A6C080D2B8ABC416D90F76E,O14730,RIOK3,Serine/threonine-protein kinase RIO3,,,,,
259F91067E4215F9DC29A11D6CAD461F,Q13546,RIPK1,Receptor-interacting serine/threonine-protein kinase 1,,,,,
9FAB357664BCB6AAF6D68320F38AD955,O43353,RIPK2,Receptor-interacting serine/threonine-protein kinase 2,,,,,
EC33234CBDC2A0F075F70D2DF498C55A,Q9Y572,RIPK3,Receptor-interacting serine/threonine-protein kinase 3,,,,,
D77B4161B21DFEE19FC0B05CB5274B69,P57078,RIPK4,Receptor-interacting serine/threonine-protein kinase 4,,,,,
092461D2E13AD54EE72BE3459CC73D02,Q13464,ROCK1,Rho-associated protein kinase 1,,,,,
CDAC56F3FB25A24D9A7C1593498F04E2,O75116,ROCK2,Rho-associated protein kinase 2,,,,,
D6D69C72076502751A8EA62887F1A366,Q01973,ROR1,Inactive tyrosine-protein kinase transmembrane receptor ROR1,,,,,
0026DC4A3BFE07C8D2F0EBB94E113217,Q01974,ROR2,Tyrosine-protein kinase transmembrane receptor ROR2,,,,,
69F18BD2BCCDC73111154F2D23B9E30A,P08922,ROS1,Proto-oncogene tyrosine-protein kinase ROS,,,,,
B042873D6B5CB29DCAF26721AF6C5995,Q15418,RPS6KA1,Ribosomal protein S6 kinase alpha-1,,,,,
B2898AA8C8A6789E7B4D1DF7C54E8A85,Q15349,RPS6KA2,Ribosomal protein S6 kinase alpha-2,,,,,
805BAE60F57CDD008CA3AA26C44EDBA9,P51812,RPS6KA3,Ribosomal protein S6 kinase alpha-3,,,,,
E855D2B1A5703611F79EA65CE6F048DA,O75676,RPS6KA4,Ribosomal protein S6 kinase alpha-4,,,,,
EF4BDE4C2BDF1B63842A0C77E84FC437,O75582,RPS6KA5,Ribosomal protein S6 kinase alpha-5,,,,,
7F3DA8EB583F47952286DEC1D00988B1,Q9UK32,RPS6KA6,Ribosomal protein S6 kinase alpha-6,,,,,
7C70BA1D36E2A071B194F662AEB256D0,P23443,RPS6KB1,Ribosomal protein S6 kinase beta-1,,,,,
7B57E98FBEF6B0F248EA172B8DE1F3F1,Q9UBS0,RPS6KB2,Ribosomal protein S6 kinase beta-2,,,,,
3D43EA51E6981358A63B91A7A71B8C3F,Q96S38,RPS6KC1,Ribosomal protein S6 kinase delta-1,,,,,
29D799B272C1F9B583CF470FDE3647FB,Q9Y6S9,RPS6KL1,Ribosomal protein S6 kinase-like 1,,,,,
F7A33167E8B2CFACF0699E4650CEF0A1,Q96LW2,RSKR,Ribosomal protein S6 kinase-related protein,,,,,
5BB0B2BA1FA40F7C77C725FF664F9767,P34925,RYK,Tyrosine-protein kinase RYK,,,,,
8D9531CFF5570FB044861337598FA563,Q52WX2,SBK1,Serine/threonine-protein kinase SBK1,,,,,
65975834F00CA57E2BAD3FA5A450DDEF,P0C263,SBK2,Serine/threonine-protein kinase SBK2,,,,,
36F0CA6FC74A06363476D0C88C1E15B3,P0C264,SBK3,Uncharacterized serine/threonine-protein kinase SBK3,,,,,
BE127C6245A79756A5292522DFA6DC99,P49903;Q5RF87,SEPHS1,"Selenide, water dikinase 1",,,,,
2F8966AE432B96DB8F45F9F59BE26C50,O00141,SGK1,Serine/threonine-protein kinase Sgk1,,,,,
2B87B90A88B70D0ECB401C4D0F529C84,Q9HBY8,SGK2,Serine/threonine-protein kinase Sgk2,,,,,
0AAC7E1AD3DE868D74674B74F06CC8F2,Q5R7A7;Q96BR1,SGK3,Serine/threonine-protein kinase Sgk3,,,,,
E282B306A6503DA2F6C375284A16A796,Q86VZ5,SGMS1,Phosphatidylcholine:ceramide cholinephosphotransferase 1,,,,,
63E4F84634CA67A276BE3620189B7CAD,Q8NHU3,SGMS2,Phosphatidylcholine:ceramide cholinephosphotransferase 2,,,,,
3A9E1278C0586AAA79D8C53A795F3211,Q9UHJ6,SHPK,Sedoheptulokinase,,,,,
6520D2A857C8369CB720178CCB9BA9AC,P57059,SIK1,Serine/threonine-protein kinase SIK1,,,,,
09850A4F391A7E64FB8DC89B6512A055,A0A0B4J2F2,SIK1B,Putative serine/threonine-protein kinase SIK1B,,,,,
3C7CD7C9BC03665BD79E1C91B2E3349F,Q9H0K1,SIK2,Serine/threonine-protein kinase SIK2,,,,,
1133AB685791C65B54B9D80F67B85432,Q9Y2K2,SIK3,Serine/threonine-protein kinase SIK3,,,,,
6FDCF11FCF8D897C520438F44F03A3BB,Q9H2G2,SLK,STE20-like serine/threonine-protein kinase,,,,,
F30C5DA7D0357E12075B4495B2EEFD86,Q9NRH2,SNRK,SNF-related serine/threonine-protein kinase,,,,,
A50826B340432473CBA066EDD7E79BA4,Q9NYA1,SPHK1,Sphingosine kinase 1,,,,,
A9DB81640C7BB955D918FD3E5537BA5A,Q9NRA0,SPHK2,Sphingosine kinase 2,,,,,
B34856872BE278010271203E00BEE542,P12931,SRC,Proto-oncogene tyrosine-protein kinase Src,,,,,
C26FF33BDBE0E78410BBDB19E92C5AB8,Q9H3Y6,SRMS,Tyrosine-protein kinase Srms,,,,,
05BD88CA5F9F9AEE47D59EEA7C9B344C,Q96SB4,SRPK1,SRSF protein kinase 1,,,,,
B2471C8C7F9C8AB2F5E7ED244F46F6BE,P78362,SRPK2,SRSF protein kinase 2,,,,,
9020F30E22DEBF8C24762EECB8577DA9,Q9UPE1,SRPK3,SRSF protein kinase 3,,,,,
D86D95C0324F1FDB3E1FD11A9B7EF0D5,O94804,STK10,Serine/threonine-protein kinase 10,,,,,
4ABE2000697D8D6763C31B275609C47D,Q15831,STK11,Serine/threonine-protein kinase STK11,,,,,
CC00DBEC823A59DCCD71AABDC435614E,O75716,STK16,Serine/threonine-protein kinase 16,,,,,
2D08539D96BFCF232FEF5C4C1B6FDB30,Q9UEE5,STK17A,Serine/threonine-protein kinase 17A,,,,,
41038873EC3575327EEBB5DA42172254,O94768,STK17B,Serine/threonine-protein kinase 17B,,,,,
3DDF02BAC0F78C1FD4C1F0A93AB1C58D,Q9Y6E0,STK24,Serine/threonine-protein kinase 24,,,,,
BB8F1EC47DD040B2E3D576191A033FF3,O00506,STK25,Serine/threonine-protein kinase 25,,,,,
1B3C30C557EB4BF28243FAD1BDD2C8B3,Q9P289,STK26,Serine/threonine-protein kinase 26,,,,,
50FF5C8E696E1310EA19FDC4C894EBC3,Q13188,STK3,Serine/threonine-protein kinase 3,,,,,
DE1D7DEFDBDAF8D745E0F53E134B039E,Q9BXU1,STK31,Serine/threonine-protein kinase 31,,,,,
DE41B2F31CA8190F4CB229DC9D6CB76B,Q8WU08,STK32A,Serine/threonine-protein kinase 32A,,,,,
0D99EA64AEA10E16E68EA12154B2915C,Q9NY57,STK32B,Serine/threonine-protein kinase 32B,,,,,
3D2DFDF3C586BA722E1D4D2688E63D1D,Q86UX6,STK32C,Serine/threonine-protein kinase 32C,,,,,
6A65231319515480AB3643977A8A47CD,Q9BYT3,STK33,Serine/threonine-protein kinase 33,,,,,
2BA7DA319F1FE10BAB89F2A89C0AD159,Q8TDR2,STK35,Serine/threonine-protein kinase 35,,,,,
8004D7EB798FFEFAED9B14E2F6F675D7,Q9NRP7,STK36,Serine/threonine-protein kinase 36,,,,,
157CB45739494EAD4F9C74C5B405A631,Q15208;Q5R8M1,STK38,Serine/threonine-protein kinase 38,,,,,
B9B059E043F10B1262626BDE494B2620,Q9Y2H1,STK38L,Serine/threonine-protein kinase 38-like,,,,,
54E39AC752F1533B6FDE2A72715D5D74,Q9UEW8,STK39,STE20/SPS1-related proline-alanine-rich protein kinase,,,,,
F2F8BB4872F5B5807C5F0D903F09B056,Q13043,STK4,Serine/threonine-protein kinase 4,,,,,
802AFD7402997CBFA2A2CB6424B8107A,Q8N2I9,STK40,Serine/threonine-protein kinase 40,,,,,
0DCEA93145BE87334B8D22620F4505D7,Q6J9G0,STYK1,Tyrosine-protein kinase STYK1,,,,,
17DBD30C3A3CCB7420537914A95D3F54,P43405,SYK,Tyrosine-protein kinase SYK,,,,,
ABEEFFB4813A878CBFD9A08DDD6A7C16,Q7L7X3,TAOK1,Serine/threonine-protein kinase TAO1,,,,,
B9DD5D352C78E0FD2E83E2A6847F05C3,Q9UL54,TAOK2,Serine/threonine-protein kinase TAO2,,,,,
7C1799511D958CA6462D45549AC92B5D,Q9H2K8,TAOK3,Serine/threonine-protein kinase TAO3,,,,,
EA019CF79D039A451DECE6C8A25E0050,Q9UHD2,TBK1,Serine/threonine-protein kinase TBK1,,,,,
CA634F32A8D0FE2439B576206EF6D50C,P42680,TEC,Tyrosine-protein kinase Tec,,,,,
1409A6A3E2E73FD8D0D60E56F0585B8F,Q02763,TEK,Angiopoietin-1 receptor,,,,,
B3B194BAFF104D6C598C4CD25948BF81,Q15569,TESK1,Dual specificity testis-specific protein kinase 1,,,,,
8641FD8C319D720ED43A56DD92C3F61D,Q96S53,TESK2,Dual specificity testis-specific protein kinase 2,,,,,
2F7226008705915F13913AC61A9FAA99,P36897,TGFBR1,TGF-beta receptor type-1,,,,,
5F3C51957684D959AEF27FE1997C2728,P37173,TGFBR2,TGF-beta receptor type-2,,,,,
30EEFE775079AD4E5FCC4DDBBEEE5AA7,P35590,TIE1,Tyrosine-protein kinase receptor Tie-1,,,,,
5741784611E57174AA230205C76118F5,P04183,TK1,"Thymidine kinase, cytosolic",,,,,
82F5C63C709A9D9F9E7BAA9DB5078192,O00142,TK2,"Thymidine kinase 2, mitochondrial",,,,,
4D1987AC745B3FF1E1B4AB085F46FA46,Q3LXA3,TKFC,Triokinase/FMN cyclase,,,,,
88363785642041B694CBCCBC8B9657AA,Q9UKI8,TLK1,Serine/threonine-protein kinase tousled-like 1,,,,,
F2585A2C0B6996FE51629FD1F2C903E1,Q86UE8,TLK2,Serine/threonine-protein kinase tousled-like 2,,,,,
52A29988773D26CAA526F2E7FA6DD61E,Q9UKE5,TNIK,TRAF2 and NCK-interacting protein kinase,,,,,
7473CF69A8F15804B1969EA1DB333004,Q13470,TNK1,Non-receptor tyrosine-protein kinase TNK1,,,,,
1E6544F1539195EEDA77573E594AE6BF,Q07912,TNK2,Activated CDC42 kinase 1,,,,,
041C0DFF2609F422B3DACD5AE146DC94,Q59H18,TNNI3K,Serine/threonine-protein kinase TNNI3K,,,,,
0CBF032A721D7976CF8FE93E5C28F437,Q96S44,TP53RK,EKC/KEOPS complex subunit TP53RK,,,,,
6DBCFA9DE5113DB96B4E62389A5DA2B6,Q9H3S4,TPK1,Thiamin pyrophosphokinase 1,,,,,
5C9F2E954C582525203FAC666A8F1EE6,Q9BX84,TRPM6,Transient receptor potential cation channel subfamily M member 6,,,,,
57E66CFC876E1A0569B4EF6786CC74C3,Q96QT4,TRPM7,Transient receptor potential cation channel subfamily M member 7,,,,,
8796575E0FB5DD7E832A65B1B3995FAB,Q9BXA7,TSSK1B,Testis-specific serine/threonine-protein kinase 1,,,,,
E6C3D587825578CCF264BA21238DCC0D,Q96PF2,TSSK2,Testis-specific serine/threonine-protein kinase 2,,,,,
DCDAF3368B073AC8B73B23B424E9CA17,Q96PN8,TSSK3,Testis-specific serine/threonine-protein kinase 3,,,,,
0FA560B10EFC3BCFA0251956FCD45A60,Q6SA08,TSSK4,Testis-specific serine/threonine-protein kinase 4,,,,,
6165E27E4E4456095A9682FF60E80C23,Q9BXA6,TSSK6,Testis-specific serine/threonine-protein kinase 6,,,,,
60855703A2F8D911B95B89C10B9369FC,Q5TCY1,TTBK1,Tau-tubulin kinase 1,,,,,
DACF8DB5FB611AA4BB9F2A4F1765F62B,Q6IQ55,TTBK2,Tau-tubulin kinase 2,,,,,
37651753AC367085EEE54832CB277F81,P33981,TTK,Dual specificity protein kinase TTK,,,,,
83C9B5B6D53EE7620F6693C533AB8428,P42681,TXK,Tyrosine-protein kinase TXK,,,,,
281176F6331D962DC37690A120E0ACD1,P29597,TYK2,Non-receptor tyrosine-protein kinase TYK2,,,,,
0E089D854429C19CF72237B0ADF75FE5,Q06418,TYRO3,Tyrosine-protein kinase receptor TYRO3,,,,,
7169326524B61408288B98B4EFD62870,Q9HA47,UCK1,Uridine-cytidine kinase 1,,,,,
60B5A30F8BCFFAF0D8973C873336021F,Q9BZX2,UCK2,Uridine-cytidine kinase 2,,,,,
C1D83053722BA1407E9B2F42EC5333C7,Q9NWZ5,UCKL1,Uridine-cytidine kinase-like 1,,,,,
5D2AA14FF20D66529324A6796FF950FF,Q5RCY1;Q8TAS1,UHMK1,Serine/threonine-protein kinase Kist,,,,,
EAF7BF4AE65244DFEBE5FD03F1E42A58,O75385,ULK1,Serine/threonine-protein kinase ULK1,,,,,
11C19B1C244E80A4EDB2B19DA9145A81,Q8IYT8,ULK2,Serine/threonine-protein kinase ULK2,,,,,
D173F13ECC581085B0AE5D8128BA1603,Q6PHR2,ULK3,Serine/threonine-protein kinase ULK3,,,,,
3B87A6425CA06C428E6127EE4E946D3D,Q96C45,ULK4,Serine/threonine-protein kinase ULK4,,,,,
7EC5D35296074B6B27C40A04E338348E,Q99986,VRK1,Serine/threonine-protein kinase VRK1,,,,,
E53AD859E866AB459A5D5251888B4B40,Q86Y07,VRK2,Serine/threonine-protein kinase VRK2,,,,,
E743D94C91159706CDBD2F2D54625CE6,P30291,WEE1,Wee1-like protein kinase,,,,,
6991D31D5DD38564988F1ED895622A16,P0C1S8,WEE2,Wee1-like protein kinase 2,,,,,
ABD83ECA50379E522CB190160B168899,Q9H4A3,WNK1,Serine/threonine-protein kinase WNK1,,,,,
8D2B30478A92FB35AD217AF31CC99399,Q9Y3S1,WNK2,Serine/threonine-protein kinase WNK2,,,,,
83651CA35849941C108286B8AC055966,Q9BYP7,WNK3,Serine/threonine-protein kinase WNK3,,,,,
8BFC40DFF44451A22F0C8B74D5A508F4,Q96J92,WNK4,Serine/threonine-protein kinase WNK4,,,,,
E3B85062B3E308EB7C982BE0E4FE501A,O75191,XYLB,Xylulose kinase,,,,,
CFA5E46A13B97A4E61374B1180CFC383,P07947,YES1,Tyrosine-protein kinase Yes,,,,,
E3B2D80F9B7F4B32B0D58FA7A52E2D11,P43403,ZAP70,Tyrosine-protein kinase ZAP-70,,,,,
