paper_drug_name,mapped_compound_name,primary_targets_from_table_s1,therapeutic_indications_from_table_s1,paper_fda_status_from_table_s1,canonical_smiles,inchikey_source,source_database,source_url,nature_table_s1_source,mapping_note,rdkit_parse_ok,rdkit_canonical_smiles_from_input,rdkit_inchikey_from_input_smiles,inchikey_matches_rdkit_from_smiles
Abemaciclib,Abemaciclib,"CDK4_CYCLIN_D1, CDK4_CYCLIN_D3, CDK4_CYCLIN_D2, CDK6_CYCLIN_D1, CDK6_CYCLIN_D3, CDK6_CYCLIN_D2","HER2-positive breast cancer, both monotherapy and combination therapy",FDA Approved,CCN1CCN(CC1)Cc2ccc(nc2)Nc3ncc(c(n3)c4cc5c(c(c4)F)nc(n5C(C)C)C)F,UZWDCWONPYILKI-UHFFFAOYSA-N,PKIDB 2020 CSV,https://github.com/volkamerlab/pkidb_klifs/raw/refs/heads/master/results/pkidb_20200218.csv,"Nature Supplementary Table S1, https://static-content.springer.com/esm/art%3A10.1038%2Fs41587-026-03090-8/MediaObjects/41587_2026_3090_MOESM4_ESM.xlsx",matched_by_normalized_name,TRUE,CCN1CCN(Cc2ccc(Nc3ncc(F)c(-c4cc(F)c5nc(C)n(C(C)C)c5c4)n3)nc2)CC1,UZWDCWONPYILKI-UHFFFAOYSA-N,TRUE
Abrocitinib,Abrocitinib,JAK1,Atopic dermatitis,FDA Approved,CCCS(=O)(=O)NC1CC(C1)N(C)c2c3cc[nH]c3ncn2,IUEWXNHSKRWHDY-UHFFFAOYSA-N,PKIDB current web page,https://www.icoa.fr/pkidb/,"Nature Supplementary Table S1, https://static-content.springer.com/esm/art%3A10.1038%2Fs41587-026-03090-8/MediaObjects/41587_2026_3090_MOESM4_ESM.xlsx",manual_update_from_current_PKIDB,TRUE,CCCS(=O)(=O)NC1CC(N(C)c2ncnc3[nH]ccc23)C1,IUEWXNHSKRWHDY-UHFFFAOYSA-N,TRUE
Acalabrutinib,Acalabrutinib,BTK,"Mantle cell lymphoma, chronic lymphocytic leukemia, small lymphocytic lymphoma",FDA Approved,CC#CC(=O)N1CCC[C@H]1c2nc(c3n2ccnc3N)c4ccc(cc4)C(=O)Nc5ccccn5,WDENQIQQYWYTPO-IBGZPJMESA-N,PKIDB 2020 CSV,https://github.com/volkamerlab/pkidb_klifs/raw/refs/heads/master/results/pkidb_20200218.csv,"Nature Supplementary Table S1, https://static-content.springer.com/esm/art%3A10.1038%2Fs41587-026-03090-8/MediaObjects/41587_2026_3090_MOESM4_ESM.xlsx",matched_by_normalized_name,TRUE,CC#CC(=O)N1CCC[C@H]1c1nc(-c2ccc(C(=O)Nc3ccccn3)cc2)c2c(N)nccn12,WDENQIQQYWYTPO-IBGZPJMESA-N,TRUE
Afatinib,Afatinib,"EGFR, ERBB2_HER2, ERBB4_HER4",NSCLC (non-small cell lung cancer) and squamous NSCLC,FDA Approved,CN(C)C/C=C/C(=O)Nc1cc2c(cc1O[C@H]3CCOC3)ncnc2Nc4ccc(c(c4)Cl)F,ULXXDDBFHOBEHA-CWDCEQMOSA-N,PKIDB 2020 CSV,https://github.com/volkamerlab/pkidb_klifs/raw/refs/heads/master/results/pkidb_20200218.csv,"Nature Supplementary Table S1, https://static-content.springer.com/esm/art%3A10.1038%2Fs41587-026-03090-8/MediaObjects/41587_2026_3090_MOESM4_ESM.xlsx",matched_by_normalized_name,TRUE,CN(C)C/C=C/C(=O)Nc1cc2c(Nc3ccc(F)c(Cl)c3)ncnc2cc1O[C@H]1CCOC1,ULXXDDBFHOBEHA-CWDCEQMOSA-N,TRUE
Alectinib,Alectinib,"ALK, RET",Third-line Ph+ chronic myelogenous leukemia (CML) and CML with T315I mutations,FDA Approved,CCc1cc2c(cc1N3CCC(CC3)N4CCOCC4)C(c5c(c6ccc(cc6[nH]5)C#N)C2=O)(C)C,KDGFLJKFZUIJMX-UHFFFAOYSA-N,PKIDB 2020 CSV,https://github.com/volkamerlab/pkidb_klifs/raw/refs/heads/master/results/pkidb_20200218.csv,"Nature Supplementary Table S1, https://static-content.springer.com/esm/art%3A10.1038%2Fs41587-026-03090-8/MediaObjects/41587_2026_3090_MOESM4_ESM.xlsx",matched_by_normalized_name,TRUE,CCc1cc2c(cc1N1CCC(N3CCOCC3)CC1)C(C)(C)c1[nH]c3cc(C#N)ccc3c1C2=O,KDGFLJKFZUIJMX-UHFFFAOYSA-N,TRUE
Alpelisib,Alpelisib,PI3K,"HR-positive, HER2-negative advanced breast cancer",FDA Approved,Cc1c(sc(n1)NC(=O)N2CCC[C@H]2C(=O)N)c3ccnc(c3)C(C)(C)C(F)(F)F,STUWGJZDJHPWGZ-LBPRGKRZSA-N,PKIDB 2020 CSV,https://github.com/volkamerlab/pkidb_klifs/raw/refs/heads/master/results/pkidb_20200218.csv,"Nature Supplementary Table S1, https://static-content.springer.com/esm/art%3A10.1038%2Fs41587-026-03090-8/MediaObjects/41587_2026_3090_MOESM4_ESM.xlsx",matched_by_normalized_name,TRUE,Cc1nc(NC(=O)N2CCC[C@H]2C(N)=O)sc1-c1ccnc(C(C)(C)C(F)(F)F)c1,STUWGJZDJHPWGZ-LBPRGKRZSA-N,TRUE
Apatinib,Apatinib,KDR_VEGFR2,Gastric cancer ,NMPA Approved,N#CC1(CCCC1)c1ccc(cc1)NC(=O)c1cccnc1Nc1cnccc1C,MGZNERAVOCFMCU-UHFFFAOYSA-N,PKIDB 2020 CSV,https://github.com/volkamerlab/pkidb_klifs/raw/refs/heads/master/results/pkidb_20200218.csv,"Nature Supplementary Table S1, https://static-content.springer.com/esm/art%3A10.1038%2Fs41587-026-03090-8/MediaObjects/41587_2026_3090_MOESM4_ESM.xlsx",matched_by_normalized_name,TRUE,Cc1ccncc1Nc1ncccc1C(=O)Nc1ccc(C2(C#N)CCCC2)cc1,MGZNERAVOCFMCU-UHFFFAOYSA-N,TRUE
Asciminib,Asciminib,"BCR_ABL, ABL1, ABL2_ARG",Ph+ CML,FDA Approved,c1cc(ccc1NC(=O)c2cc(c(nc2)N3CC[C@H](C3)O)c4ccn[nH]4)OC(F)(F)Cl,VOVZXURTCKPRDQ-CQSZACIVSA-N,PKIDB 2020 CSV,https://github.com/volkamerlab/pkidb_klifs/raw/refs/heads/master/results/pkidb_20200218.csv,"Nature Supplementary Table S1, https://static-content.springer.com/esm/art%3A10.1038%2Fs41587-026-03090-8/MediaObjects/41587_2026_3090_MOESM4_ESM.xlsx",matched_by_normalized_name,TRUE,O=C(Nc1ccc(OC(F)(F)Cl)cc1)c1cnc(N2CC[C@@H](O)C2)c(-c2ccn[nH]2)c1,VOVZXURTCKPRDQ-CQSZACIVSA-N,TRUE
Avapritinib,Avapritinib,"PDGFRA, PDGFRB",Gastrointestinal stromal tumors with a PDGFRÎ± exon 18 mutation,FDA Approved,C[C@](c1ccc(cc1)F)(c2cnc(nc2)N3CCN(CC3)c4c5cc(cn5ncn4)c6cnn(c6)C)N,DWYRIWUZIJHQKQ-SANMLTNESA-N,PKIDB 2020 CSV,https://github.com/volkamerlab/pkidb_klifs/raw/refs/heads/master/results/pkidb_20200218.csv,"Nature Supplementary Table S1, https://static-content.springer.com/esm/art%3A10.1038%2Fs41587-026-03090-8/MediaObjects/41587_2026_3090_MOESM4_ESM.xlsx",matched_by_normalized_name,TRUE,Cn1cc(-c2cc3c(N4CCN(c5ncc([C@@](C)(N)c6ccc(F)cc6)cn5)CC4)ncnn3c2)cn1,DWYRIWUZIJHQKQ-SANMLTNESA-N,TRUE
Axitinib,Axitinib,"FLT1_VEGFR1, KDR_VEGFR2, FLT4_VEGFR3",Advanced renal cell carcinoma,FDA Approved,CNC(=O)c1ccccc1Sc2ccc3c(c2)[nH]nc3/C=C/c4ccccn4,RITAVMQDGBJQJZ-FMIVXFBMSA-N,PKIDB 2020 CSV,https://github.com/volkamerlab/pkidb_klifs/raw/refs/heads/master/results/pkidb_20200218.csv,"Nature Supplementary Table S1, https://static-content.springer.com/esm/art%3A10.1038%2Fs41587-026-03090-8/MediaObjects/41587_2026_3090_MOESM4_ESM.xlsx",matched_by_normalized_name,TRUE,CNC(=O)c1ccccc1Sc1ccc2c(/C=C/c3ccccn3)n[nH]c2c1,RITAVMQDGBJQJZ-FMIVXFBMSA-N,TRUE
Barcitinib,Baricitinib,"JAK1, JAK2",Rheumatoid arthritis,FDA Approved,CCS(=O)(=O)N1CC(C1)(CC#N)n2cc(cn2)c3c4cc[nH]c4ncn3,XUZMWHLSFXCVMG-UHFFFAOYSA-N,PKIDB current web page,https://www.icoa.fr/pkidb/,"Nature Supplementary Table S1, https://static-content.springer.com/esm/art%3A10.1038%2Fs41587-026-03090-8/MediaObjects/41587_2026_3090_MOESM4_ESM.xlsx",paper_name_typo_corrected_Barcitinib_to_Baricitinib,TRUE,CCS(=O)(=O)N1CC(CC#N)(n2cc(-c3ncnc4[nH]ccc34)cn2)C1,XUZMWHLSFXCVMG-UHFFFAOYSA-N,TRUE
Binimetinib,Binimetinib,"MEK1, MEK2",Melanoma with BRAF V600E or V600K mutations with encorafenib,FDA Approved,Cn1cnc2c1cc(c(c2F)Nc3ccc(cc3F)Br)C(=O)NOCCO,ACWZRVQXLIRSDF-UHFFFAOYSA-N,PKIDB 2020 CSV,https://github.com/volkamerlab/pkidb_klifs/raw/refs/heads/master/results/pkidb_20200218.csv,"Nature Supplementary Table S1, https://static-content.springer.com/esm/art%3A10.1038%2Fs41587-026-03090-8/MediaObjects/41587_2026_3090_MOESM4_ESM.xlsx",matched_by_normalized_name,TRUE,Cn1cnc2c(F)c(Nc3ccc(Br)cc3F)c(C(=O)NOCCO)cc21,ACWZRVQXLIRSDF-UHFFFAOYSA-N,TRUE
Bosutinib,Bosutinib,"BCR_ABL, ABL1, ABL2_ARG",Ph+ chronic myelogenous leukemia,FDA Approved,CN1CCN(CC1)CCCOc2cc3c(cc2OC)c(c(cn3)C#N)Nc4cc(c(cc4Cl)Cl)OC,UBPYILGKFZZVDX-UHFFFAOYSA-N,PKIDB 2020 CSV,https://github.com/volkamerlab/pkidb_klifs/raw/refs/heads/master/results/pkidb_20200218.csv,"Nature Supplementary Table S1, https://static-content.springer.com/esm/art%3A10.1038%2Fs41587-026-03090-8/MediaObjects/41587_2026_3090_MOESM4_ESM.xlsx",matched_by_normalized_name,TRUE,COc1cc(Nc2c(C#N)cnc3cc(OCCCN4CCN(C)CC4)c(OC)cc23)c(Cl)cc1Cl,UBPYILGKFZZVDX-UHFFFAOYSA-N,TRUE
Brigatinib,Brigatinib,ALK,ALK-positive NSCLC,FDA Approved,CN1CCN(CC1)C2CCN(CC2)c3ccc(c(c3)OC)Nc4ncc(c(n4)Nc5ccccc5P(=O)(C)C)Cl,AILRADAXUVEEIR-UHFFFAOYSA-N,PKIDB 2020 CSV,https://github.com/volkamerlab/pkidb_klifs/raw/refs/heads/master/results/pkidb_20200218.csv,"Nature Supplementary Table S1, https://static-content.springer.com/esm/art%3A10.1038%2Fs41587-026-03090-8/MediaObjects/41587_2026_3090_MOESM4_ESM.xlsx",matched_by_normalized_name,TRUE,COc1cc(N2CCC(N3CCN(C)CC3)CC2)ccc1Nc1ncc(Cl)c(Nc2ccccc2P(C)(C)=O)n1,AILRADAXUVEEIR-UHFFFAOYSA-N,TRUE
Cabozantinib,Cabozantinib,"RET, KDR_VEGFR2","Advanced medullary thyroid cancer, renal cell and hepatocellular carcinomas",FDA Approved,COc1cc2c(ccnc2cc1OC)Oc3ccc(cc3)NC(=O)C4(CC4)C(=O)Nc5ccc(cc5)F,ONIQOQHATWINJY-UHFFFAOYSA-N,PKIDB 2020 CSV,https://github.com/volkamerlab/pkidb_klifs/raw/refs/heads/master/results/pkidb_20200218.csv,"Nature Supplementary Table S1, https://static-content.springer.com/esm/art%3A10.1038%2Fs41587-026-03090-8/MediaObjects/41587_2026_3090_MOESM4_ESM.xlsx",matched_by_normalized_name,TRUE,COc1cc2nccc(Oc3ccc(NC(=O)C4(C(=O)Nc5ccc(F)cc5)CC4)cc3)c2cc1OC,ONIQOQHATWINJY-UHFFFAOYSA-N,TRUE
Canertinib,Canertinib,ERBB2_HER2,esophageal squamous cell carcinoma ,FDA Trials Discontinued,C=CC(=O)Nc1cc2c(cc1OCCCN3CCOCC3)ncnc2Nc4ccc(c(c4)Cl)F,OMZCMEYTWSXEPZ-UHFFFAOYSA-N,PKIDB 2020 CSV,https://github.com/volkamerlab/pkidb_klifs/raw/refs/heads/master/results/pkidb_20200218.csv,"Nature Supplementary Table S1, https://static-content.springer.com/esm/art%3A10.1038%2Fs41587-026-03090-8/MediaObjects/41587_2026_3090_MOESM4_ESM.xlsx",matched_by_normalized_name,TRUE,C=CC(=O)Nc1cc2c(Nc3ccc(F)c(Cl)c3)ncnc2cc1OCCCN1CCOCC1,OMZCMEYTWSXEPZ-UHFFFAOYSA-N,TRUE
Capivasertib,Capivasertib,"AKT1, AKT2, AKT3",HER2-negative advanced breast cancer,FDA Approved,c1cc(ccc1[C@H](CCO)NC(=O)C2(CCN(CC2)c3c4cc[nH]c4ncn3)N)Cl,JDUBGYFRJFOXQC-KRWDZBQOSA-N,PKIDB 2020 CSV,https://github.com/volkamerlab/pkidb_klifs/raw/refs/heads/master/results/pkidb_20200218.csv,"Nature Supplementary Table S1, https://static-content.springer.com/esm/art%3A10.1038%2Fs41587-026-03090-8/MediaObjects/41587_2026_3090_MOESM4_ESM.xlsx",matched_by_normalized_name,TRUE,NC1(C(=O)N[C@@H](CCO)c2ccc(Cl)cc2)CCN(c2ncnc3[nH]ccc23)CC1,JDUBGYFRJFOXQC-KRWDZBQOSA-N,TRUE
Capmatinib,Capmatinib,C_MET,NSCLC with MET exon 14 skipping mutations,FDA Approved,CNC(=O)c1ccc(cc1F)c2cnc3ncc(n3n2)Cc4ccc5c(c4)cccn5,LIOLIMKSCNQPLV-UHFFFAOYSA-N,PKIDB 2020 CSV,https://github.com/volkamerlab/pkidb_klifs/raw/refs/heads/master/results/pkidb_20200218.csv,"Nature Supplementary Table S1, https://static-content.springer.com/esm/art%3A10.1038%2Fs41587-026-03090-8/MediaObjects/41587_2026_3090_MOESM4_ESM.xlsx",matched_by_normalized_name,TRUE,CNC(=O)c1ccc(-c2cnc3ncc(Cc4ccc5ncccc5c4)n3n2)cc1F,LIOLIMKSCNQPLV-UHFFFAOYSA-N,TRUE
Ceritinib,Ceritinib,ALK,ALK-positive NSCLC resistant to crizotinib,FDA Approved,Cc1cc(c(cc1C2CCNCC2)OC(C)C)Nc3ncc(c(n3)Nc4ccccc4S(=O)(=O)C(C)C)Cl,VERWOWGGCGHDQE-UHFFFAOYSA-N,PKIDB 2020 CSV,https://github.com/volkamerlab/pkidb_klifs/raw/refs/heads/master/results/pkidb_20200218.csv,"Nature Supplementary Table S1, https://static-content.springer.com/esm/art%3A10.1038%2Fs41587-026-03090-8/MediaObjects/41587_2026_3090_MOESM4_ESM.xlsx",matched_by_normalized_name,TRUE,Cc1cc(Nc2ncc(Cl)c(Nc3ccccc3S(=O)(=O)C(C)C)n2)c(OC(C)C)cc1C1CCNCC1,VERWOWGGCGHDQE-UHFFFAOYSA-N,TRUE
Cobimetinib,Cobimetinib,"MEK1, MEK2",BRAF V600E or V600K mutation positive melanomas in combination with vemurafenib,FDA Approved,c1c(cc(c(c1)Nc2c(c(ccc2C(=O)N3C[C@@](C3)(O)[C@H]4NCCCC4)F)F)F)I,BSMCAPRUBJMWDF-KRWDZBQOSA-N,PKIDB 2020 CSV,https://github.com/volkamerlab/pkidb_klifs/raw/refs/heads/master/results/pkidb_20200218.csv,"Nature Supplementary Table S1, https://static-content.springer.com/esm/art%3A10.1038%2Fs41587-026-03090-8/MediaObjects/41587_2026_3090_MOESM4_ESM.xlsx",matched_by_normalized_name,TRUE,O=C(c1ccc(F)c(F)c1Nc1ccc(I)cc1F)N1CC(O)([C@@H]2CCCCN2)C1,BSMCAPRUBJMWDF-KRWDZBQOSA-N,TRUE
Crizotinib,Crizotinib,"ALK, ROS_ROS1",ALK- or ROS1-postive NSCLC,FDA Approved,C[C@H](c1c(ccc(c1Cl)F)Cl)Oc2cc(cnc2N)c3cnn(c3)C4CCNCC4,KTEIFNKAUNYNJU-GFCCVEGCSA-N,PKIDB 2020 CSV,https://github.com/volkamerlab/pkidb_klifs/raw/refs/heads/master/results/pkidb_20200218.csv,"Nature Supplementary Table S1, https://static-content.springer.com/esm/art%3A10.1038%2Fs41587-026-03090-8/MediaObjects/41587_2026_3090_MOESM4_ESM.xlsx",matched_by_normalized_name,TRUE,C[C@@H](Oc1cc(-c2cnn(C3CCNCC3)c2)cnc1N)c1c(Cl)ccc(F)c1Cl,KTEIFNKAUNYNJU-GFCCVEGCSA-N,TRUE
Dabrafenib,Dabrafenib,BRAF,"BRAF mutation positive melanoma, NSCLC with BRAF V600E mutations, anaplastic thyroid cancer with BRAF V600E mutations",FDA Approved,CC(C)(C)c1nc(c(s1)c2ccnc(n2)N)c3cccc(c3F)NS(=O)(=O)c4c(cccc4F)F,BFSMGDJOXZAERB-UHFFFAOYSA-N,PKIDB 2020 CSV,https://github.com/volkamerlab/pkidb_klifs/raw/refs/heads/master/results/pkidb_20200218.csv,"Nature Supplementary Table S1, https://static-content.springer.com/esm/art%3A10.1038%2Fs41587-026-03090-8/MediaObjects/41587_2026_3090_MOESM4_ESM.xlsx",matched_by_normalized_name,TRUE,CC(C)(C)c1nc(-c2cccc(NS(=O)(=O)c3c(F)cccc3F)c2F)c(-c2ccnc(N)n2)s1,BFSMGDJOXZAERB-UHFFFAOYSA-N,TRUE
Dacomitinib,Dacomitinib,EGFR,EGFR-mutant NSCLC,FDA Approved,COc1cc2c(cc1NC(=O)/C=C/CN3CCCCC3)c(ncn2)Nc4ccc(c(c4)Cl)F,LVXJQMNHJWSHET-AATRIKPKSA-N,PKIDB 2020 CSV,https://github.com/volkamerlab/pkidb_klifs/raw/refs/heads/master/results/pkidb_20200218.csv,"Nature Supplementary Table S1, https://static-content.springer.com/esm/art%3A10.1038%2Fs41587-026-03090-8/MediaObjects/41587_2026_3090_MOESM4_ESM.xlsx",matched_by_normalized_name,TRUE,COc1cc2ncnc(Nc3ccc(F)c(Cl)c3)c2cc1NC(=O)/C=C/CN1CCCCC1,LVXJQMNHJWSHET-AATRIKPKSA-N,TRUE
Darovasertib,Darovasertib,"PKCA, PKCB1, PKCB2, PKCD, PKCEPSILON, PKCETA, PKCG, PKCIOTA, PKCMU_PRKD1, PKCNU_PRKD3, PKCTHETA, PKCZETA",metastatic uveal melanoma ,Phase III FDA Trials,CC1(N)CCN(c2cccnc2NC(=O)c2nc(-c3ncccc3C(F)(F)F)cnc2N)CC1,XXJXHXJWQSCNPX-UHFFFAOYSA-N,PKIDB current web page,https://www.icoa.fr/pkidb/,"Nature Supplementary Table S1, https://static-content.springer.com/esm/art%3A10.1038%2Fs41587-026-03090-8/MediaObjects/41587_2026_3090_MOESM4_ESM.xlsx",manual_update_from_current_PKIDB,TRUE,CC1(N)CCN(c2cccnc2NC(=O)c2nc(-c3ncccc3C(F)(F)F)cnc2N)CC1,XXJXHXJWQSCNPX-UHFFFAOYSA-N,TRUE
Dasatinib,Dasatinib,"BCR_ABL, ABL1, ABL2_ARG",Ph+ chronic myelogenous leukemia or acute lymphoblastic leukemia,FDA Approved,Cc1cccc(c1NC(=O)c2cnc(s2)Nc3cc(nc(n3)C)N4CCN(CC4)CCO)Cl,ZBNZXTGUTAYRHI-UHFFFAOYSA-N,PKIDB 2020 CSV,https://github.com/volkamerlab/pkidb_klifs/raw/refs/heads/master/results/pkidb_20200218.csv,"Nature Supplementary Table S1, https://static-content.springer.com/esm/art%3A10.1038%2Fs41587-026-03090-8/MediaObjects/41587_2026_3090_MOESM4_ESM.xlsx",matched_by_normalized_name,TRUE,Cc1nc(Nc2ncc(C(=O)Nc3c(C)cccc3Cl)s2)cc(N2CCN(CCO)CC2)n1,ZBNZXTGUTAYRHI-UHFFFAOYSA-N,TRUE
Defactinib,Defactinib,FAK_PTK2,"Pancreatic cancer, NSCLC and mesothelioma (in combination with pembrolizumab) ",FDA Approved,CNC(=O)c1ccc(cc1)Nc2ncc(c(n2)NCc3c(nccn3)N(C)S(=O)(=O)C)C(F)(F)F,FWLMVFUGMHIOAA-UHFFFAOYSA-N,PKIDB 2020 CSV,https://github.com/volkamerlab/pkidb_klifs/raw/refs/heads/master/results/pkidb_20200218.csv,"Nature Supplementary Table S1, https://static-content.springer.com/esm/art%3A10.1038%2Fs41587-026-03090-8/MediaObjects/41587_2026_3090_MOESM4_ESM.xlsx",matched_by_normalized_name,TRUE,CNC(=O)c1ccc(Nc2ncc(C(F)(F)F)c(NCc3nccnc3N(C)S(C)(=O)=O)n2)cc1,FWLMVFUGMHIOAA-UHFFFAOYSA-N,TRUE
Deucravacitinib,Deucravacitinib,TYK2,Psoriasis,FDA Approved,[2H]C([2H])([2H])NC(=O)c1nnc(NC(=O)C2CC2)cc1Nc1cccc(-c2ncn(C)n2)c1OC,BZZKEPGENYLQSC-FIBGUPNXSA-N,PKIDB current web page,https://www.icoa.fr/pkidb/,"Nature Supplementary Table S1, https://static-content.springer.com/esm/art%3A10.1038%2Fs41587-026-03090-8/MediaObjects/41587_2026_3090_MOESM4_ESM.xlsx",manual_update_from_current_PKIDB; contains_deuterium_isotopes,TRUE,[2H]C([2H])([2H])NC(=O)c1nnc(NC(=O)C2CC2)cc1Nc1cccc(-c2ncn(C)n2)c1OC,BZZKEPGENYLQSC-FIBGUPNXSA-N,TRUE
Duvelisib,Duvelisib,PI3K,Relapsed or refractory chronic lymphocytic leukaemia (CLL)/ small lymphocytic lymphoma (SLL) ,FDA Approved,C[C@@H](c1cc2cccc(c2c(=O)n1c3ccccc3)Cl)Nc4c5c([nH]cn5)ncn4,SJVQHLPISAIATJ-ZDUSSCGKSA-N,PKIDB 2020 CSV,https://github.com/volkamerlab/pkidb_klifs/raw/refs/heads/master/results/pkidb_20200218.csv,"Nature Supplementary Table S1, https://static-content.springer.com/esm/art%3A10.1038%2Fs41587-026-03090-8/MediaObjects/41587_2026_3090_MOESM4_ESM.xlsx",matched_by_normalized_name,TRUE,C[C@H](Nc1ncnc2[nH]cnc12)c1cc2cccc(Cl)c2c(=O)n1-c1ccccc1,SJVQHLPISAIATJ-ZDUSSCGKSA-N,TRUE
Encorafenib,Encorafenib,BRAF,BRAF V600E or V600K mutation positive melanoma with binimetinib; BRAF V600E mutation positive colorectal cancer with cetuximab,FDA Approved,C[C@@H](CNc1nccc(n1)c2cn(nc2c3cc(cc(c3F)NS(=O)(=O)C)Cl)C(C)C)NC(=O)OC,CMJCXYNUCSMDBY-ZDUSSCGKSA-N,PKIDB 2020 CSV,https://github.com/volkamerlab/pkidb_klifs/raw/refs/heads/master/results/pkidb_20200218.csv,"Nature Supplementary Table S1, https://static-content.springer.com/esm/art%3A10.1038%2Fs41587-026-03090-8/MediaObjects/41587_2026_3090_MOESM4_ESM.xlsx",matched_by_normalized_name,TRUE,COC(=O)N[C@@H](C)CNc1nccc(-c2cn(C(C)C)nc2-c2cc(Cl)cc(NS(C)(=O)=O)c2F)n1,CMJCXYNUCSMDBY-ZDUSSCGKSA-N,TRUE
Entrectinib,Entrectinib,TRKA,"Solid tumors with NTRK fusion proteins, ROS1-positive NSCLC",FDA Approved,CN1CCN(CC1)c2ccc(c(c2)NC3CCOCC3)C(=O)Nc4c5cc(ccc5[nH]n4)Cc6cc(cc(c6)F)F,HAYYBYPASCDWEQ-UHFFFAOYSA-N,PKIDB 2020 CSV,https://github.com/volkamerlab/pkidb_klifs/raw/refs/heads/master/results/pkidb_20200218.csv,"Nature Supplementary Table S1, https://static-content.springer.com/esm/art%3A10.1038%2Fs41587-026-03090-8/MediaObjects/41587_2026_3090_MOESM4_ESM.xlsx",matched_by_normalized_name,TRUE,CN1CCN(c2ccc(C(=O)Nc3n[nH]c4ccc(Cc5cc(F)cc(F)c5)cc34)c(NC3CCOCC3)c2)CC1,HAYYBYPASCDWEQ-UHFFFAOYSA-N,TRUE
Erdafitinib,Erdafitinib,FGFR1,Urothelial bladder cancer,FDA Approved,CC(C)NCCN(c1ccc2c(c1)nc(cn2)c3cnn(c3)C)c4cc(cc(c4)OC)OC,OLAHOMJCDNXHFI-UHFFFAOYSA-N,PKIDB 2020 CSV,https://github.com/volkamerlab/pkidb_klifs/raw/refs/heads/master/results/pkidb_20200218.csv,"Nature Supplementary Table S1, https://static-content.springer.com/esm/art%3A10.1038%2Fs41587-026-03090-8/MediaObjects/41587_2026_3090_MOESM4_ESM.xlsx",matched_by_normalized_name,TRUE,COc1cc(OC)cc(N(CCNC(C)C)c2ccc3ncc(-c4cnn(C)c4)nc3c2)c1,OLAHOMJCDNXHFI-UHFFFAOYSA-N,TRUE
Erlotinib,Erlotinib,EGFR,"NSCLC, pancreatic cancer",FDA Approved,COCCOc1cc2c(cc1OCCOC)ncnc2Nc3cccc(c3)C#C,AAKJLRGGTJKAMG-UHFFFAOYSA-N,PKIDB 2020 CSV,https://github.com/volkamerlab/pkidb_klifs/raw/refs/heads/master/results/pkidb_20200218.csv,"Nature Supplementary Table S1, https://static-content.springer.com/esm/art%3A10.1038%2Fs41587-026-03090-8/MediaObjects/41587_2026_3090_MOESM4_ESM.xlsx",matched_by_normalized_name,TRUE,C#Cc1cccc(Nc2ncnc3cc(OCCOC)c(OCCOC)cc23)c1,AAKJLRGGTJKAMG-UHFFFAOYSA-N,TRUE
Everolimus,Everolimus,"FKBP12, MTOR_FRAP1","HER2-negative breast cancer, pancreatic neuroendocrine tumors, RCC, angiomyolipoma, subependymal giant cell astrocytoma",FDA Approved,OCCOC1CCC(CC1OC)CC(C1OC(=O)C2CCCCN2C(=O)C(=O)C2(O)OC(CCC2C)CC(OC)C(=CC=CC=CC(CC(C(=O)C(C(C(=CC(C(=O)C1)C)C)O)OC)C)C)C)C,HKVAMNSJSFKALM-GKUWKFKPSA-N,IUPHAR/BPS Guide to Pharmacology,https://www.guidetopharmacology.org/GRAC/LigandDisplayForward?ligandId=5889&tab=similarity,"Nature Supplementary Table S1, https://static-content.springer.com/esm/art%3A10.1038%2Fs41587-026-03090-8/MediaObjects/41587_2026_3090_MOESM4_ESM.xlsx",manual_update_from_IUPHAR; stereochemistry_ambiguity_noted_by_source,TRUE,C[C@@H]1CC[C@H]2C[C@@H](/C(=C/C=C/C=C/[C@H](C[C@H](C(=O)[C@@H]([C@@H](/C(=C/[C@H](C(=O)C[C@H](OC(=O)[C@@H]3CCCCN3C(=O)C(=O)[C@@]1(O2)O)[C@H](C)C[C@@H]4CC[C@H]([C@@H](C4)OC)OCCO)C)/C)O)OC)C)C)/C)OC,HKVAMNSJSFKALM-GKUWKFKPSA-N,TRUE
Fedratinib,Fedratinib,JAK2,Myelofibrosis,FDA Approved,Cc1cnc(nc1Nc2cccc(c2)S(=O)(=O)NC(C)(C)C)Nc3ccc(cc3)OCCN4CCCC4,JOOXLOJCABQBSG-UHFFFAOYSA-N,PKIDB 2020 CSV,https://github.com/volkamerlab/pkidb_klifs/raw/refs/heads/master/results/pkidb_20200218.csv,"Nature Supplementary Table S1, https://static-content.springer.com/esm/art%3A10.1038%2Fs41587-026-03090-8/MediaObjects/41587_2026_3090_MOESM4_ESM.xlsx",matched_by_normalized_name,TRUE,Cc1cnc(Nc2ccc(OCCN3CCCC3)cc2)nc1Nc1cccc(S(=O)(=O)NC(C)(C)C)c1,JOOXLOJCABQBSG-UHFFFAOYSA-N,TRUE
Fostamatinib,Fostamatinib,SYK,Chronic immune thrombocytopenia,FDA Approved,CC1(C(=O)N(c2c(ccc(n2)Nc3c(cnc(n3)Nc4cc(c(c(c4)OC)OC)OC)F)O1)COP(=O)(O)O)C,GKDRMWXFWHEQQT-UHFFFAOYSA-N,PKIDB 2020 CSV,https://github.com/volkamerlab/pkidb_klifs/raw/refs/heads/master/results/pkidb_20200218.csv,"Nature Supplementary Table S1, https://static-content.springer.com/esm/art%3A10.1038%2Fs41587-026-03090-8/MediaObjects/41587_2026_3090_MOESM4_ESM.xlsx",matched_by_normalized_name,TRUE,COc1cc(Nc2ncc(F)c(Nc3ccc4c(n3)N(COP(=O)(O)O)C(=O)C(C)(C)O4)n2)cc(OC)c1OC,GKDRMWXFWHEQQT-UHFFFAOYSA-N,TRUE
Futibatinib,Futibatinib,FGFR2,Bile duct cancers (cholangiocarcinomas) with FGFR2 fusion proteins or other rearrangements,FDA Approved,COc1cc(cc(c1)OC)C#Cc2c3c(ncnc3n(n2)C4CCN(C4)C(=O)C=C)N,KEIPNCCJPRMIAX-UHFFFAOYSA-N,PKIDB current web page,https://www.icoa.fr/pkidb/,"Nature Supplementary Table S1, https://static-content.springer.com/esm/art%3A10.1038%2Fs41587-026-03090-8/MediaObjects/41587_2026_3090_MOESM4_ESM.xlsx",manual_update_from_current_PKIDB,TRUE,C=CC(=O)N1CCC(n2nc(C#Cc3cc(OC)cc(OC)c3)c3c(N)ncnc32)C1,KEIPNCCJPRMIAX-UHFFFAOYSA-N,TRUE
Gedatolisib,Gedatolisib,"PI3K, MTOR_FRAP1","Hormone receptor?“positive, HER2-negative metastatic breast cancer",Phase III FDA Trials,CN(C)C1CCN(CC1)C(=O)c2ccc(cc2)NC(=O)Nc3ccc(cc3)c4nc(nc(n4)N5CCOCC5)N6CCOCC6,DWZAEMINVBZMHQ-UHFFFAOYSA-N,PKIDB 2020 CSV,https://github.com/volkamerlab/pkidb_klifs/raw/refs/heads/master/results/pkidb_20200218.csv,"Nature Supplementary Table S1, https://static-content.springer.com/esm/art%3A10.1038%2Fs41587-026-03090-8/MediaObjects/41587_2026_3090_MOESM4_ESM.xlsx",matched_by_normalized_name,TRUE,CN(C)C1CCN(C(=O)c2ccc(NC(=O)Nc3ccc(-c4nc(N5CCOCC5)nc(N5CCOCC5)n4)cc3)cc2)CC1,DWZAEMINVBZMHQ-UHFFFAOYSA-N,TRUE
Gefitinib,Gefitinib,EGFR,NSCLC with exon 19 deletions or exon 21 substitutions,FDA Approved,COc1cc2c(cc1OCCCN3CCOCC3)c(ncn2)Nc4ccc(c(c4)Cl)F,XGALLCVXEZPNRQ-UHFFFAOYSA-N,PKIDB 2020 CSV,https://github.com/volkamerlab/pkidb_klifs/raw/refs/heads/master/results/pkidb_20200218.csv,"Nature Supplementary Table S1, https://static-content.springer.com/esm/art%3A10.1038%2Fs41587-026-03090-8/MediaObjects/41587_2026_3090_MOESM4_ESM.xlsx",matched_by_normalized_name,TRUE,COc1cc2ncnc(Nc3ccc(F)c(Cl)c3)c2cc1OCCCN1CCOCC1,XGALLCVXEZPNRQ-UHFFFAOYSA-N,TRUE
Gilteritinib,Gilteritinib,FLT3,FLT3-mutation positive acute myeloid leukemia,FDA Approved,CCc1c(nc(c(n1)C(=O)N)Nc2ccc(c(c2)OC)N3CCC(CC3)N4CCN(CC4)C)NC5CCOCC5,GYQYAJJFPNQOOW-UHFFFAOYSA-N,PKIDB 2020 CSV,https://github.com/volkamerlab/pkidb_klifs/raw/refs/heads/master/results/pkidb_20200218.csv,"Nature Supplementary Table S1, https://static-content.springer.com/esm/art%3A10.1038%2Fs41587-026-03090-8/MediaObjects/41587_2026_3090_MOESM4_ESM.xlsx",matched_by_normalized_name,TRUE,CCc1nc(C(N)=O)c(Nc2ccc(N3CCC(N4CCN(C)CC4)CC3)c(OC)c2)nc1NC1CCOCC1,GYQYAJJFPNQOOW-UHFFFAOYSA-N,TRUE
Ibrutinib,Ibrutinib,BTK,"Chronic lymphocytic leukemia, mantle cell lymphoma, marginal zone lymphoma, graft vs. host disease, Waldenstrom Â¨ macroglobulinemia",FDA Approved,C=CC(=O)N1CCC[C@H](C1)n2c3c(c(n2)c4ccc(cc4)Oc5ccccc5)c(ncn3)N,XYFPWWZEPKGCCK-GOSISDBHSA-N,PKIDB 2020 CSV,https://github.com/volkamerlab/pkidb_klifs/raw/refs/heads/master/results/pkidb_20200218.csv,"Nature Supplementary Table S1, https://static-content.springer.com/esm/art%3A10.1038%2Fs41587-026-03090-8/MediaObjects/41587_2026_3090_MOESM4_ESM.xlsx",matched_by_normalized_name,TRUE,C=CC(=O)N1CCC[C@@H](n2nc(-c3ccc(Oc4ccccc4)cc3)c3c(N)ncnc32)C1,XYFPWWZEPKGCCK-GOSISDBHSA-N,TRUE
Idelalisib,Idelalisib,PI3K,"Chronic lymphocytic leukemia (CLL), relapsed follicular B-cell non-Hodgkin lymphoma (FL), and relapsed small lymphocytic lymphoma (SLL)",FDA Approved,CC[C@@H](c1nc2cccc(c2c(=O)n1c3ccccc3)F)Nc4c5c([nH]cn5)ncn4,IFSDAJWBUCMOAH-HNNXBMFYSA-N,PKIDB 2020 CSV,https://github.com/volkamerlab/pkidb_klifs/raw/refs/heads/master/results/pkidb_20200218.csv,"Nature Supplementary Table S1, https://static-content.springer.com/esm/art%3A10.1038%2Fs41587-026-03090-8/MediaObjects/41587_2026_3090_MOESM4_ESM.xlsx",matched_by_normalized_name,TRUE,CC[C@H](Nc1ncnc2[nH]cnc12)c1nc2cccc(F)c2c(=O)n1-c1ccccc1,IFSDAJWBUCMOAH-HNNXBMFYSA-N,TRUE
Imatinib,Imatinib,"BCR_ABL, ABL1, ABL2_ARG","Ph+ chronic myelogenous leukemia or acute lymphoblastic leukemia, aggressive systemic mastocytosis, chronic eosinophilic leukemia, dermatofibrosarcoma protuberans, hypereosinophilic syndrome, gastrointestinal stromal tumors, myelodysplastic/myeloproliferative disease",FDA Approved,Cc1ccc(cc1Nc2nccc(n2)c3cccnc3)NC(=O)c4ccc(cc4)CN5CCN(CC5)C,KTUFNOKKBVMGRW-UHFFFAOYSA-N,PKIDB 2020 CSV,https://github.com/volkamerlab/pkidb_klifs/raw/refs/heads/master/results/pkidb_20200218.csv,"Nature Supplementary Table S1, https://static-content.springer.com/esm/art%3A10.1038%2Fs41587-026-03090-8/MediaObjects/41587_2026_3090_MOESM4_ESM.xlsx",matched_by_normalized_name,TRUE,Cc1ccc(NC(=O)c2ccc(CN3CCN(C)CC3)cc2)cc1Nc1nccc(-c2cccnc2)n1,KTUFNOKKBVMGRW-UHFFFAOYSA-N,TRUE
Inavolisib,Inavolisib,PI3K,"Hormone receptor (HR) positive, HER2-negative, PIK3CA-mutated breast cancer ",FDA Approved,C[C@@H](C(=N)O)Nc1ccc-2c(c1)OCCn3c2nc(c3)N4[C@@H](COC4=O)C(F)F,SGEUNORSOZVTOL-CABZTGNLSA-N,PKIDB current web page,https://www.icoa.fr/pkidb/,"Nature Supplementary Table S1, https://static-content.springer.com/esm/art%3A10.1038%2Fs41587-026-03090-8/MediaObjects/41587_2026_3090_MOESM4_ESM.xlsx",manual_update_from_current_PKIDB,TRUE,C[C@H](Nc1ccc2c(c1)OCCn1cc(N3C(=O)OC[C@H]3C(F)F)nc1-2)C(=N)O,SGEUNORSOZVTOL-CABZTGNLSA-N,TRUE
Infigratinib,Infigratinib,FGFR2,Cholangiocarcinomas with FGFR2 fusions or other rearrangement,FDA Approval Withdrawn,CCN1CCN(CC1)c2ccc(cc2)Nc3cc(ncn3)N(C)C(=O)Nc4c(c(cc(c4Cl)OC)OC)Cl,QADPYRIHXKWUSV-UHFFFAOYSA-N,PKIDB 2020 CSV,https://github.com/volkamerlab/pkidb_klifs/raw/refs/heads/master/results/pkidb_20200218.csv,"Nature Supplementary Table S1, https://static-content.springer.com/esm/art%3A10.1038%2Fs41587-026-03090-8/MediaObjects/41587_2026_3090_MOESM4_ESM.xlsx",matched_by_normalized_name,TRUE,CCN1CCN(c2ccc(Nc3cc(N(C)C(=O)Nc4c(Cl)c(OC)cc(OC)c4Cl)ncn3)cc2)CC1,QADPYRIHXKWUSV-UHFFFAOYSA-N,TRUE
Lapatinib,Lapatinib,"EGFR, ERBB2_HER2",HER2-positive breast cancer,FDA Approved,CS(=O)(=O)CCNCc1ccc(o1)c2ccc3c(c2)c(ncn3)Nc4ccc(c(c4)Cl)OCc5cccc(c5)F,BCFGMOOMADDAQU-UHFFFAOYSA-N,PKIDB 2020 CSV,https://github.com/volkamerlab/pkidb_klifs/raw/refs/heads/master/results/pkidb_20200218.csv,"Nature Supplementary Table S1, https://static-content.springer.com/esm/art%3A10.1038%2Fs41587-026-03090-8/MediaObjects/41587_2026_3090_MOESM4_ESM.xlsx",matched_by_normalized_name,TRUE,CS(=O)(=O)CCNCc1ccc(-c2ccc3ncnc(Nc4ccc(OCc5cccc(F)c5)c(Cl)c4)c3c2)o1,BCFGMOOMADDAQU-UHFFFAOYSA-N,TRUE
Larotrectinib,Larotrectinib,"TRKA, TRKB, TRKC",Solid tumors with NTRK fusion proteins,FDA Approved,c1cc(c(cc1F)[C@H]2CCCN2c3ccn4c(n3)c(cn4)NC(=O)N5CC[C@@H](C5)O)F,NYNZQNWKBKUAII-KBXCAEBGSA-N,PKIDB 2020 CSV,https://github.com/volkamerlab/pkidb_klifs/raw/refs/heads/master/results/pkidb_20200218.csv,"Nature Supplementary Table S1, https://static-content.springer.com/esm/art%3A10.1038%2Fs41587-026-03090-8/MediaObjects/41587_2026_3090_MOESM4_ESM.xlsx",matched_by_normalized_name,TRUE,O=C(Nc1cnn2ccc(N3CCC[C@@H]3c3cc(F)ccc3F)nc12)N1CC[C@H](O)C1,NYNZQNWKBKUAII-KBXCAEBGSA-N,TRUE
Lazertinib,Lazertinib,EGFR,non-small cell lung cancer ,FDA Approved,CN(C)Cc1cn(nc1c2ccccc2)c3ccnc(n3)Nc4cc(c(cc4OC)N5CCOCC5)NC(=O)C=C,RRMJMHOQSALEJJ-UHFFFAOYSA-N,PKIDB 2020 CSV,https://github.com/volkamerlab/pkidb_klifs/raw/refs/heads/master/results/pkidb_20200218.csv,"Nature Supplementary Table S1, https://static-content.springer.com/esm/art%3A10.1038%2Fs41587-026-03090-8/MediaObjects/41587_2026_3090_MOESM4_ESM.xlsx",matched_by_normalized_name,TRUE,C=CC(=O)Nc1cc(Nc2nccc(-n3cc(CN(C)C)c(-c4ccccc4)n3)n2)c(OC)cc1N1CCOCC1,RRMJMHOQSALEJJ-UHFFFAOYSA-N,TRUE
Leniolisib,Leniolisib,PI3K,Activated phosphoinositide 3-kinase delta syndrome ,FDA Approved,CCC(=O)N1CC[C@@H](C1)Nc2c3c(ncn2)CCN(C3)c4cc(c(nc4)OC)C(F)(F)F,MWKYMZXCGYXLPL-ZDUSSCGKSA-N,PKIDB 2020 CSV,https://github.com/volkamerlab/pkidb_klifs/raw/refs/heads/master/results/pkidb_20200218.csv,"Nature Supplementary Table S1, https://static-content.springer.com/esm/art%3A10.1038%2Fs41587-026-03090-8/MediaObjects/41587_2026_3090_MOESM4_ESM.xlsx",matched_by_normalized_name,TRUE,CCC(=O)N1CC[C@H](Nc2ncnc3c2CN(c2cnc(OC)c(C(F)(F)F)c2)CC3)C1,MWKYMZXCGYXLPL-ZDUSSCGKSA-N,TRUE
Lenvatinib,Lenvatinib,"FLT1_VEGFR1, FLT4_VEGFR3, KDR_VEGFR2, RET","Differentiated thyroid cancer, hepatocellular carcinoma, renal cell carcinoma, endometrial carcinoma",FDA Approved,COc1cc2c(cc1C(=O)N)c(ccn2)Oc3ccc(c(c3)Cl)NC(=O)NC4CC4,WOSKHXYHFSIKNG-UHFFFAOYSA-N,PKIDB 2020 CSV,https://github.com/volkamerlab/pkidb_klifs/raw/refs/heads/master/results/pkidb_20200218.csv,"Nature Supplementary Table S1, https://static-content.springer.com/esm/art%3A10.1038%2Fs41587-026-03090-8/MediaObjects/41587_2026_3090_MOESM4_ESM.xlsx",matched_by_normalized_name,TRUE,COc1cc2nccc(Oc3ccc(NC(=O)NC4CC4)c(Cl)c3)c2cc1C(N)=O,WOSKHXYHFSIKNG-UHFFFAOYSA-N,TRUE
Lorlatinib,Lorlatinib,ALK,ALK-positive NSCLC,FDA Approved,C[C@@H]1c2cc(ccc2C(=O)N(Cc3c(c(n(n3)C)C#N)-c4cc(c(nc4)N)O1)C)F,IIXWYSCJSQVBQM-LLVKDONJSA-N,PKIDB 2020 CSV,https://github.com/volkamerlab/pkidb_klifs/raw/refs/heads/master/results/pkidb_20200218.csv,"Nature Supplementary Table S1, https://static-content.springer.com/esm/art%3A10.1038%2Fs41587-026-03090-8/MediaObjects/41587_2026_3090_MOESM4_ESM.xlsx",matched_by_normalized_name,TRUE,C[C@H]1Oc2cc(cnc2N)-c2c(nn(C)c2C#N)CN(C)C(=O)c2ccc(F)cc21,IIXWYSCJSQVBQM-LLVKDONJSA-N,TRUE
Midostaurin,Midostaurin,FLT3,"FLT3 mutation positive AML, mastocytosis, mast cell leukemia",FDA Approved,C[C@@]12[C@@H]([C@@H](C[C@@H](O1)n3c4ccccc4c5c3c6n2c7ccccc7c6c8c5C(=O)NC8)N(C)C(=O)c9ccccc9)OC,BMGQWWVMWDBQGC-IIFHNQTCSA-N,PKIDB 2020 CSV,https://github.com/volkamerlab/pkidb_klifs/raw/refs/heads/master/results/pkidb_20200218.csv,"Nature Supplementary Table S1, https://static-content.springer.com/esm/art%3A10.1038%2Fs41587-026-03090-8/MediaObjects/41587_2026_3090_MOESM4_ESM.xlsx",matched_by_normalized_name,TRUE,CO[C@@H]1[C@H](N(C)C(=O)c2ccccc2)C[C@H]2O[C@]1(C)n1c3ccccc3c3c4c(c5c6ccccc6n2c5c31)C(=O)NC4,BMGQWWVMWDBQGC-IIFHNQTCSA-N,TRUE
Mitapivat,Mitapivat,PK,hemolytic anemia ,FDA Approved,O=C(c1ccc(cc1)NS(=O)(=O)c1cccc2c1nccc2)N1CCN(CC1)CC1CC1,XAYGBKHKBBXDAK-UHFFFAOYSA-N,IUPHAR/BPS Guide to Pharmacology,https://www.guidetopharmacology.org/GRAC/LigandDisplayForward?ligandId=10473&tab=structure,"Nature Supplementary Table S1, https://static-content.springer.com/esm/art%3A10.1038%2Fs41587-026-03090-8/MediaObjects/41587_2026_3090_MOESM4_ESM.xlsx",manual_update_from_IUPHAR,TRUE,O=C(c1ccc(NS(=O)(=O)c2cccc3cccnc23)cc1)N1CCN(CC2CC2)CC1,XAYGBKHKBBXDAK-UHFFFAOYSA-N,TRUE
Mobocertinib,Mobocertinib,EGFR,NSCLC with EGFR-positive exon 20 insertions,FDA Approval Withdrawn,C=CC(=O)Nc1cc(Nc2ncc(C(=O)OC(C)C)c(-c3cn(C)c4ccccc34)n2)c(OC)cc1N(C)CCN(C)C,AZSRSNUQCUDCGG-UHFFFAOYSA-N,PKIDB current web page,https://www.icoa.fr/pkidb/,"Nature Supplementary Table S1, https://static-content.springer.com/esm/art%3A10.1038%2Fs41587-026-03090-8/MediaObjects/41587_2026_3090_MOESM4_ESM.xlsx",manual_update_from_current_PKIDB,TRUE,C=CC(=O)Nc1cc(Nc2ncc(C(=O)OC(C)C)c(-c3cn(C)c4ccccc34)n2)c(OC)cc1N(C)CCN(C)C,AZSRSNUQCUDCGG-UHFFFAOYSA-N,TRUE
Neratinib,Neratinib,ERBB2_HER2,HER2-positive breast cancer,FDA Approved,CCOc1cc2c(cc1NC(=O)/C=C/CN(C)C)c(c(cn2)C#N)Nc3ccc(c(c3)Cl)OCc4ccccn4,JWNPDZNEKVCWMY-VQHVLOKHSA-N,PKIDB 2020 CSV,https://github.com/volkamerlab/pkidb_klifs/raw/refs/heads/master/results/pkidb_20200218.csv,"Nature Supplementary Table S1, https://static-content.springer.com/esm/art%3A10.1038%2Fs41587-026-03090-8/MediaObjects/41587_2026_3090_MOESM4_ESM.xlsx",matched_by_normalized_name,TRUE,CCOc1cc2ncc(C#N)c(Nc3ccc(OCc4ccccn4)c(Cl)c3)c2cc1NC(=O)/C=C/CN(C)C,JWNPDZNEKVCWMY-VQHVLOKHSA-N,TRUE
Netarsudil,Netarsudil,"ROCK1, ROCK2",Glaucoma,FDA Approved,Cc1ccc(c(c1)C)C(=O)OCc2ccc(cc2)[C@@H](CN)C(=O)Nc3ccc4cnccc4c3,OURRXQUGYQRVML-AREMUKBSSA-N,PKIDB 2020 CSV,https://github.com/volkamerlab/pkidb_klifs/raw/refs/heads/master/results/pkidb_20200218.csv,"Nature Supplementary Table S1, https://static-content.springer.com/esm/art%3A10.1038%2Fs41587-026-03090-8/MediaObjects/41587_2026_3090_MOESM4_ESM.xlsx",matched_by_normalized_name,TRUE,Cc1ccc(C(=O)OCc2ccc([C@@H](CN)C(=O)Nc3ccc4cnccc4c3)cc2)c(C)c1,OURRXQUGYQRVML-AREMUKBSSA-N,TRUE
Nilotinib,Nilotinib,"BCR_ABL, ABL1, ABL2_ARG",Ph+ chronic myelogenous leukemia,FDA Approved,Cc1ccc(cc1Nc2nccc(n2)c3cccnc3)C(=O)Nc4cc(cc(c4)n5cc(nc5)C)C(F)(F)F,HHZIURLSWUIHRB-UHFFFAOYSA-N,PKIDB 2020 CSV,https://github.com/volkamerlab/pkidb_klifs/raw/refs/heads/master/results/pkidb_20200218.csv,"Nature Supplementary Table S1, https://static-content.springer.com/esm/art%3A10.1038%2Fs41587-026-03090-8/MediaObjects/41587_2026_3090_MOESM4_ESM.xlsx",matched_by_normalized_name,TRUE,Cc1cn(-c2cc(NC(=O)c3ccc(C)c(Nc4nccc(-c5cccnc5)n4)c3)cc(C(F)(F)F)c2)cn1,HHZIURLSWUIHRB-UHFFFAOYSA-N,TRUE
Nintedanib,Nintedanib,"FGFR1, FGFR2, FGFR3",Idiopathic pulmonary fibrosis,FDA Approved,CN1CCN(CC1)CC(=O)N(C)c2ccc(cc2)N/C(=C\3/c4ccc(cc4NC3=O)C(=O)OC)/c5ccccc5,XZXHXSATPCNXJR-ZIADKAODSA-N,PKIDB 2020 CSV,https://github.com/volkamerlab/pkidb_klifs/raw/refs/heads/master/results/pkidb_20200218.csv,"Nature Supplementary Table S1, https://static-content.springer.com/esm/art%3A10.1038%2Fs41587-026-03090-8/MediaObjects/41587_2026_3090_MOESM4_ESM.xlsx",matched_by_normalized_name,TRUE,COC(=O)c1ccc2c(c1)NC(=O)/C2=C(\Nc1ccc(N(C)C(=O)CN2CCN(C)CC2)cc1)c1ccccc1,XZXHXSATPCNXJR-ZIADKAODSA-N,TRUE
Osimertinib,Osimertinib,EGFR,NSCLC with exon 19 or exon 21 substitutions (L858R) or T790M mutations,FDA Approved,Cn1cc(c2c1cccc2)c3ccnc(n3)Nc4cc(c(cc4OC)N(C)CCN(C)C)NC(=O)C=C,DUYJMQONPNNFPI-UHFFFAOYSA-N,PKIDB 2020 CSV,https://github.com/volkamerlab/pkidb_klifs/raw/refs/heads/master/results/pkidb_20200218.csv,"Nature Supplementary Table S1, https://static-content.springer.com/esm/art%3A10.1038%2Fs41587-026-03090-8/MediaObjects/41587_2026_3090_MOESM4_ESM.xlsx",matched_by_normalized_name,TRUE,C=CC(=O)Nc1cc(Nc2nccc(-c3cn(C)c4ccccc34)n2)c(OC)cc1N(C)CCN(C)C,DUYJMQONPNNFPI-UHFFFAOYSA-N,TRUE
Pacritinib,Pacritinib,JAK2,Myelofibrosis,FDA Approved,c1cc2cc(c1)-c3ccnc(n3)Nc4ccc(c(c4)COC/C=C/COC2)OCCN5CCCC5,HWXVIOGONBBTBY-ONEGZZNKSA-N,PKIDB 2020 CSV,https://github.com/volkamerlab/pkidb_klifs/raw/refs/heads/master/results/pkidb_20200218.csv,"Nature Supplementary Table S1, https://static-content.springer.com/esm/art%3A10.1038%2Fs41587-026-03090-8/MediaObjects/41587_2026_3090_MOESM4_ESM.xlsx",matched_by_normalized_name,TRUE,C1=C/COCc2cc(ccc2OCCN2CCCC2)Nc2nccc(n2)-c2cccc(c2)COC/1,HWXVIOGONBBTBY-ONEGZZNKSA-N,TRUE
Palbociclib,Palbociclib,"CDK4_CYCLIN_D1, CDK4_CYCLIN_D3, CDK4_CYCLIN_D2, CDK6_CYCLIN_D1, CDK6_CYCLIN_D3, CDK6_CYCLIN_D2",Breast cancer (HER2-positive or negative) combination therapy,FDA Approved,Cc1c2cnc(nc2n(c(=O)c1C(=O)C)C3CCCC3)Nc4ccc(cn4)N5CCNCC5,AHJRHEGDXFFMBM-UHFFFAOYSA-N,PKIDB 2020 CSV,https://github.com/volkamerlab/pkidb_klifs/raw/refs/heads/master/results/pkidb_20200218.csv,"Nature Supplementary Table S1, https://static-content.springer.com/esm/art%3A10.1038%2Fs41587-026-03090-8/MediaObjects/41587_2026_3090_MOESM4_ESM.xlsx",matched_by_normalized_name,TRUE,CC(=O)c1c(C)c2cnc(Nc3ccc(N4CCNCC4)cn3)nc2n(C2CCCC2)c1=O,AHJRHEGDXFFMBM-UHFFFAOYSA-N,TRUE
Paxalisib,Paxalisib,"PI3K, MTOR_FRAP1",Brain cancers,FDA Phase III Trials to begin,CC1(C)OCCn2c1nc1c(N3CCOCC3)nc(-c3cnc(N)nc3)nc12,LGWACEZVCMBSKW-UHFFFAOYSA-N,PKIDB current web page,https://www.icoa.fr/pkidb/,"Nature Supplementary Table S1, https://static-content.springer.com/esm/art%3A10.1038%2Fs41587-026-03090-8/MediaObjects/41587_2026_3090_MOESM4_ESM.xlsx",manual_update_from_current_PKIDB,TRUE,CC1(C)OCCn2c1nc1c(N3CCOCC3)nc(-c3cnc(N)nc3)nc12,LGWACEZVCMBSKW-UHFFFAOYSA-N,TRUE
Pazopanib,Pazopanib,"FLT1_VEGFR1, FLT4_VEGFR3, KDR_VEGFR2","Renal cell carcinoma, soft tissue sarcomas",FDA Approved,Cc1ccc(cc1S(=O)(=O)N)Nc2nccc(n2)N(C)c3ccc4c(n(nc4c3)C)C,CUIHSIWYWATEQL-UHFFFAOYSA-N,PKIDB 2020 CSV,https://github.com/volkamerlab/pkidb_klifs/raw/refs/heads/master/results/pkidb_20200218.csv,"Nature Supplementary Table S1, https://static-content.springer.com/esm/art%3A10.1038%2Fs41587-026-03090-8/MediaObjects/41587_2026_3090_MOESM4_ESM.xlsx",matched_by_normalized_name,TRUE,Cc1ccc(Nc2nccc(N(C)c3ccc4c(C)n(C)nc4c3)n2)cc1S(N)(=O)=O,CUIHSIWYWATEQL-UHFFFAOYSA-N,TRUE
Pemigatinib,Pemigatinib,FGFR2,Advanced cholangiocarcinoma with FGFR2 fusions or rearrangements,FDA Approved,CCN1c2c3cc([nH]c3ncc2CN(C1=O)c4c(c(cc(c4F)OC)OC)F)CN5CCOCC5,HCDMJFOHIXMBOV-UHFFFAOYSA-N,PKIDB current web page,https://www.icoa.fr/pkidb/,"Nature Supplementary Table S1, https://static-content.springer.com/esm/art%3A10.1038%2Fs41587-026-03090-8/MediaObjects/41587_2026_3090_MOESM4_ESM.xlsx",manual_update_from_current_PKIDB,TRUE,CCN1C(=O)N(c2c(F)c(OC)cc(OC)c2F)Cc2cnc3[nH]c(CN4CCOCC4)cc3c21,HCDMJFOHIXMBOV-UHFFFAOYSA-N,TRUE
Pexidartinib,Pexidartinib,FMS,Tenosynovial giant cell tumors,FDA Approved,c1cc(ncc1Cc2c[nH]c3c2cc(cn3)Cl)NCc4ccc(nc4)C(F)(F)F,JGWRKYUXBBNENE-UHFFFAOYSA-N,PKIDB 2020 CSV,https://github.com/volkamerlab/pkidb_klifs/raw/refs/heads/master/results/pkidb_20200218.csv,"Nature Supplementary Table S1, https://static-content.springer.com/esm/art%3A10.1038%2Fs41587-026-03090-8/MediaObjects/41587_2026_3090_MOESM4_ESM.xlsx",matched_by_normalized_name,TRUE,FC(F)(F)c1ccc(CNc2ccc(Cc3c[nH]c4ncc(Cl)cc34)cn2)cn1,JGWRKYUXBBNENE-UHFFFAOYSA-N,TRUE
Pirtobrutinib,Pirtobrutinib,BTK,"Mantle cell lymphoma, chronic lymphocytic leukemia, small lymphocytic lymphoma",FDA Approved,COc1ccc(F)cc1C(=O)NCc1ccc(-c2nn([C@@H](C)C(F)(F)F)c(N)c2C(N)=O)cc1,FWZAWAUZXYCBKZ-NSHDSACASA-N,PKIDB current web page,https://www.icoa.fr/pkidb/,"Nature Supplementary Table S1, https://static-content.springer.com/esm/art%3A10.1038%2Fs41587-026-03090-8/MediaObjects/41587_2026_3090_MOESM4_ESM.xlsx",manual_update_from_current_PKIDB,TRUE,COc1ccc(F)cc1C(=O)NCc1ccc(-c2nn([C@@H](C)C(F)(F)F)c(N)c2C(N)=O)cc1,FWZAWAUZXYCBKZ-NSHDSACASA-N,TRUE
Ponatinib,Ponatinib,"BCR_ABL, ABL1, ABL2_ARG","Ph+ chronic myelogenous leukemia, acute lymphoblastic leukemia",FDA Approved,Cc1ccc(cc1C#Cc2cnc3n2nccc3)C(=O)Nc4ccc(c(c4)C(F)(F)F)CN5CCN(CC5)C,PHXJVRSECIGDHY-UHFFFAOYSA-N,PKIDB 2020 CSV,https://github.com/volkamerlab/pkidb_klifs/raw/refs/heads/master/results/pkidb_20200218.csv,"Nature Supplementary Table S1, https://static-content.springer.com/esm/art%3A10.1038%2Fs41587-026-03090-8/MediaObjects/41587_2026_3090_MOESM4_ESM.xlsx",matched_by_normalized_name,TRUE,Cc1ccc(C(=O)Nc2ccc(CN3CCN(C)CC3)c(C(F)(F)F)c2)cc1C#Cc1cnc2cccnn12,PHXJVRSECIGDHY-UHFFFAOYSA-N,TRUE
Pralsetinib,Pralsetinib,RET,"RET-fusion protein NSCLC, RET mutant medullary thyroid cancer, RET fusion thyroid cancer",FDA Approved,Cc1[nH]nc(c1)Nc2nc(nc(c2)C)[C@H]3CC[C@@](CC3)(OC)C(=O)N[C@H](c4cnc(cc4)n5ncc(c5)F)C,GBLBJPZSROAGMF-BATDWUPUSA-N,PKIDB 2020 CSV,https://github.com/volkamerlab/pkidb_klifs/raw/refs/heads/master/results/pkidb_20200218.csv,"Nature Supplementary Table S1, https://static-content.springer.com/esm/art%3A10.1038%2Fs41587-026-03090-8/MediaObjects/41587_2026_3090_MOESM4_ESM.xlsx",matched_by_normalized_name,TRUE,CO[C@]1(C(=O)N[C@@H](C)c2ccc(-n3cc(F)cn3)nc2)CC[C@@H](c2nc(C)cc(Nc3cc(C)[nH]n3)n2)CC1,GBLBJPZSROAGMF-BATDWUPUSA-N,TRUE
Quizartinib,Quizartinib,FLT3,FLT3 internal tandem duplication positive acute myelogenous leukemia in combination with cytarabine and daunorubicin,FDA Approved,CC(C)(C)c1cc(no1)NC(=O)Nc2ccc(cc2)c3cn4c5ccc(cc5sc4n3)OCCN6CCOCC6,CVWXJKQAOSCOAB-UHFFFAOYSA-N,PKIDB 2020 CSV,https://github.com/volkamerlab/pkidb_klifs/raw/refs/heads/master/results/pkidb_20200218.csv,"Nature Supplementary Table S1, https://static-content.springer.com/esm/art%3A10.1038%2Fs41587-026-03090-8/MediaObjects/41587_2026_3090_MOESM4_ESM.xlsx",matched_by_normalized_name,TRUE,CC(C)(C)c1cc(NC(=O)Nc2ccc(-c3cn4c(n3)sc3cc(OCCN5CCOCC5)ccc34)cc2)no1,CVWXJKQAOSCOAB-UHFFFAOYSA-N,TRUE
Rabusertib,Rabusertib,CHK1,"Pancreatic cancer, non-small cell lung carcinoma ",FDA trials Discontinued after Phase II,Cc1cc(c(cc1Br)NC(=O)Nc2cnc(cn2)C)OC[C@@H]3CNCCO3,SYYBDNPGDKKJDU-ZDUSSCGKSA-N,PKIDB 2020 CSV,https://github.com/volkamerlab/pkidb_klifs/raw/refs/heads/master/results/pkidb_20200218.csv,"Nature Supplementary Table S1, https://static-content.springer.com/esm/art%3A10.1038%2Fs41587-026-03090-8/MediaObjects/41587_2026_3090_MOESM4_ESM.xlsx",matched_by_normalized_name,TRUE,Cc1cnc(NC(=O)Nc2cc(Br)c(C)cc2OC[C@@H]2CNCCO2)cn1,SYYBDNPGDKKJDU-ZDUSSCGKSA-N,TRUE
Regorafenib,Regorafenib,"FLT1_VEGFR1, FLT4_VEGFR3, KDR_VEGFR2","Colorectal cancer, hepatocellular carcinoma, gastrointestinal stromal tumors",FDA Approved,CNC(=O)c1cc(ccn1)Oc2ccc(c(c2)F)NC(=O)Nc3ccc(c(c3)C(F)(F)F)Cl,FNHKPVJBJVTLMP-UHFFFAOYSA-N,PKIDB 2020 CSV,https://github.com/volkamerlab/pkidb_klifs/raw/refs/heads/master/results/pkidb_20200218.csv,"Nature Supplementary Table S1, https://static-content.springer.com/esm/art%3A10.1038%2Fs41587-026-03090-8/MediaObjects/41587_2026_3090_MOESM4_ESM.xlsx",matched_by_normalized_name,TRUE,CNC(=O)c1cc(Oc2ccc(NC(=O)Nc3ccc(Cl)c(C(F)(F)F)c3)c(F)c2)ccn1,FNHKPVJBJVTLMP-UHFFFAOYSA-N,TRUE
Remibrutinib,Remibrutinib,BTK,Chronic spontaneous urticaria ,FDA Phase III Trials,CC1=C(C=C(C=C1NC(=O)C2=C(C=C(C=C2)C3CC3)F)F)C4=C(C(=NC=N4)N)OCCN(C)C(=O)C=C,CUABMPOJOBCXJI-UHFFFAOYSA-N,PKIDB current web page,https://www.icoa.fr/pkidb/,"Nature Supplementary Table S1, https://static-content.springer.com/esm/art%3A10.1038%2Fs41587-026-03090-8/MediaObjects/41587_2026_3090_MOESM4_ESM.xlsx",manual_update_from_current_PKIDB,TRUE,C=CC(=O)N(C)CCOc1c(N)ncnc1-c1cc(F)cc(NC(=O)c2ccc(C3CC3)cc2F)c1C,CUABMPOJOBCXJI-UHFFFAOYSA-N,TRUE
Repotrectinib,Repotrectinib,ROS_ROS1,ROS1-positive NSCLC,FDA Approved,CC1CNC(=O)C2=C3N=C(C=CN3N=C2)NC(C4=C(O1)C=CC(=C4)F)C,FIKPXCOQUIZNHB-WDEREUQCSA-N,PKIDB current web page,https://www.icoa.fr/pkidb/,"Nature Supplementary Table S1, https://static-content.springer.com/esm/art%3A10.1038%2Fs41587-026-03090-8/MediaObjects/41587_2026_3090_MOESM4_ESM.xlsx",manual_update_from_current_PKIDB,TRUE,C[C@H]1CNC(=O)C2=C3N=C(C=CN3N=C2)N[C@@H](C4=C(O1)C=CC(=C4)F)C,FIKPXCOQUIZNHB-WDEREUQCSA-N,TRUE
Ribociclib,Ribociclib,"CDK4_CYCLIN_D1, CDK4_CYCLIN_D3, CDK4_CYCLIN_D2, CDK6_CYCLIN_D1, CDK6_CYCLIN_D3, CDK6_CYCLIN_D2",Breast cancer (HER2-positive or negative) combination therapy,FDA Approved,CN(C)C(=O)c1cc2cnc(nc2n1C3CCCC3)Nc4ccc(cn4)N5CCNCC5,RHXHGRAEPCAFML-UHFFFAOYSA-N,PKIDB 2020 CSV,https://github.com/volkamerlab/pkidb_klifs/raw/refs/heads/master/results/pkidb_20200218.csv,"Nature Supplementary Table S1, https://static-content.springer.com/esm/art%3A10.1038%2Fs41587-026-03090-8/MediaObjects/41587_2026_3090_MOESM4_ESM.xlsx",matched_by_normalized_name,TRUE,CN(C)C(=O)c1cc2cnc(Nc3ccc(N4CCNCC4)cn3)nc2n1C1CCCC1,RHXHGRAEPCAFML-UHFFFAOYSA-N,TRUE
Ripretinib,Ripretinib,"C_KIT, PDGFRA, PDGFRB",Fourth-line treatment for gastrointestinal stromal tumors,FDA Approved,CCn1c2cc(ncc2cc(c1=O)c3cc(c(cc3Br)F)NC(=O)Nc4ccccc4)NC,CEFJVGZHQAGLHS-UHFFFAOYSA-N,PKIDB 2020 CSV,https://github.com/volkamerlab/pkidb_klifs/raw/refs/heads/master/results/pkidb_20200218.csv,"Nature Supplementary Table S1, https://static-content.springer.com/esm/art%3A10.1038%2Fs41587-026-03090-8/MediaObjects/41587_2026_3090_MOESM4_ESM.xlsx",matched_by_normalized_name,TRUE,CCn1c(=O)c(-c2cc(NC(=O)Nc3ccccc3)c(F)cc2Br)cc2cnc(NC)cc21,CEFJVGZHQAGLHS-UHFFFAOYSA-N,TRUE
Ruxolitinib,Ruxolitinib,"JAK1, JAK2, JAK3, TYK2","Myelofibrosis, polycythemia vera, graft vs. host disease, atopic dermatitis (applied topically)",FDA Approved,c1c[nH]c2c1c(ncn2)c3cnn(c3)[C@H](CC#N)C4CCCC4,HFNKQEVNSGCOJV-OAHLLOKOSA-N,PKIDB 2020 CSV,https://github.com/volkamerlab/pkidb_klifs/raw/refs/heads/master/results/pkidb_20200218.csv,"Nature Supplementary Table S1, https://static-content.springer.com/esm/art%3A10.1038%2Fs41587-026-03090-8/MediaObjects/41587_2026_3090_MOESM4_ESM.xlsx",matched_by_normalized_name,TRUE,N#CC[C@H](C1CCCC1)n1cc(-c2ncnc3[nH]ccc23)cn1,HFNKQEVNSGCOJV-OAHLLOKOSA-N,TRUE
Selpercatinib,Selpercatinib,RET,"RET fusion NSCLC, RET fusion solid tumors, RET fusion thyroid cancers and RET mutant medullary thyroid cancer",FDA Approved,COC1C=CC(CN2C3CN(CC2C3)C2C=CC(=CN=2)C2=CC(=CN3N=CC(C#N)=C32)OCC(C)(C)O)=CN=1,XIIOFHFUYBLOLW-UHFFFAOYSA-N,PKIDB current web page,https://www.icoa.fr/pkidb/,"Nature Supplementary Table S1, https://static-content.springer.com/esm/art%3A10.1038%2Fs41587-026-03090-8/MediaObjects/41587_2026_3090_MOESM4_ESM.xlsx",manual_update_from_current_PKIDB,TRUE,COc1ccc(CN2C3CC2CN(c2ccc(-c4cc(OCC(C)(C)O)cn5ncc(C#N)c45)cn2)C3)cn1,XIIOFHFUYBLOLW-UHFFFAOYSA-N,TRUE
Selumetinib,Selumetinib,"MEK1, MEK2",Neurofibromatosis type I,FDA Approved,Cn1cnc2c1cc(c(c2F)Nc3ccc(cc3Cl)Br)C(=O)NOCCO,CYOHGALHFOKKQC-UHFFFAOYSA-N,PKIDB 2020 CSV,https://github.com/volkamerlab/pkidb_klifs/raw/refs/heads/master/results/pkidb_20200218.csv,"Nature Supplementary Table S1, https://static-content.springer.com/esm/art%3A10.1038%2Fs41587-026-03090-8/MediaObjects/41587_2026_3090_MOESM4_ESM.xlsx",matched_by_normalized_name,TRUE,Cn1cnc2c(F)c(Nc3ccc(Br)cc3Cl)c(C(=O)NOCCO)cc21,CYOHGALHFOKKQC-UHFFFAOYSA-N,TRUE
Sirolimus,Sirolimus,"FKBP12, MTOR_FRAP1","Kidney transplant, lymphangioleiomyomatosis",FDA Approved,COC1CC(CCC1O)CC(C1OC(=O)C2CCCCN2C(=O)C(=O)C2(O)OC(CCC2C)CC(OC)C(=CC=CC=CC(CC(C(=O)C(C(C(=CC(C(=O)C1)C)C)O)OC)C)C)C)C,QFJCIRLUMZQUOT-HPLJOQBZSA-N,IUPHAR/BPS Guide to Pharmacology,https://www.guidetopharmacology.org/GRAC/LigandDisplayForward?ligandId=6031&tab=refs,"Nature Supplementary Table S1, https://static-content.springer.com/esm/art%3A10.1038%2Fs41587-026-03090-8/MediaObjects/41587_2026_3090_MOESM4_ESM.xlsx",manual_update_from_IUPHAR,TRUE,C[C@@H]1CC[C@H]2C[C@@H](/C(=C/C=C/C=C/[C@H](C[C@H](C(=O)[C@@H]([C@@H](/C(=C/[C@H](C(=O)C[C@H](OC(=O)[C@@H]3CCCCN3C(=O)C(=O)[C@@]1(O2)O)[C@H](C)C[C@@H]4CC[C@H]([C@@H](C4)OC)O)C)/C)O)OC)C)C)/C)OC,QFJCIRLUMZQUOT-HPLJOQBZSA-N,TRUE
Sorafenib,Sorafenib,"FLT1_VEGFR1, FLT4_VEGFR3, KDR_VEGFR2","Hepatocellular carcinoma, renal cell carcinoma, differentiated thyroid cancer",FDA Approved,CNC(=O)c1cc(ccn1)Oc2ccc(cc2)NC(=O)Nc3ccc(c(c3)C(F)(F)F)Cl,MLDQJTXFUGDVEO-UHFFFAOYSA-N,PKIDB 2020 CSV,https://github.com/volkamerlab/pkidb_klifs/raw/refs/heads/master/results/pkidb_20200218.csv,"Nature Supplementary Table S1, https://static-content.springer.com/esm/art%3A10.1038%2Fs41587-026-03090-8/MediaObjects/41587_2026_3090_MOESM4_ESM.xlsx",matched_by_normalized_name,TRUE,CNC(=O)c1cc(Oc2ccc(NC(=O)Nc3ccc(Cl)c(C(F)(F)F)c3)cc2)ccn1,MLDQJTXFUGDVEO-UHFFFAOYSA-N,TRUE
Sunitinib,Sunitinib,KDR_VEGFR2,"Gastrointestinal stromal tumors, renal cell carcinoma, pancreatic neuroendocrine tumors",FDA Approved,CCN(CC)CCNC(=O)c1c(c([nH]c1C)/C=C\2/c3cc(ccc3NC2=O)F)C,WINHZLLDWRZWRT-ATVHPVEESA-N,PKIDB 2020 CSV,https://github.com/volkamerlab/pkidb_klifs/raw/refs/heads/master/results/pkidb_20200218.csv,"Nature Supplementary Table S1, https://static-content.springer.com/esm/art%3A10.1038%2Fs41587-026-03090-8/MediaObjects/41587_2026_3090_MOESM4_ESM.xlsx",matched_by_normalized_name,TRUE,CCN(CC)CCNC(=O)c1c(C)[nH]c(/C=C2\C(=O)Nc3ccc(F)cc32)c1C,WINHZLLDWRZWRT-ATVHPVEESA-N,TRUE
Temsirolimus,Temsirolimus,"FKBP12, MTOR_FRAP1",Advance renal cell carcinoma,FDA Approved,COC1CC(CCC1OC(=O)C(CO)(CO)C)CC(C1OC(=O)C2CCCCN2C(=O)C(=O)C2(O)OC(CCC2C)CC(OC)C(=CC=CC=CC(CC(C(=O)C(C(C(=CC(C(=O)C1)C)C)O)OC)C)C)C)C,CBPNZQVSJQDFBE-FUXHJELOSA-N,IUPHAR/BPS Guide to Pharmacology,https://www.guidetopharmacology.org/GRAC/LigandDisplayForward?ligandId=5892&tab=structure,"Nature Supplementary Table S1, https://static-content.springer.com/esm/art%3A10.1038%2Fs41587-026-03090-8/MediaObjects/41587_2026_3090_MOESM4_ESM.xlsx",manual_update_from_IUPHAR; stereochemistry_ambiguity_noted_by_source,TRUE,C[C@@H]1CC[C@H]2C[C@@H](/C(=C/C=C/C=C/[C@H](C[C@H](C(=O)[C@@H]([C@@H](/C(=C/[C@H](C(=O)C[C@H](OC(=O)[C@@H]3CCCCN3C(=O)C(=O)[C@@]1(O2)O)[C@H](C)C[C@@H]4CC[C@H]([C@@H](C4)OC)OC(=O)C(C)(CO)CO)C)/C)O)OC)C)C)/C)OC,CBPNZQVSJQDFBE-FUXHJELOSA-N,TRUE
Tenalisib,Tenalisib,PI3K,T cell lymphomas ,FDA Phase I Trials Completed,CC[C@@H](c1c(c(=O)c2ccccc2o1)c3cccc(c3)F)Nc4c5c([nH]cn5)ncn4,HDXDQPRPFRKGKZ-INIZCTEOSA-N,PKIDB current web page,https://www.icoa.fr/pkidb/,"Nature Supplementary Table S1, https://static-content.springer.com/esm/art%3A10.1038%2Fs41587-026-03090-8/MediaObjects/41587_2026_3090_MOESM4_ESM.xlsx",manual_update_from_current_PKIDB,TRUE,CC[C@H](Nc1ncnc2[nH]cnc12)c1oc2ccccc2c(=O)c1-c1cccc(F)c1,HDXDQPRPFRKGKZ-INIZCTEOSA-N,TRUE
Tepotinib,Tepotinib,C_MET,MET-mutant NSCLC,FDA Approved,CN1CCC(CC1)COc2cnc(nc2)c3cccc(c3)Cn4c(=O)ccc(n4)c5cccc(c5)C#N,AHYMHWXQRWRBKT-UHFFFAOYSA-N,PKIDB 2020 CSV,https://github.com/volkamerlab/pkidb_klifs/raw/refs/heads/master/results/pkidb_20200218.csv,"Nature Supplementary Table S1, https://static-content.springer.com/esm/art%3A10.1038%2Fs41587-026-03090-8/MediaObjects/41587_2026_3090_MOESM4_ESM.xlsx",matched_by_normalized_name,TRUE,CN1CCC(COc2cnc(-c3cccc(Cn4nc(-c5cccc(C#N)c5)ccc4=O)c3)nc2)CC1,AHYMHWXQRWRBKT-UHFFFAOYSA-N,TRUE
Tivozanib,Tivozanib,KDR_VEGFR2,Third-line treatment of renal cell carcinoma,FDA Approved,Cc1cc(no1)NC(=O)Nc2ccc(cc2Cl)Oc3ccnc4c3cc(c(c4)OC)OC,SPMVMDHWKHCIDT-UHFFFAOYSA-N,PKIDB 2020 CSV,https://github.com/volkamerlab/pkidb_klifs/raw/refs/heads/master/results/pkidb_20200218.csv,"Nature Supplementary Table S1, https://static-content.springer.com/esm/art%3A10.1038%2Fs41587-026-03090-8/MediaObjects/41587_2026_3090_MOESM4_ESM.xlsx",matched_by_normalized_name,TRUE,COc1cc2nccc(Oc3ccc(NC(=O)Nc4cc(C)on4)c(Cl)c3)c2cc1OC,SPMVMDHWKHCIDT-UHFFFAOYSA-N,TRUE
Tofacitinib,Tofacitinib,JAK3,"Rheumatoid arthritis, psoriatic arthritis, ulcerative colitis",FDA Approved,C[C@@H]1CCN(C[C@@H]1N(C)c2c3cc[nH]c3ncn2)C(=O)CC#N,UJLAWZDWDVHWOW-YPMHNXCESA-N,PKIDB 2020 CSV,https://github.com/volkamerlab/pkidb_klifs/raw/refs/heads/master/results/pkidb_20200218.csv,"Nature Supplementary Table S1, https://static-content.springer.com/esm/art%3A10.1038%2Fs41587-026-03090-8/MediaObjects/41587_2026_3090_MOESM4_ESM.xlsx",matched_by_normalized_name,TRUE,C[C@@H]1CCN(C(=O)CC#N)C[C@@H]1N(C)c1ncnc2[nH]ccc12,UJLAWZDWDVHWOW-YPMHNXCESA-N,TRUE
Trametinib,Trametinib,"MEK1, MEK2",Melanoma with BRAF V600E or V600K mutations with dabrafenib; NSCLC with BRAF V600E mutations with dabrafenib,FDA Approved,Cc1c2c(c(n(c1=O)C)Nc3ccc(cc3F)I)c(=O)n(c(=O)n2c4cccc(c4)NC(=O)C)C5CC5,LIRYPHYGHXZJBZ-UHFFFAOYSA-N,PKIDB 2020 CSV,https://github.com/volkamerlab/pkidb_klifs/raw/refs/heads/master/results/pkidb_20200218.csv,"Nature Supplementary Table S1, https://static-content.springer.com/esm/art%3A10.1038%2Fs41587-026-03090-8/MediaObjects/41587_2026_3090_MOESM4_ESM.xlsx",matched_by_normalized_name,TRUE,CC(=O)Nc1cccc(-n2c(=O)n(C3CC3)c(=O)c3c(Nc4ccc(I)cc4F)n(C)c(=O)c(C)c32)c1,LIRYPHYGHXZJBZ-UHFFFAOYSA-N,TRUE
Tucatinib,Tucatinib,ERBB2_HER2,HER2-positive breast cancer and colon cancer,FDA Approved,Cc1cc(ccc1Oc2ccn3c(c2)ncn3)Nc4c5cc(ccc5ncn4)NC6=NC(CO6)(C)C,SDEAXTCZPQIFQM-UHFFFAOYSA-N,PKIDB 2020 CSV,https://github.com/volkamerlab/pkidb_klifs/raw/refs/heads/master/results/pkidb_20200218.csv,"Nature Supplementary Table S1, https://static-content.springer.com/esm/art%3A10.1038%2Fs41587-026-03090-8/MediaObjects/41587_2026_3090_MOESM4_ESM.xlsx",matched_by_normalized_name,TRUE,Cc1cc(Nc2ncnc3ccc(NC4=NC(C)(C)CO4)cc23)ccc1Oc1ccn2ncnc2c1,SDEAXTCZPQIFQM-UHFFFAOYSA-N,TRUE
Umbralisib,Umbralisib,"CK1EPSILON, PI3K","Marginal zone lymphoma, follicular lymphoma ",FDA Approval Withdrawn,C[C@@H](c1c(c(=O)c2cc(ccc2o1)F)c3cccc(c3)F)n4c5c(c(n4)c6ccc(c(c6)F)OC(C)C)c(ncn5)N,IUVCFHHAEHNCFT-INIZCTEOSA-N,PKIDB 2020 CSV,https://github.com/volkamerlab/pkidb_klifs/raw/refs/heads/master/results/pkidb_20200218.csv,"Nature Supplementary Table S1, https://static-content.springer.com/esm/art%3A10.1038%2Fs41587-026-03090-8/MediaObjects/41587_2026_3090_MOESM4_ESM.xlsx",matched_by_normalized_name,TRUE,CC(C)Oc1ccc(-c2nn([C@@H](C)c3oc4ccc(F)cc4c(=O)c3-c3cccc(F)c3)c3ncnc(N)c23)cc1F,IUVCFHHAEHNCFT-INIZCTEOSA-N,TRUE
Upadacitinib,Upadacitinib,JAK1,"Second-line treatment for rheumatoid arthritis, psoriatic arthritis, atopic dermatitis",FDA Approved,CC[C@@H]1CN(C[C@@H]1c2cnc3n2c4cc[nH]c4nc3)C(=O)NCC(F)(F)F,WYQFJHHDOKWSHR-MNOVXSKESA-N,PKIDB 2020 CSV,https://github.com/volkamerlab/pkidb_klifs/raw/refs/heads/master/results/pkidb_20200218.csv,"Nature Supplementary Table S1, https://static-content.springer.com/esm/art%3A10.1038%2Fs41587-026-03090-8/MediaObjects/41587_2026_3090_MOESM4_ESM.xlsx",matched_by_normalized_name,TRUE,CC[C@@H]1CN(C(=O)NCC(F)(F)F)C[C@@H]1c1cnc2cnc3[nH]ccc3n12,WYQFJHHDOKWSHR-MNOVXSKESA-N,TRUE
Vandetanib-Final,Vandetanib,KDR_VEGFR2,Medullary thyroid cancer,FDA Approved,CN1CCC(CC1)COc2cc3c(cc2OC)c(ncn3)Nc4ccc(cc4F)Br,UHTHHESEBZOYNR-UHFFFAOYSA-N,PKIDB 2020 CSV,https://github.com/volkamerlab/pkidb_klifs/raw/refs/heads/master/results/pkidb_20200218.csv,"Nature Supplementary Table S1, https://static-content.springer.com/esm/art%3A10.1038%2Fs41587-026-03090-8/MediaObjects/41587_2026_3090_MOESM4_ESM.xlsx",matched_by_normalized_name,TRUE,COc1cc2c(Nc3ccc(Br)cc3F)ncnc2cc1OCC1CCN(C)CC1,UHTHHESEBZOYNR-UHFFFAOYSA-N,TRUE
Vemurafenib,Vemurafenib,BRAF,BRAF V600E or V600K mutation positive melanoma with cobimetinib; Chester-Erdheim disease,FDA Approved,CCCS(=O)(=O)Nc1ccc(c(c1F)C(=O)c2c[nH]c3c2cc(cn3)c4ccc(cc4)Cl)F,GPXBXXGIAQBQNI-UHFFFAOYSA-N,PKIDB 2020 CSV,https://github.com/volkamerlab/pkidb_klifs/raw/refs/heads/master/results/pkidb_20200218.csv,"Nature Supplementary Table S1, https://static-content.springer.com/esm/art%3A10.1038%2Fs41587-026-03090-8/MediaObjects/41587_2026_3090_MOESM4_ESM.xlsx",matched_by_normalized_name,TRUE,CCCS(=O)(=O)Nc1ccc(F)c(C(=O)c2c[nH]c3ncc(-c4ccc(Cl)cc4)cc23)c1F,GPXBXXGIAQBQNI-UHFFFAOYSA-N,TRUE
Zanubrutinib,Zanubrutinib,BTK,Mantle cell lymphoma,FDA Approved,C=CC(=O)N1CCC(CC1)C2CCNc3n2nc(c3C(=O)N)c4ccc(cc4)Oc5ccccc5,RNOAOAWBMHREKO-UHFFFAOYSA-N,PKIDB 2020 CSV,https://github.com/volkamerlab/pkidb_klifs/raw/refs/heads/master/results/pkidb_20200218.csv,"Nature Supplementary Table S1, https://static-content.springer.com/esm/art%3A10.1038%2Fs41587-026-03090-8/MediaObjects/41587_2026_3090_MOESM4_ESM.xlsx",matched_by_normalized_name,TRUE,C=CC(=O)N1CCC(C2CCNc3c(C(N)=O)c(-c4ccc(Oc5ccccc5)cc4)nn32)CC1,RNOAOAWBMHREKO-UHFFFAOYSA-N,TRUE
