pdb,uni,ik14
3my1,P50750,XHSQDZXAVJRBMX
3tn8,P50750,AYZRKFOEZQBUEA
3tnh,P50750,AYZRKFOEZQBUEA
3lq5,P50750,HOCBJBNQIQQQGT
4bch,P50750,SSEDQERECATUBR
4bcj,P50750,NYRVLHGVDPPWJS
4bcf,P50750,DZHBFQMOLIUZMP
4bcg,P50750,BKOYUSKBPMSUBK
3blr,P50750,BIIVYFLTOXDAOV
4bci,P50750,SGOFFNQMBSXTRU
6gzh,P50750,YSPIHUWHLMNFOV
4mk0,P25098,SVALMNHLKNCREX
5ukl,P25098,UWGQNVKEQMCXMS
5ukk,P25098,DXYYFJOVZVSYFY
5he1,P25098,UGYAZGXSMRGKRD
4pnk,P25098,HEAIGWIZTYAQTC
6c2y,P25098,XBLIMSJQQFDWSD
5wg4,P25098,QPWJXBKNAUGRGE
5wg5,P25098,ICFQMYOLILBYFP
3krw,P25098,XYUFCXJZFZPEJD
3krx,P25098,XYUFCXJZFZPEJD
5wg3,P25098,WQIAYJIICYWVKJ
6cq5,Q9UHD2,YLXHHSZCWBYDQH
6bod,Q9UHD2,PFDJAEKKGJFCNL
6cq0,Q9UHD2,UFHZMIKXSGTKFX
6cq4,Q9UHD2,YBTHXDAXRWKGKS
6boe,Q9UHD2,JDIHMNISRGRMDY
5w5v,Q9UHD2,SGRYPYWGNKJSDL
6bny,Q9UHD2,YHCFWEQYIPEHCK
4im0,Q9UHD2,UKBGBACORPRCGG
4fl1,P43405,PVKSNHVPLWYQGJ
4fl2,P43405,PVKSNHVPLWYQGJ
4fl3,P43405,PVKSNHVPLWYQGJ
1xbb,P43405,KTUFNOKKBVMGRW
6hm6,P43405,GEICNUUKZLWKET
4dfl,P43405,UCJDFWBCXROCMH
3fqh,P43405,XZRYCTLOGNCQDG
5cxz,P43405,RIWJHDIYQSQOAT
5lma,P43405,FYJFZOONLWHKMF
5y5t,P43405,DVWCWBAFIKQUNR
5c26,P43405,QJHCMTUHZIJSPR
3vf8,P43405,UJXIKUVGGQECLJ
4fz6,P43405,OLNOLIZABHZSEW
6hm7,P43405,KYANYGKXMNYFBX
4fyo,P43405,GRGCZORIQMQMAN
3fqs,P43405,NHHQJBCNYHBUSI
4i0s,P43405,QROQIIGDSDRLDZ
4rx8,P43405,FPQNRXITKTZFMF
4xg7,P43405,FFTGDASJRVPWKO
3srv,P43405,KBPYMFSSFLOJPH
4wnm,P43405,SHDAHIVOLRESPS
4i0t,P43405,NEVNJCLJFXHCCC
5t68,P43405,MDWXVGCLSBQVMP
4xg4,P43405,OSONANZITXBMIW
4dfn,P43405,KADWYJUBGMHRCN
4xg3,P43405,JEDIVKVRGQEZRX
5lmb,P43405,CLKZDZYGBHNPSM
5cy3,P43405,MKTGBKHCRFUALQ
4i0r,P43405,WWUBOSRORWJGRU
4rx9,P43405,TXGKRVFSSHPBAJ
5tt7,P43405,VPNLOOYVNORYBV
1xbc,P43405,HKSZLNNOFSGOKW
4xg6,P43405,OQBGPKGYCQBCOV
3emg,P43405,PEGXADGTBNRSGV
4puz,P43405,XSMSNFMDVXXHGJ
4rx7,P43405,QYUNZLTYDOGJCE
5cxh,P43405,OTUKQYFHRKKGEI
3fqe,P43405,NZNTWOVDIXCHHS
5tiu,P43405,NYYIGJQYEWZYJP
4px6,P43405,JZLUCFJMWJDRIK
5tr6,P43405,MJHOMTRKVMKCNE
4xg8,P43405,UCXIKENKSBLXSM
4rss,P43405,WVDKJJLIGILVRJ
4pv0,P43405,VCLOZUGEZMWXFF
4xg9,P43405,XHZDAKAAKUZJHY
4f4p,P43405,FCPDILGNMHIWJE
5y86,O43781,BXNJHAXVSOCGBA
3nyn,P43250,OBZJZDHRXBKKTJ
4cff,P54646,CTESJDQKVOEUOY
6bx6,P54646,NEXGBSJERNQRSV
4cfe,P54646,FHWSAZXFPUMKFL
5uuu,P25098,WFOVEDJTASPCIR
5uvc,P25098,XWJOKKXDMHSILW
1o4m,P12931,OFOBLEOULBTSOW
1o4n,P12931,MUBZPKHOEPUJKR
1o4l,P12931,KRKNYBCHXYNGOX
1o4g,P12931,AXIBZLYWMBUYRV
1o4j,P12931,KGNSYMGWPCEFDZ
1o4r,P12931,FRLTXWJJMCIUNT
1o4h,P12931,NQLPTOOPFMPCHQ
1o4o,P12931,CMPQUABWPXYYSH
1o4q,P12931,USNMCXDGQQVYSW
1o4p,P12931,WWYDYZMNFQIYPT
1o4f,P12931,NSJSAHCLJYVEDM
4hxj,P12931,KRQSPVKUISQQFS
1a08,P12931,JXPMSVJLAROPAI
1o4b,P12931,WCMLXBUNHNAMNH
1y57,P12931,JHMBUEWQJDGKGS
1a1e,P12931,LYGDXUXRWFVLNH
1o48,P12931,CEKLBQMULVLLTD
1o49,P12931,MWEWSHNGVWABKG
1a1b,P12931,LMADZBIAOYLZDD
1a1c,P12931,XNDVCNQEUAIBID
2bdf,P12931,FGMSUCIOAMNCKF
1o46,P12931,RLLAUERCSKPFGD
1o42,P12931,GGPXNASQNUOIPB
1o47,P12931,LVZDQVATAQEMCX
1o44,P12931,CGOGPQNYHFBUEF
2h8h,P12931,OUKYUETWWIPKQR
2bdj,P12931,VVOYROSONSLQQK
5kpl,P49841,NCKLQXXBRWCYMA
4afj,P49841,NDXJIXWTFPGHAI
3zrl,P49841,YFBJHINTWOTPAK
3du8,P49841,LCBAQTCTQXHTJG
3zrm,P49841,CCZJKJIDVXAPAV
3zrk,P49841,NLYCKXUGHPVKMO
4pte,P49841,PGKFRHOTYGEBDX
3f7z,P49841,TUTZKAQTSPMEBI
4iq6,P49841,JKTMEYXRCJFWAI
6hk7,P49841,UGPIRDVEWKQIDA
1q4l,P49841,ONVZFCHLOZUXRP
1q5k,P49841,YAEMHJKFIIIULI
3gb2,P49841,RCKYSTKYIVULEK
6hk3,P49841,VUQAIGCULONGGN
4ach,P49841,YVGRIAWEROZMPD
1q41,P49841,HBDSHCUSXQATPO
4acc,P49841,HULMMZPBCUBDJN
3q3b,P49841,AZXKZZMGLACNIJ
1q3d,P49841,HKSZLNNOFSGOKW
5kpm,P49841,YZRXTIGAQRIAEX
2o5k,P49841,BFHQTAMNYUCFBP
6gn1,P49841,QTHCAAFKVUWAFI
5f95,P49841,LJUDIYPNWBIDNH
5k5n,P49841,RQFYFNAGNBUGFC
3i4b,P49841,PFHKAGAZRDERTK
4ptg,P49841,FGIRBKPXCMZGGV
5kpk,P49841,YKPIWOGXCSQLFH
6b8j,P49841,AQGNHMOJWBZFQQ
1uv5,P49841,DDLZLOKCJHBUHD
4acd,P49841,FHCSBLWRGCOVPT
1q3w,P49841,OLUKILHGKRVDCT
5f94,P49841,NZMAVPMPPORZNT
2ow3,P49841,WHEOASILVTUPNR
6hk4,P49841,XNDBMYMVADOBNP
3f88,P49841,QBVJMUOTMRYUKR
3l1s,P49841,UXJPKQXTZFNBHT
4acg,P49841,CWMNDXXSBKRROR
5hln,P49841,AQGNHMOJWBZFQQ
2o0u,P53779,PRZGSWGFNRYBIP
3cgo,P53779,AJLILYAPRHIFAS
3oxi,P53779,CXOCENPNQSXLGZ
3g9n,P53779,SZYREAUDQRVVLV
6emh,P53779,KJQAULYFYNEAHK
3g9l,P53779,DDHASJXGNUWZTM
1pmu,P53779,IUSSGTWHFMSCOY
2ok1,P53779,PDJZASCRQRBYQS
3g90,P53779,DXIHOIDYHQSQKJ
4u79,P53779,DXCOZKXVDMXKGR
2o2u,P53779,YVYPYORTKAIUGJ
2waj,P53779,IKGXHBGCVQTQBH
6ekd,P53779,IATSSYNKRCFJAY
4w4y,P53779,BMQOTQLVHNKQRK
3cgf,P53779,HYNNWLVWJXWXFO
2exc,P53779,ACGBFWCBVIXTPZ
3ttj,P53779,IMFVPVKPQOQCBY
2r9s,P53779,GJTCKUKIFXWJKG
1pmv,P53779,ACPOUJIDANTYHO
3kvx,P53779,AHMHIFXJPSHHPH
4w4v,P53779,XMZFQCOWVFCHQO
4w4x,P53779,CHEAXMFRMQDNIT
2p33,P53779,ARMFMDYRYOKSOW
4w4w,P53779,UVLFZOYBIPADQR
3ptg,P53779,HJUDFJRTVGXBRF
3oy1,P53779,YZJYYYWPZRYBLV
4y5h,P53779,FJVVBMGXZMJPOI
3fi3,P53779,GYQLVKWGHKBDMP
4y46,P53779,QJPUIIKZKMYPSK
2zdt,P53779,ITAZALHTZBIKDO
3rtp,P53779,WNRCGOJLZOLSJN
1pmn,P53779,XCTKFTOEAKJMII
3tti,P53779,IBGLGMOPHJQDJB
2b1p,P53779,QHYSKDAWIUFROA
3da6,P53779,JXKDTYDBDDKIPY
4z9l,P53779,UQFRSHRWRKYNDE
4whz,P53779,IMARJVJNXLXPIX
2uvm,P31749,UKRGHRHHBNLNDD
3o96,P31749,BIWGYFZAEWGBAL
5kcv,P31749,HNFMVVHMKGFCMB
4ejn,P31749,WFDHLKUQFQCHKF
3p23,O75460,XTWYTFMLZFPYCI
6hx1,O75460,FLFMYUGDCXTOQI
6hv0,O75460,TZFOHQPMYQZELA
4z7h,O75460,IBZJJCFFBCEGPS
4yz9,O75460,YFDASBFQKMHSSJ
4u6r,O75460,VMXTWHCDROGRNY
5h09,P08631,YPZOCKHNHHMXDI
2c0o,P08631,ZMNWFTYYYCSSTF
5h0h,P08631,KOBNNQXCSZBAFN
5h0e,P08631,HHDXSZQPSZPOBP
5h0g,P08631,QWSTVNCCNITNGB
2hk5,P08631,OAILDJYOGMMAOQ
5h0b,P08631,KUUPATHXUAIQFZ
3vry,P08631,FMETVQKSDIOGPX
3vs3,P08631,FDVSOQRNTAPCHB
4yvc,Q13464,OVEKVWJGWABLNU
3v8s,Q13464,XEZOXLSEWZHMQY
2esm,Q13464,NGOGFTYYXHNFQH
6e9w,Q13464,FWFHXPGGGOSSPF
5uzj,Q13464,HIGGJLMBFDDVKA
2etr,Q13464,IYOZTVGMEWJPKR
2etk,Q13464,ZAVGJDAFCZAWSZ
4yve,Q13464,GOPDRFODUBCWMB
4w7p,Q13464,PTOPXBFSXASLNA
3tv7,Q13464,PZUHTMLHMMXBQW
3ncz,Q13464,WHXKGHDWNQPZNP
3twj,Q13464,GDVRVPIXWXOKQO
5hvu,Q13464,IMDMAPNWXDTADU
3ndm,Q13464,WWMMSIAGRVSGLG
5bml,Q13464,IVWXFGRLNHCKNV
3d9v,Q13464,AWDORCFLUJZUQS
5kks,Q13464,HIUHVDROHDSKTC
5kkt,Q13464,KWQRIWDMNAKJAF
3tku,Q9Y5S2,NGOGFTYYXHNFQH
4ual,Q9Y5S2,BPVZKUXLOLRECL
4azf,Q92630,ZDINVWCJHPMIKS
3kvw,Q92630,UHBJSHHMZNYBAE
6k0j,Q92630,ZFOMCSNUEHMROO
5lxc,Q92630,QSGKPYRFWJINEH
5ztn,Q92630,ZIUSSTSXXLLKKK
5lxd,Q92630,RYBNARZBIXTFJS
2q8i,Q15120,WYZWZEOGROVVHK
1y8o,Q15120,XTWYTFMLZFPYCI
1y8p,Q15120,ZKHQWZAMYRWXGA
6ed6,O75116,FWFHXPGGGOSSPF
2xix,P11309,PKWIYNIDEDLDCJ
2xiy,P11309,IAJLTMBBAVVMQO
2xj0,P11309,ZSTSKJFUYGWSPO
2xiz,P11309,SSAYTINUCCRGDR
3c4e,P11309,CQFGXDQUQWRXLE
3vbt,P11309,DMGLUMYOLOAXJY
3vby,P11309,ZGNXEAXRPSISJF
3vbx,P11309,KNMCTCABMSGXGR
3vbv,P11309,SDLPADBAAMHWQB
3r00,P11309,QKUWZCOVKRUXKX
3vbw,P11309,GKEKUQYTCADDSQ
3r01,P11309,OEICZFFUNDGUEF
1yi3,P11309,CZQHHVNHHHRRDU
4xh6,P11309,IHFBPDAQLQOCBX
5toe,P11309,NVTWXXPKCOGVMK
4bzn,P11309,PNMQDIXULZYDDT
2o3p,P11309,REFJWTPEDVJJIY
5tur,P11309,UAVOZSIHGYSYEZ
4gw8,P11309,ZDINVWCJHPMIKS
2o63,P11309,IKMDFBPHZNJCSN
2o65,P11309,ARSRJFRKVXALTF
3bgz,P11309,OLUDUXWVPIEHDA
4enx,P11309,SHXHWOPEFBMMKJ
5tex,P11309,LGVBWTYRZTXNEO
2o64,P11309,ZVOLCUVKHLEPEV
3umx,P11309,IARYZBOIUVHJGF
5o11,P11309,MUOKSQABCJCOPU
5kcx,P11309,ZHUIPHDJCHSZFK
2j2i,P11309,ZCBUQCWBWNUWSU
5dhj,P11309,UQUBWQXJXQJXPB
4lm5,P11309,VIQWLKJTZBWAFF
3uix,P11309,VIQWLKJTZBWAFF
3jya,P11309,DJUSDFVEBBYFFL
4jx7,P11309,VWACYUAZKMPNOH
6bsk,P11309,RJXWGPDMMDILGJ
3r04,P11309,SEAHTYRLTWEUCM
3jpv,P11309,VWNCOFUKBTYAON
3bgp,P11309,AQVFETGXIRKVAQ
4n6y,P11309,XPDNPGNUQDMFOW
4eny,P11309,CEYSJUACBKYCKN
2xj2,P11309,DTBFDAJNODVUMF
3cy2,P11309,LPFQFJAOMCGYCP
3ma3,P11309,IPFSIVVOJSEJOL
3f2a,P11309,DTBFDAJNODVUMF
4lmu,P11309,REFJWTPEDVJJIY
2obj,P11309,SVSYJTYGPLVUOZ
2xj1,P11309,GPICQYUBSFLTRN
4alw,P11309,OOINHKLROPYETD
2c3i,P11309,IVUBNTNWKIPCPS
3vc4,P11309,NGJLOFCOEOHFKQ
4wsy,P11309,GQCHSJRNLCGUAC
4alu,P11309,UGRPNQCFWPYERM
4n6z,P11309,PKUDLMDWOHMCHC
4k0y,P11309,SBDJADVTLNKDBC
5dgz,P11309,YWTBGJGMTBHQTM
4bzo,P11309,MCZCAWWHZGEUFE
4wt6,P11309,LYSVYDGAEVIKAF
3bgq,P11309,XYYDXQCAYXOGQT
1xws,P11309,QMGUOJYZJKLOLH
1yhs,P11309,HKSZLNNOFSGOKW
4alv,P11309,RUIXFIILMZVAAF
4mbi,P11309,PSIMDRXAPBUVNE
3jy0,P11309,DSUSQUXNJRQJMI
4xhk,P11309,DNXZIJKGPFJRAA
3umw,P11309,HZMQZYRYZGLOKJ
4rpv,P11309,HWIDISMNBLRQNP
3dcv,P11309,AZXKZZMGLACNIJ
4dtk,P11309,ULMRMVZQMKZWKJ
4mbl,P11309,LODPYXJMYAQIRB
5ipj,P11309,HLPARXMUJBJYFM
4k18,P11309,GVDYBVYAFKPQRT
5iis,P11309,KZHXQFLEOUMPQC
3jxw,P11309,CPHAAKSWOQSYIW
3r02,P11309,BLBAWGODFTZAEY
4ty1,P11309,BQKBRLMFCCUJQA
3vbq,P11309,UKPXIONZHWFMAU
4wrs,P11309,FCGLYPSBPNFQRF
5eol,P11309,DDQXBYGNFGPJRL
5kzi,P11309,MLPJIYXHHVPOPK
5v82,P11309,OIZRMKSUYVZCDN
6mt0,P11309,WPKXXVMGORDACP
5dia,P11309,FWMVELRLCYRLLJ
6no9,P11309,NHXVGMQFCYBLTL
5dwr,P11309,VRQXRVAKPDCRCI
4k1b,P11309,BEXSRDRFSVXXPU
4n70,P11309,ODZZYKUYGVLOTQ
4mp2,Q15119,OTKZPCDLOLLPPV
5m4k,Q15119,YRTAPVLIGYRBPY
4mp7,Q15119,FYANAIGOGAIFAF
4mpc,Q15119,GBZLIDQSMMVGSH
4mpe,Q15119,WRKXOYGLVREKOE
4mpn,Q15119,SVUZJWAAXPEMKJ
5j71,Q15119,HQHMYMINMCVYMC
4v25,Q15119,LCGNLQSOSJFLKR
5j6a,Q15119,HAMJZOUVHDEUSM
2bu5,Q15119,IWFSHKKFDSWNLZ
4f7j,P49336,QTPQATQIABNKIE
4f6s,P49336,PXDGOKVFTJDAPC
4f70,P49336,WTTXDKWUUKCBRY
4f6u,P49336,LCMQASKUJYHHDV
5xqx,P49336,CUQAMHMOOUOTLK
4f7n,P49336,KYUWRMMQYZFHGQ
5hbh,P49336,GRKOQLWARQVTPO
5idp,P49336,VXYMGUGNDZARSZ
4f6w,P49336,DWTWTHMDBSOYDZ
5hvy,P49336,LVIYMOOJJGCMCP
4f7l,P49336,NTCPUSCJDOSUEX
5cei,P49336,QHMOZKVAGIEXJR
5xs2,P49336,PGLBZRZEQTVNDN
5icp,P49336,SAVNWXMDAMFANR
5idn,P49336,ODRITQGYYWHQGM
5hbj,P49336,VPJXPDLMACOGIZ
5hbe,P49336,ZNMSRFYDOSAZLZ
5bnj,P49336,LBFYQISQYCGDDW
5fgk,P49336,ZVSGCPGPQNLKLU
5i5z,P49336,DFYVDBLGPYTIAT
4crl,P49336,KSGZCKSNTAJOJS
5my8,Q96SB4,VURLRACCOCGFDB
3eqb,Q02750,FPDWDLAITHFTTP
3zly,Q02750,KVXRKRURRSOVSJ
3zlw,Q02750,FHMNDLFMEHZYLO
3zlx,Q02750,RCMBOTAAIQVYEO
3zls,Q02750,XYRUNIAHPKBUJT
3zm4,Q02750,CHDOJNHHXLLFJK
5kkr,Q6VAB6,PEKZLFZZBGBOPJ
4ark,Q02750,HNTGGMMWHHPHAE
3v01,Q02750,MOKOPMFVODBALH
5eym,Q02750,FLBNLJLONKAPLR
3e8n,Q02750,RDSACQWTXKSHJT
3mbl,Q02750,WRHOGNMBUWCIAC
3v04,Q02750,YMRXJLXWVAGVBT
3pp1,Q02750,RCLQNICOARASSR
4lmn,Q02750,BSMCAPRUBJMWDF
2zdx,Q16654,GSBFARPNIZUMHA
3d2r,Q16654,XTWYTFMLZFPYCI
2zkj,Q16654,XTWYTFMLZFPYCI
5myv,P78362,STWLHUZLPCVTAS
4eh8,Q16539,AFKLSWIRJUJWKY
4eh9,Q16539,FENJYCPCZAMGTO
4ehv,Q16539,AXGNYHMYSWJJSC
4eh6,Q16539,NYQXIOZBHWFCBU
4eh4,Q16539,YXTROGRGRSPWKL
1w7h,Q16539,NMCBWICNRJLKKM
1wbo,Q16539,ISPYQTSUDJAMAB
4eh5,Q16539,KVYGGMBOZFWZBQ
4eh2,Q16539,WAIHFZPSLVDBRV
4eh7,Q16539,KGANAERDZBAECK
4eh3,Q16539,FTVWIRXFELQLPI
1wbv,Q16539,VMLSXFMXUNVCSK
1wbw,Q16539,SZANYTFSQVBOBA
1w84,Q16539,UUEYCHLWAOBOHG
3hec,Q16539,KTUFNOKKBVMGRW
5xyx,Q16539,AHOHWELPUXLPOF
3iw8,Q16539,DUYHXVUZFOXOBB
3k3j,Q16539,SZWDNHQJXXWUBD
3new,Q16539,YEINPIKXEQEWSU
5xyy,Q16539,AAAVVDAKZZKRGS
1zz2,Q16539,JHHBGNIRSUTQAS
1di9,Q16539,FUSDVOSGGMBSMK
3iw6,Q16539,BEPDKTMMVYTHND
4dli,Q16539,WCANXWUISJCJOB
3hv6,Q16539,FRZNJFWQVYAVCE
3k3i,Q16539,ZBOUSWQJXIKQSX
1zyj,Q16539,HVLSCZSVTCNAQX
4dlj,Q16539,TZGHZEALSHYAJC
1kv1,Q16539,FWIJKWMXNHRSRO
3huc,Q16539,DBXZXNJCPSGVAC
3iw5,Q16539,BNPQVUSGXCJYEF
2gfs,Q16539,IJDQETGUEUJVTB
3hp2,Q16539,VBZTXJCTVYBOKW
1wbs,Q16539,HIUFYIOMUILESI
3hvc,Q16539,BILJSHVAAVZERY
2bal,Q16539,QKZZJXRGCHXIAI
2zb1,Q16539,FOHZGCHKLPIBBX
3hv3,Q16539,MKHUGLZLKVCOGF
2zaz,Q16539,VKQPTVJDZIILPG
3o8p,Q16539,FWIJKWMXNHRSRO
1wbn,Q16539,NTMADESEDXKNFZ
3gcq,Q16539,ZKESOLNZMJUNTF
1wbt,Q16539,CPFBZMFUCGHBAP
3hv4,Q16539,VOLXCNVOKHMTKN
3mpt,Q16539,UTEGJWUIPAWNBB
5wjj,Q16539,RNPHICWBCUQEML
2zb0,Q16539,PMMLSQFPBFKLHH
5mz3,Q16539,MRTHXFZEQBERDI
1w82,Q16539,PEGHHVFLTANTIZ
3heg,Q16539,MLDQJTXFUGDVEO
4f9y,Q16539,GEAPHVHHVPDTKQ
3gcu,Q16539,NTLVXUKPLVSAJT
1bl6,Q16539,ROKOFZNQCIIJMI
6m95,Q16539,OMGLGPKQUFSRNN
4f9w,Q16539,ODFGOBPLQKLCRM
4r3c,Q16539,CIIVUDIZZJLXCN
3l8s,Q16539,HXHAJRMTJXHJJZ
3zya,Q16539,VMANCBCSTYKPPA
3hv5,Q16539,CWMPJFRIKZETON
6hwv,Q16539,BBDJOFZXYVEURD
3gcv,Q16539,MWDKKNFEOXEAEC
3hp5,Q16539,VEPKQEUBKLEPRA
6sfk,Q16539,ARAZWGAZTSHNHP
1w83,Q16539,WDYHPKURZUGMIN
3gcs,Q16539,MLDQJTXFUGDVEO
1a9u,Q16539,CDMGBJANTYXAIV
3nnu,Q16539,YEVPKQHEAVIPSH
3ctq,Q16539,YVIHJEHDPKKGMU
3kf7,Q16539,IECIDZDLEJWPAN
2bak,Q16539,LGTPGGBSDIEHKM
4aa0,Q16539,BLSPWFIREKMTOA
3uvp,Q16539,ATBLOTYVKHVLPU
6hwu,Q16539,OCIGBTIRVZOQBN
6m9l,Q16539,SCEQLDKCKSDIGD
3nnv,Q16539,MKYJHFRHAZBFKJ
6sfi,Q16539,MYJMLFRMWQAWML
1bmk,Q16539,DFEYXQGDDCDXJK
3iph,Q16539,WIXHEGLMUQGJCC
3hl7,Q16539,CATQHDWESBRRQA
4kiq,Q16539,SNCXIBOVAVIFGA
3hrb,Q16539,LTGBWAXSDFOJNJ
1bl7,Q16539,VSPFURGQAYMVAN
6sfj,Q16539,TUROENOKNBFMBG
5mtx,Q16539,KZWLZLUTYGMNBM
3uvq,Q16539,ZPBRNNLSMHDHFY
4aa5,Q16539,ZMAZXHICVRYLQN
3s3i,Q16539,QOUXRSOLEJEKEB
3gcp,Q16539,CDMGBJANTYXAIV
3mvl,Q16539,GDTQLZHHDRRBEB
2qd9,Q16539,GRRHHDRNCLEFSY
3d7z,Q16539,BOPSUAHGQHFKGG
3hv7,Q16539,HJWMLCDGRWWLAQ
3nnx,Q16539,LLLDJNNXZHGRQO
3l8x,Q16539,OYTBZXSFNNAVKU
3fc1,Q16539,VEPKQEUBKLEPRA
5ml5,Q16539,DXYUGELYNOLVBZ
3e92,Q16539,UBVTVSINEVHYSY
2i0h,Q16539,QGJNGXXVCVFADC
3nnw,Q16539,LLLDJNNXZHGRQO
4aa4,Q16539,NJOPZZLYRDEEQE
3hub,Q16539,ZMELOYOKMZBMRB
1yqj,Q16539,WFSFNKVFXLIZIY
3nww,Q16539,JQWPDTBHOVYRPB
4kip,Q16539,ZQXGAYYYCBUPSG
4aac,Q16539,SWLHHASUIJPBPZ
3roc,Q16539,XIPYKUQAZQIESI
5tco,Q16539,JWZSSEWMVYKYKW
3c5u,Q16539,FQYJTHIYAQQJAB
3hll,Q16539,KCAJXIDMCNPGHZ
6anl,Q16539,HEKAIDKUDLCBRU
1zzl,Q16539,OVCXRBARSPBVMC
4kin,Q16539,BHSHXBRDUHHNCK
3d83,Q16539,BOQNSWFZUHQNRG
1ouy,Q16539,PZUXNWPJBLCJKB
3s4q,Q16539,CQPNJQRTSADQCI
2baj,Q16539,ZFJZXGAFKPFNSG
3mvm,Q16539,MCTUUCHJENITIK
3bx5,Q16539,OYOUIHFZUAKCEF
2yix,Q16539,PHHKWHBPRKFKKF
3gfe,Q16539,WMEYCLAVMZKZCS
2rg5,Q16539,ZZTMFGIGOADCFX
3ocg,Q16539,DMYYPSLMFSEFCK
1m7q,Q16539,YAWZIQKDHQIHOS
3dt1,Q16539,MNEXDVSJIUQQRH
2rg6,Q16539,STNJCYKOXYBBIA
2yis,Q16539,VGEXRDWWPSGZDH
3que,Q16539,HXMGCTFLLWPVFM
3itz,Q16539,ZWVCUFJZBBAOFI
3e93,Q16539,UVUGBBNUQBSROH
5mty,Q16539,ZBPQDEQSQUZYHD
3rin,Q16539,WMXJYEDCJIDCNY
5tbe,Q16539,KAMAPKIQUKEGQC
4l8m,Q16539,OPUXVIDSMSFXIU
3u8w,Q16539,JCOILWGRHHMFON
3mw1,Q16539,WLMGLORLNFEUDG
2yiw,Q16539,GQJUPNKTYNFBRZ
3ds6,Q16539,GQXMJOSCBRZMKE
1ove,Q16539,VXIYTVJEIXMAQF
3gc7,Q16539,KXNNHYBPDFMKQK
3bv3,Q16539,KYFKCMGDXJZZIZ
3bv2,Q16539,ABOUJDCZZMNXIR
6ohd,Q16539,OTRRQGBKFMGRTG
3lhj,Q16539,XQRUWZMHPKNIDA
1ouk,Q16539,QICPQLFMWYQJGX
1kv2,Q16539,MVCOAUNKQVWQHZ
3o2m,P45983,ZSQBWJVNWXAGKO
3elj,P45983,VGYXXQRDIVRILX
3v3v,P45983,ZVOLCUVKHLEPEV
2g01,P45983,AYKGPCNWPACUQV
4qtd,P45983,HDAJDNHIBCDLQF
4awi,P45983,QBYYCHRRPPTEBG
2h96,P45983,VEGKZYFYGCWXMN
2gmx,P45983,GKODDLYLEKSDJL
2no3,P45983,QHPKKGUGRGRSGA
1agw,P11362,ZNFJBJDODKHWED
1fgi,P11362,JNDVEAXZWJIOKB
3c4f,P11362,GHQCCHWTDLTMJT
3rhx,P11362,BMOQBIIJPJVMDI
4f63,P11362,UOHJGIQDKUHCQV
4nka,P11362,YLSKPWFLSHNDEO
5am6,P11362,PIQCTGMSNWUMAF
4nks,P11362,ZWCOUICPAQBKJI
5am7,P11362,PIQCTGMSNWUMAF
4rwk,P11362,VRQMAABPASPXMW
4f64,P11362,GRMVXENVVBTWDY
2fgi,P11362,DXCUKNQANPLTEJ
4zsa,P11362,LDEZCHXBGZHBFD
6itj,P11362,PTWNXRVSEAJTJH
4rwl,P11362,CUDVHEFYRIWYQD
5a4c,P11362,JZVDJULPDILYDY
6mzq,P11362,KEIPNCCJPRMIAX
4nk9,P11362,AQHXGQTWGFVXTB
4f65,P11362,BUSNTKOLFQPMBH
4rwj,P11362,VRQMAABPASPXMW
2zoq,P27361,WHSIXKUPQCKWBY
4qtb,P27361,HDAJDNHIBCDLQF
3tt0,P11362,QADPYRIHXKWUSV
5a4l,Q13627,DPZGAHUPXGKUDW
5a4q,Q13627,BCQXILHHRAEBLY
6eil,Q13627,WJYWQSXTQZIHBX
6eip,Q13627,VJDBYVPTQWPRPA
6eij,Q13627,NVIJYBFQLMPXOI
5a4t,Q13627,JGSLDMQYARUFDJ
5a3x,Q13627,YOMAHEQEXVNJNF
5a54,Q13627,XARDSBCDZPSYTN
6eir,Q13627,SSVRRCACHPATAI
5a4e,Q13627,ZKNFVQNHIHCHEW
6eiq,Q13627,FAJIIOCNEPZQTR
3anr,Q13627,BXNJHAXVSOCGBA
6eis,Q13627,GDVQGEPAYBCRBS
6t6a,Q13627,BBOUTVQTMMUARP
4ylk,Q13627,WGBRJADREQKUMW
3anq,Q13627,GCSZJMUFYOAHFY
6ej4,Q13627,YWOJRGRRNWQSOH
4yll,Q13627,WYQPGNJIFZHADC
6eif,Q13627,GUBNPZDHUYZSLK
4mq2,Q13627,SIVLENRHVVVPKJ
4nct,Q13627,BMGQWWVMWDBQGC
4mq1,Q13627,KUFCYNGJQRKYSQ
4ylj,Q13627,SDRAETFVRBBLOB
6ft7,P49761,YJGNZVVUIPDSRL
2wu7,P49761,CXJCGSPAPOTTSF
6fyp,P49761,MUOKSQABCJCOPU
2wu6,P49761,ARIOBGGRZJITQX
4qp2,P28482,YGCODSQDUUUKIV
4qp6,P28482,HFTVJMFWJUFBNO
4qp1,P28482,NWBJYWHLCVSVIJ
6g92,P28482,XMVHLWOPQDOPRZ
4qp7,P28482,LTFQPYDMHBLAGZ
6g91,P28482,GHFICXAPEMOYEA
2ojg,P28482,OPBUUQBZKJSWTN
5ax3,P28482,WHSIXKUPQCKWBY
1wzy,P28482,WHPQRPGHYADIAQ
4qp8,P28482,PSBXDBLDXUYIFG
4qta,P28482,HDAJDNHIBCDLQF
1tvo,P28482,XVECMUKVOMUNLE
5bui,P28482,ZJRNBCJAMQCQNC
2oji,P28482,PDJZASCRQRBYQS
3w55,P28482,NEQZWEXWOFPKOT
4qp9,P28482,UEKKWQGHDYXDHX
6g9k,P28482,MWUVKGXBEJSWSJ
4qpa,P28482,DXPGARZCBUYRNE
5ngu,P28482,HOUKCOGYXHMATN
5nhp,P28482,YREPJIXZZKOVIM
6gjd,P28482,FWLOTDDRDKLCPO
6g9a,P28482,GWFKQIHFNOHJAK
6g93,P28482,GIZKBEAJKWOWLS
6g9m,P28482,OBEQPUMSPDLFGN
6gjb,P28482,ORLWNASDTJFKIF
5nhj,P28482,HKLUILZKCLFHGM
5buj,P28482,ALNKCGBLFMOHAW
6g9d,P28482,ZREYQWDDINYDOY
6g97,P28482,PVCKWDJCSQJNFH
6g9j,P28482,IRHJKWVMKNYGNX
6g9h,P28482,GDENZVFEXVRWNZ
5k4i,P28482,RZUOCXOYPYGSKL
6g9n,P28482,XHOJEECXVUMYMF
5bue,P28482,IKCMXTMBGDOSIP
5nhv,P28482,XDGNKNAACCOKKA
6ge0,P28482,OWNMUXCNXXWVMJ
2ojj,P28482,YMUYGRBBEDYUOP
3i5z,P28482,PFHKAGAZRDERTK
3i60,P28482,AICUOEJPCSKION
5nhh,P28482,LYRLKFUHEVBCHD
4o6e,P28482,QTZUMCMRRPENJM
1pme,P28482,CDMGBJANTYXAIV
5nhf,P28482,KERNFUCXORNNFU
5nhl,P28482,PNXHDOWDWLRBSB
5nho,P28482,PNXHDOWDWLRBSB
4xj0,P28482,PGGLRAWFUJMQBN
5bvf,P28482,ZQJZOIMPHMQLOK
5bvd,P28482,PJPXAFCTLKCTJP
6slg,P28482,HVIGNZUDBVLTLU
5bve,P28482,KQDDJNKQTVYZHY
4e93,P07332,QQWUGDVOUVUTOY
6jmf,P07332,XAMCCSYNPOEISO
6gzd,P48729,YSPIHUWHLMNFOV
3f66,P08581,QNCYYRHIUFGGJX
4deh,P08581,ZSFSLLGRLMODAE
4r1y,P08581,WVYHFPSGWCCXMO
5ho6,P08581,ODIUNTQOXRXOIV
3ccn,P08581,ZGJYGQLGSXWEMY
3cth,P08581,USBSTVPJNQLYEM
2wd1,P08581,USLOIFPDNUDIEG
3zc5,P08581,VQYHPUHKYSSEOB
5hoa,P08581,ODIUNTQOXRXOIV
4knb,P08581,RFKWZWJQRQCLJF
3c1x,P08581,YQQFRBUHZZNTGY
3efj,P08581,IKPJWGNTDNCFPS
3ctj,P08581,BMPOCDJEXAXXEZ
3a4p,P08581,WADWCVLVMLDBOV
3q6w,P08581,PCKOOTOQVCFRHS
5hlw,P08581,TYRAWDXLPFZNOP
3efk,P08581,DUTNABYDBFVZOA
3qti,P08581,RNCNPRCUHHDYPC
3i5n,P08581,GZLYPLRRKZCYLV
4ap7,P08581,NBRHZLRAQNRJSZ
3zcl,P08581,PUIUZHJXBDSQEZ
1r0p,P08581,KOZFSFOOLUUIGY
3cd8,P08581,HEAIZQNMNCHNFD
3l8v,P08581,VPOULRXFJKYXDN
4deg,P08581,QMWKLCXWSJTEFT
3zbx,P08581,KKIVWQQSFDGQSG
5hor,P08581,ODIUNTQOXRXOIV
2rfn,P08581,PEGWVOKOYYAQEV
3f82,P08581,VNBRGSXVFBYQNN
3r7o,P08581,IVWIPVHBADPMSP
3zxz,P08581,PDMUGYOXRHVNMO
4aoi,P08581,JJWKCZCBEYPJAJ
6sdd,P08581,VNBRGSXVFBYQNN
5eyc,P08581,MUXVJMKIENAXGE
2wgj,P08581,KTEIFNKAUNYNJU
4xmo,P08581,WIXYFSZDBHGKBE
3ce3,P08581,OBSFXHDOLBYWRJ
3zze,P08581,QYEVTRORXICGHU
6sdc,P08581,CXQHYVUVSFXTMY
4dei,P08581,ACDVIHRBYWUYPZ
5eyd,P08581,DWHXUGDWKAIASB
3u6h,P08581,SBLMCLDRWJNEJK
3u6i,P08581,OHLUERTUZNIQEE
4xyf,P08581,SCRRRLBPWUHHER
4r1v,P08581,AHYMHWXQRWRBKT
6sd9,P08581,CXQHYVUVSFXTMY
3lq8,P08581,CXQHYVUVSFXTMY
6sde,P08581,XYDNMOZJKOGZLS
3hdn,O00141,SWXKLXXVFMYMDP
3hdm,O00141,KSFDVNIKNYXUIP
3mvj,P17612,SMTIKTZYKPWXQP
3vqh,P17612,ZKZXNDJNWUTGDK
6c0u,P17612,AYXNTJKOINXKAJ
3amb,P17612,GCIKSSRWRFVXBI
4uj1,P17612,SWYGPPMJBPTZSH
3ama,P17612,KDKUVYLMPJIGKA
5uzk,P17612,OKUPZBPYLVKVSU
3l9l,P17612,XPPKIHZJFAAJLB
4uj2,P17612,GWAVIYJKLSHVMT
3l9m,P17612,RJESZRNJZYVXEA
3agl,P17612,SOPDRJHPMMUFQM
4ujb,P17612,POKNNHZYSUAARX
3l9n,P17612,XFEMJTFDPFGXFN
2gu8,P17612,HHOVRZGUSBMKKU
4uj9,P17612,XZRRVVLAMWXVRY
4uja,P17612,ZYTJGVHIDBAIRI
3agm,P17612,HDAQYTDEJISQDF
4eym,O15264,DLOAYIHJIDPKJJ
5eko,O15264,TXKSFDQJSFSHRB
5ekn,O15264,FDHKHZIFBOZGKU
4eyj,O15264,MHSLDASSAFCCDO
5j5t,Q8IVH8,HSEGDFMLRPWOHH
6fyi,P49760,BGVLELSCIHASRV
6fyl,P49760,MUOKSQABCJCOPU
6fyk,P49760,CEDLXWRFEZCVEU
5unp,P49760,PMWVYONICYRLNY
3vhk,P35968,UPVJJOGZAKVERR
3vid,P35968,HBWXPQZQCDQNND
1y6b,P35968,KRGKAARWVPUWSY
1y6a,P35968,HTIZPBXCJPQDEM
3vhe,P35968,TWOLOZGQZKJZKJ
4l7f,P45983,MFJOWCFANZXQBU
1zrz,P41743,QMGUOJYZJKLOLH
3zh8,P41743,NRHASZRDWOUMFD
6ilz,P41743,YDMJAALVMGFGRY
3e7o,P45984,LMDMJDCLPIVGQD
3npc,P45984,MVCOAUNKQVWQHZ
5m4u,P19784,CFWCAEJMOUILDR
6hmb,P19784,MUOKSQABCJCOPU
5m56,P19784,CFWCAEJMOUILDR
3e3b,P19784,BBYRUZKRFAIQSR
4p5z,P29320,RQXYLZHJULSWPX
3hng,P17948,GGPZCOONYBPZEW
3iw4,P17252,OAVGBZOFDPFGPJ
4zsg,Q13164,WQFRHSPASBOZIT
4zsl,Q13164,ZLOKMYYNNUNJBU
4zsj,Q13164,HSFMSVIZAIBADX
5o7i,Q13164,ATKCERYALDNMPL
6hkm,Q13164,SRRBAUZQZOASOY
5byy,Q13164,QAPAJIZPZGWAND
6hkn,Q13164,UCMVZMXGBOBQEZ
5byz,Q13164,PGXDTVQNUCGXDO
2ou7,P53350,PVKSNHVPLWYQGJ
2owb,P53350,TYYNSDQVFIOSFH
4a4l,P53350,HGBZKLOZYQAERY
4a4o,P53350,CYXABCVHENZAID
3kb7,P53350,SWTRIZHCIUWGAU
2rku,P53350,XQVVPGYIWAGRNI
4j52,P53350,IVRPFXYSCCXTAK
3thb,P53350,MYVQSDVXBZNNLF
4j53,P53350,GWRSATNRNFYMDI
2yac,P53350,QHLVBNKYJGBCQJ
5ta6,P53350,UJEXFMKGBVBXPF
3fc2,P53350,SXNJFOWDRLKDSF
4qtc,Q8TF76,HDAJDNHIBCDLQF
6g38,Q8TF76,HDZZVAMISRMYHH
6g37,Q8TF76,KRRZKBNCONNKPI
6g35,Q8TF76,ZWTPRQXZXQEKFT
6g36,Q8TF76,WUHZZVWKGCJQHU
6g34,Q8TF76,WHSIXKUPQCKWBY
6g39,Q8TF76,WHSIXKUPQCKWBY
6g3a,Q8TF76,WHSIXKUPQCKWBY
4umr,Q14680,PGZJYUJKVGSJFI
4d2w,Q14680,YMOUEQZHQYODQT
4umq,Q14680,TUABKEMVLJKHPG
4d2p,Q14680,IVDJYLJJRBVWIX
4d2t,Q14680,KLMWPYHIMXLJIE
4umt,Q14680,SSBLXEABMBMHKV
4umu,Q14680,LQPNDHUHBKXZAG
5ih8,Q14680,UKGSBPKSNSXMDN
4d2v,Q14680,GMZCYCKIXQZORP
6gvx,Q14680,XHBVYDAKJHETMP
5twz,Q14680,GMZCYCKIXQZORP
5ihc,Q14680,GZSRUYQFWHDLJI
5twl,Q14680,FUVRHGKKWNNBJX
5iha,Q14680,SYZOJQFDCIIANZ
5k00,Q14680,AJPBKLULISUYTP
5ih9,Q14680,BLFBSGVUERKSST
5tx3,Q14680,OFIFLUFVENTCNZ
2i0e,P05771,OHIVGFJSFMOMNC
3txo,P24723,WNDOFCPEDZYDPL
3cpb,P35968,CLEGTVIMOPPIBR
3cpc,P35968,HXUZQEYFKAZBPX
3ewh,P35968,VIHXUAKPZPXVSW
2p2h,P35968,YRSYWYSGZPRSOP
3cp9,P35968,LHLGUOHREUTYTO
2p2i,P35968,CPVRYQAOUPSUDO
3c7q,P35968,XZXHXSATPCNXJR
2qu5,P35968,ZJLSMLDOCGOURY
3cjf,P35968,SQQAPOSROFWHIB
3u6j,P35968,SBLMCLDRWJNEJK
2rl5,P35968,RNHWXYKRVZUXGO
4agd,P35968,WINHZLLDWRZWRT
2oh4,P35968,KADQEUOYNAPXRD
2qu6,P35968,KMNCFOUKJYOZIF
3vnt,P35968,MDPMAXSABUPRJI
3be2,P35968,OHHGYJBFPVJURR
3vo3,P35968,IFFBOVLYGJAFKB
5ew3,P35968,BLAFVGLBBOPRLP
4ag8,P35968,RITAVMQDGBJQJZ
3b8r,P35968,ZATGFXTWDKIEKC
4asd,P35968,MLDQJTXFUGDVEO
3b8q,P35968,WUBFAXNVDMCVIO
4agc,P35968,RITAVMQDGBJQJZ
4ase,P35968,SPMVMDHWKHCIDT
5iui,Q9UM73,BUBLMWQDUODHGD
5iuh,Q9UM73,DGTHZVANBQORTH
4dce,Q9UM73,BAQAWVMHTOQJCI
5iug,Q9UM73,AEOFEGDYORZHFE
4joa,Q9UM73,SDWMCZUOCJDBOJ
2xba,Q9UM73,FCLFBDYOCRVSHV
5kz0,Q9UM73,CZKOZZRYDBLSRF
6e0r,Q9UM73,NNWRFTLSEJKLQI
4fny,Q9UM73,ZCCVUGDQCAGCAA
4fnz,Q9UM73,LDRVTAIULYJYRP
5ftq,Q9UM73,COPINYWCESNOFK
5aa8,Q9UM73,IIXWYSCJSQVBQM
5aa9,Q9UM73,IIXWYSCJSQVBQM
5fto,Q9UM73,HAYYBYPASCDWEQ
4fob,Q9UM73,LWJAHJMKAARBCO
4cnh,Q9UM73,GXUFIECYEKHMLD
4foc,Q9UM73,NFTRTTWPZBZTLY
6ebw,Q9UM73,UYIANZRYPSGDFM
6edl,Q9UM73,SMKJDFHRUWJNRS
5aac,Q9UM73,KTEIFNKAUNYNJU
4cli,Q9UM73,IIXWYSCJSQVBQM
4fod,Q9UM73,WSTUJEXAPHIEIM
5aab,Q9UM73,KTEIFNKAUNYNJU
4cmo,Q9UM73,AMLQLZSHSQNJKQ
3aox,Q9UM73,KDGFLJKFZUIJMX
4clj,Q9UM73,IIXWYSCJSQVBQM
2xb7,Q9UM73,QQWUGDVOUVUTOY
5aaa,Q9UM73,KTEIFNKAUNYNJU
6mx8,Q9UM73,AILRADAXUVEEIR
4cmt,Q9UM73,CNOPXBIRDNNWIV
4cmu,Q9UM73,ASQDMAQHZGURLM
5a9u,Q9UM73,IIXWYSCJSQVBQM
4q9z,Q04759,YWULJUISHNTGOC
5f9e,Q04759,LOPPJVYTMBRTCK
1xjd,Q04759,HKSZLNNOFSGOKW
3w2o,P00533,ZYQXEVJIFYIBHZ
6s9b,P00533,DJZWMTBYRCKZMQ
5em8,P00533,DWKPGVACBGLMCU
4jq7,P00533,CCGBAJCQZPJWCS
6s9c,P00533,UDMIRQWCOXFLHS
5em5,P00533,MOSAREMUBHMKIV
4jr3,P00533,QTVUEQZXBRDKNW
5cav,P00533,BOPSHQJEVUOWPS
5ugb,P00533,ACTNABQUCQIOKX
5uga,P00533,ACTNABQUCQIOKX
5can,P00533,WPZKCOGUAMITHT
2ito,P00533,XGALLCVXEZPNRQ
3w32,P00533,QRXMEGUJRZKMEO
4rj6,P00533,CBLSWPLVIPVELR
4rj5,P00533,ZYQLGVMUVCWJRA
5c8m,P00533,UMJAMNNZTJYPHO
2ity,P00533,XGALLCVXEZPNRQ
5cap,P00533,SHYWETJFHVMCJS
6p1d,P00533,NKFCUHMOEKHJLB
5cao,P00533,FYQBREXHKBTBID
3w33,P00533,QHUDPFOODLMGQO
5edr,P00533,HMWMAHXTIWOHMD
2rgp,P00533,IMHOFYWDXRUQBM
4jrv,P00533,KPTUKIAZZFDEOC
5c8n,P00533,CGDZTEHAPAOWKF
2jiu,P00533,OONFNUWBHFSNBT
3poz,P00533,ZYQXEVJIFYIBHZ
5cal,P00533,MTUQMGZENJYREJ
4rj7,P00533,SMUCRZPXLSRBNU
5c8k,P00533,HVRZVMCNHMWTOQ
5em7,P00533,DWKPGVACBGLMCU
3w2r,P00533,WDGCQQKABPWBPZ
4rj8,P00533,BYMFSZLMPVZBJV
6s9d,P00533,HZCFGMWNKNGYOZ
4rj4,P00533,GZCREURYZWXRHS
3bel,P00533,KSGYKTRNRCPDHT
2itp,P00533,OONFNUWBHFSNBT
2j6m,P00533,OONFNUWBHFSNBT
6s89,P00533,WLQUQTHWWMACGB
6s8a,P00533,GYFHWHMKICJOJM
4jq8,P00533,ASCVQXWPIHGQIB
3w2s,P00533,WDGCQQKABPWBPZ
3ug2,P00533,XGALLCVXEZPNRQ
5x26,P00533,BJQHKZQCLPRNHN
5hcx,P00533,NOWVRPHFPYFSDG
5x28,P00533,AHHAKQCKRCKTEH
5em6,P00533,YDOSGCJDQXDSAQ
1xkk,P00533,BCFGMOOMADDAQU
5caq,P00533,WBAMFNDJQOEJFN
2itz,P00533,XGALLCVXEZPNRQ
5edq,P00533,OWTUZFHMSVAQSQ
6p1l,P00533,YTUFHOKUFOQRDF
2itt,P00533,OONFNUWBHFSNBT
5cau,P00533,BOPSHQJEVUOWPS
5cas,P00533,BOPSHQJEVUOWPS
5hcy,P00533,DJHWPKSBDIEQGY
5x27,P00533,QPOURHROVVCOHC
6duk,P00533,VHQVOTINPRYDAO
5cs6,P68400,BVPLWEHIQIGKSU
5moe,P68400,QCBBLYZCXYKKFL
5oul,P68400,DORNYDQOJKCYQY
5osl,P68400,IUGTZBMBEJSWNV
5mod,P68400,IMVIKRQERQOQKJ
5csh,P68400,CUCWYGFPAKDUOM
5oqu,P68400,LRYGKGSWWOPVKM
5ork,P68400,RDVSUVUAPHOYAU
6gmd,P68400,XAFZSQVXSGXDQY
5os7,P68400,XAFZSQVXSGXDQY
5os8,P68400,NTGIJTSMASUCKW
6hor,P68400,AFWKBSMFXWNGRE
5csp,P68400,DLGBEGBHXSAQOC
5cu2,P68400,DLGBEGBHXSAQOC
6hou,P68400,MWOOGOJBHIARFG
6gih,P68400,MTQLCOHSTAREMM
5orh,P68400,KEDHDUMTTSHKCU
6hot,P68400,DKZBBWMURDFHNE
3h30,P68400,XHSQDZXAVJRBMX
5orj,P68400,VCAZMKAHPZWESR
5otr,P68400,CVRVMSHFNIYTSS
6jwa,P68400,WHSIXKUPQCKWBY
4rll,P68400,UDYNXPSETJWNEU
5otz,P68400,ADAAVRXXVZLMDK
6hop,P68400,KSEBMYQBYZTDHS
3bqc,P68400,RHMXXJGYXNZAPX
5mo8,P68400,SLEBNFGMRDINFV
3u9c,P68400,HSSLDCABUXLXKM
5owl,P68400,ZSGVCOITZQLDSD
5owh,P68400,ZSGVCOITZQLDSD
5n1v,P68400,SABLEOBBNNRHAD
6hbn,P68400,SPPQIWGQWJYZTO
6hoq,P68400,KSEBMYQBYZTDHS
5cu4,P68400,NZDQDPKZQDWCOF
5cqu,P68400,KAIWWTMLTRXFON
3mb7,P68400,KPCHRAXFURQEBV
3mb6,P68400,IPFSIVVOJSEJOL
5m44,P68400,RAOULLCLLOGTDA
5m4c,P68400,RAOULLCLLOGTDA
4kwp,P68400,VQNVMWNZONLRRO
5b0x,P68400,UPIVZLFKYMNZDG
2zjw,P68400,AFSDNFLWKVMVRB
5n9l,P68400,ZCTFVCJEVPAGSA
5m4i,P68400,CFWCAEJMOUILDR
5m4f,P68400,CFWCAEJMOUILDR
3nga,P68400,MUOKSQABCJCOPU
3at3,P68400,YQTMYRNBXJDYDN
3at4,P68400,BBYRUZKRFAIQSR
6a1c,P68400,DARDDBZKGVEVKB
3u4u,P68400,FXZDYVDTIVZZCX
3r0t,P68400,UXZATHOFDZQOMY
5n9k,P68400,UWXKHLVNEQUSFY
3pe1,P68400,MUOKSQABCJCOPU
3pe2,P68400,HJGFPNFAFSFDNN
5h8g,P68400,SRABOMKMQRYXIK
5h8e,P68400,FBMJGDCKBKUMJF
5h8b,P68400,GDSQVLMYYCNAGP
3gp0,Q15759,HHZIURLSWUIHRB
4bkz,Q14680,FUQIWUOPEIFERV
4bky,Q14680,FWWFONGGISSNJV
6c0t,Q13976,AYXNTJKOINXKAJ
3lco,P07333,FYNJLBSSIPLISK
4hw7,P07333,WLYQGNIWNGFGPH
3lcd,P07333,PVBCEWZVPUKFNT
3qkk,P31749,ONZIIEDMJXLRAD
3cqu,P31749,OKGCSZUKOGMZAL
3cqw,P31749,YFFJXGRXFASBDL
3qkm,P31749,ABPGHPHYGKUEIO
3ow4,P31749,JGLUXTFIRPYAQV
3qkl,P31749,ZSKFBGIRLVOQAD
6ccy,P31749,XIYKGCYSJCRNDN
4gv1,P31749,JDUBGYFRJFOXQC
2jdo,P31751,AUHWQSZMVMMRLM
2xh5,P31751,SNNUMARRAFQOGY
3d0e,P31751,KGPGFQWBCSZGEL
2x39,P31751,XQPFDQVEBGYLHB
5e8w,P36897,HKSZLNNOFSGOKW
5e8z,P36897,UEECNVFACUZGKV
1rw8,P36897,NBDZLUOYAAVYHF
5usq,P36897,QZJHLQYMHQMSIQ
2wou,P36897,UEOZXMAOIHDDQE
1py5,P36897,IBCXZJCWDGCXQT
2wot,P36897,RNLQQRFAMDEKKT
3kcf,P36897,OWJLLMXRMBEWIM
2x7o,P36897,MUSRTIADFPCYTQ
3hmm,P36897,JONFDFIXMPXTRH
3gxl,P36897,HNHRWNUXTCATSG
1vjy,P36897,YRBHUKMLAGQYHS
5qik,P36897,TVFRIMALFOJAAL
3tzm,P36897,FHYUGAJXYORMHI
5e90,P36897,UEECNVFACUZGKV
3faa,P36897,TYPILNNEZPSNTI
6b8y,P36897,KNTWBIUWHSYQJE
5qim,P36897,VRPRBQAJAQCSCW
5qil,P36897,XODSKPZUYKGNMW
4anq,Q9UM73,KTEIFNKAUNYNJU
4cd0,Q9UM73,MXETZPYUZKZIMB
6bfn,P51617,RAFFLDOJXQAJPF
4oti,Q16512,UJLAWZDWDVHWOW
4otg,Q16512,UIARLYUEJFELEN
4oth,Q16512,DSXXEELGXBCYNQ
5loh,Q96GX5,HKSZLNNOFSGOKW
3rcd,P04626,ZYQXEVJIFYIBHZ
3pp0,P04626,XPUIECRALWERTL
4btm,Q5TCY1,YHDDNFHODNKNQV
4btk,Q5TCY1,BNDYIYYKEIXHNK
5bvk,Q08345,BYPMLXJTXCLBOI
6fil,Q08345,QDMKAQVMVBLGFR
6few,Q08345,QDMKAQVMVBLGFR
5fdp,Q08345,YXESXLYKZKCWFJ
4ckr,Q08345,AOZPVMOOEJAZGK
6fex,Q08345,UXEXYURPAPXPSR
6gwr,Q08345,IUGBGEUCXVKGQK
6hp9,Q08345,XFLAQLCDMJRPFH
5bvo,Q08345,YLTBELFOTTYXRF
4bkj,Q08345,KTUFNOKKBVMGRW
5bvw,Q08345,ZBNZXTGUTAYRHI
5bvn,Q08345,ZPVUIOVIUFJGHO
3zos,Q08345,PHXJVRSECIGDHY
6fyv,Q9HAZ1,MUOKSQABCJCOPU
3fxw,Q16644,XJJYJNMNYDNXNO
3fhr,Q16644,OWFLADWRSCINST
1t46,P10721,KTUFNOKKBVMGRW
6kla,P10721,MBWHJBDHRADERX
6mob,P10721,VWSRPILDGFSBIY
4u0i,P10721,PHXJVRSECIGDHY
3nw5,P08069,XXGADWBTSMHVDF
4d2r,P08069,FTZQWKAIKYEWPM
3o23,P08069,GKQIKYWYJQQLLD
3lw0,P08069,GVZDPXYOJHKYRC
2oj9,P08069,GLTRPHMPCVLOJS
3d94,P08069,PDJARQSWGDDFHH
5hzn,P08069,AECDBHGVIIRMOI
5fxr,P08069,JVFLXTNKVBOVBS
5fxq,P08069,UMHKPLNSKRNIJU
3i81,P08069,LQVXSNNAFNGRAH
5fxs,P08069,FDWQWRCUIAECJN
3nw6,P08069,XXGADWBTSMHVDF
3nw7,P08069,FQECDJFBKXFTIW
3qqu,P08069,LNEPMZDEABTAPY
3lvp,P08069,ISLVGFDZMORPFI
2i0v,P07333,QINNOQKHPLWGBK
2i0y,P07333,NNPCFFIJVKYGHR
3bea,P07333,AHBSXTVFKVCNCE
3dpk,P07333,LYINTIKJROJCGF
3krj,P07333,XPCQXAQALLRVJQ
3krl,P07333,UUPPIQKPNBIUKY
4hvs,P10721,NODCQQSEMCESEC
5v19,Q99683,ILHOJKHFOLVBOJ
6e2m,Q99683,KMUXXLWWJGMJFW
5v24,Q99683,ZHXCEXPJHPAARV
4bib,Q99683,LJQBAOLMNHGSQC
4bie,Q99683,AETIDEIXYCAWOW
4bic,Q99683,ODZMLPDPZFTGIU
3vw6,Q99683,SMJAMOAYGIVKRI
5up3,Q99683,NDBJFFCSTXBTFV
6e2n,Q99683,SZZKJPNBENKCOL
4bid,Q99683,GQBPIQNQRCHGPJ
4bhn,Q99683,XBKNNPZVSZKDRB
5uor,Q99683,NRGCVZHEQBOONX
6oyt,Q99683,YIDDLAAKOYYGJG
5uox,Q99683,ATENFOTVOKHAOY
6oyw,Q99683,LZTAURWQYWWPLU
6e2o,Q99683,ZGCMQKWOUIMBEP
5vio,Q99683,WOQOZRHVLYUXPM
5vil,Q99683,SWXPUZFQTICUQC
6ayd,P11309,RXQXACYMRVINQU
2i1m,P07333,NNPCFFIJVKYGHR
4u43,O95819,KTWGHBNFKBORPM
4rvt,O95819,NUFZHWWYFUWCIM
4obo,O95819,NFVSMRPXCHVTAG
4obq,O95819,GDCGMGVDMXRLGC
5di1,O95819,XFEKSSMJINNJSX
4obp,O95819,CLODUYRNZMIONW
4u45,O95819,KFPMWFGUHKKDSW
4u44,O95819,KOECVTWSFPGZJE
4zk5,O95819,FYXCIBJXJYBWPX
4y83,P41279,BIPBSLWNCVJIOQ
5iu2,P41279,WJOPLUBIUOVUKG
4y85,P41279,UQPVGCWCXPFUTD
5ih6,P48730,UWFFWZGQGRBIBG
5okt,P48730,WRKPZSMRWPJJDH
4hnf,P48730,AUMDBEHGJRZSOO
5ih5,P48730,ZWNKKZSRANLVEW
6hmr,P48730,OCIGBTIRVZOQBN
6hmp,P48730,BBDJOFZXYVEURD
4hgt,P48730,GMIKNOQZLHKCFH
4twc,P48730,GUWQZSKMUJFZMM
4hni,P49674,AUMDBEHGJRZSOO
6f26,P48730,VRODZCFGQSWGFE
4tw9,P48730,DVVVOLSRHWJCHV
3uyt,P48730,WUDBUIUHVNECTM
4kbc,P48730,RKBVIYAYFDBXIL
4kb8,P48730,UEPOHWWKVBWCFV
3uzp,P48730,WUDBUIUHVNECTM
6f1w,P48730,VRODZCFGQSWGFE
5mqv,P48730,SQTWIUXTIUIKOJ
5w4w,P48730,NGDXEOHYWJHBTJ
4kbk,P48730,ZVSNVLKUNCNJEG
4kba,P48730,RDUXJEGWTNOYDA
6gzm,P48730,YSPIHUWHLMNFOV
4g16,Q9Y6M4,GAHCTGQCJXQYNK
4g17,Q9Y6M4,BQPYYTDDPDJCGA
4hgl,Q9Y6M4,CIUATZJWGJGLPW
4hgs,Q9Y6M4,GMIKNOQZLHKCFH
5d9l,P51812,FHGTUVGVZRNUDB
4nw5,P51812,ZDYXRELDNKSUBF
4nus,P51812,IKUFKDGKRLMXEX
4nw6,P51812,ZWUCWBYYVLQXEP
5d9k,P51812,DTEKTGDVSARYDS
6n3l,Q9P2K8,YGSUBARKRPZWKJ
6n3o,Q9P2K8,JGHVXJKGYJYWOP
6n3n,Q9P2K8,VJXAWOQPYMAEFQ
4bdi,O96017,LDNVJBRMIHEEJK
4bdb,O96017,FQPRUMXSHZSJGM
4bdf,O96017,QHRSESMSOJZMCO
4bdh,O96017,LTNSHOVGLDMJRU
4bdg,O96017,USKHSGIEOVXVFW
4bdd,O96017,LTTKIGSXIAQOSY
4bde,O96017,QLGGAJVPIQZKIJ
4bdc,O96017,HNDVFGAJLBLXDW
4bdj,O96017,CVODVHVJEVVKKB
4bdk,O96017,CQHKQYSHFWCLKE
2cn8,O96017,JYRJOQGKGMHTOO
4bda,O96017,UHMYOSZMUIJCFW
2wtc,O96017,MGGHBVJICDPMQM
2w0j,O96017,HCAQGQIHBFVVIX
2wtd,O96017,UBOGEBHIZSQBBD
2xm8,O96017,XVURFLCQTYKQLW
2ycr,O96017,IGZOGYCMSGAQFP
4a9s,O96017,PMCFOCQQFLSWEU
2w7x,O96017,ZKHRFTLMLVMQMS
4a9r,O96017,UXGJAOIJSROTTN
2yiq,O96017,STGJVWUQAFPAMH
2xm9,O96017,DZNFGQDAMCNMLC
2xbj,O96017,HZASIAXCPXTISQ
2ycs,O96017,BTFCNWPQBVODIL
2yit,O96017,IFLKHYHIUCIDRM
2yir,O96017,CFOWEKJDEFRRLQ
2ycq,O96017,ZRMHKCSZOJQCBI
2ycf,O96017,VVGIJVMXIRYKIO
3wf9,P23443,ZICDFSXBQFNQBM
3wf8,P23443,CZNAHALNBRNZRG
3wf7,P23443,RSRHDIYCQIWTON
3wf5,P23443,SAOVCWDCHHZCCL
3wf6,P23443,QOXYIHCPHZOWJH
3we4,P23443,FBLPQCAQRNSVHB
5eak,Q7KZI7,LYADGAGFYYXXIO
5es1,Q96L34,QXXZIVGTJXYLQO
6gqm,P10721,FLJOFQUXYAWOPE
3fpm,P49137,MCBPNFWHHNJTGN
3wi6,P49137,BRLBLOAZCZCBIY
3kc3,P49137,IQDDLNJTLVXFQA
2p3g,P49137,XJJYJNMNYDNXNO
3a2c,P49137,WJOUGMPFYANZMI
3fyk,P49137,TXYKBKYDFZQOCB
2pzy,P49137,QWFFPYQWUWLDBV
3r2y,P49137,OWFLADWRSCINST
2jbp,P49137,OWFLADWRSCINST
2jbo,P49137,OWFLADWRSCINST
3fyj,P49137,CMWRPDHVGMHLSZ
3r2b,P49137,QSDGMDKMSSYMKU
6gl9,P52333,JIDRJSPIWPPOBL
6glb,P52333,PLKGAHIHTTYWEV
4hvi,P52333,STEKXUJMQOKLQV
6db3,P52333,PTCVBQDKOCSZKC
4i6q,P52333,TUNBOTWJAARGCJ
3pjc,P52333,MYIILBMNTUDZDH
6gla,P52333,UUVPPNMLZDVPOR
3zep,P52333,ZLMYXZMBDPHCEG
4hvh,P52333,ODYYFDDUIDLRBK
4hvg,P52333,ODYYFDDUIDLRBK
5lwn,P52333,LVVYJCDRPPCFEQ
4qt1,P52333,UTTDMGAEOAWZGU
6hzv,P52333,RJIVCYWQVNETLQ
3lxl,P52333,VNDWQCSOSCCWIP
6ny4,P52333,PRWQQLFMBINSAW
5w86,P52333,NYSLPKXXILEKDL
4hvd,P52333,YCFLEMHGWPQDSP
5lwm,P52333,GJMZWYLOARVASY
4rio,P52333,UPBRYBJZTWHUQK
5vo6,P52333,DIFGSGNUHRNWPK
6aak,P52333,DREIJXJRTLTGJC
3zc6,P52333,AGTYRXOJPORGGM
3lxk,P52333,UJLAWZDWDVHWOW
3lzb,P00533,BFTPDUXUTFGDLP
3e62,O60674,OMPYFDJVSAMSMA
4p7e,O60674,RIJLVEAXPNLDTC
5l3a,O60674,CAMWAWBWBXRPRP
3e63,O60674,ZCUSNQPYUNLATP
3ugc,O60674,VQLNKQZLPGLOSI
6bbv,O60674,IUEWXNHSKRWHDY
4f08,O60674,VTICMARMQUNXBS
4f09,O60674,XTQACRIFOIASKV
5wev,O60674,OFPQQEBBZKPLFE
5tq6,O60674,RONMOMUOZGIDET
3e64,O60674,KFJCXIOVAGJCKB
4iva,O60674,ANDWOIMHOOWCLK
5aep,O60674,LCPNDRXSKAUPSE
4gfm,O60674,HKIJJBMBTHKEPC
5tq5,O60674,CUKXYSDQFPFABZ
3lpb,O60674,LYSCAOWDVVWGQK
5usy,O60674,KDKUVYLMPJIGKA
3tjc,O60674,JNNQSTULXLHQBB
4gmy,O60674,IAFNAEGXTKTGHN
5tq8,O60674,XDJGNPSZQSWJCV
3fup,O60674,UJLAWZDWDVHWOW
4d1s,O60674,GTPKZTQLTICGMS
5tq7,O60674,XEFTYQOQZCRKHD
4d0w,O60674,DQDASFFHMDSYAZ
3io7,O60674,DKQKJWFBAJGEBC
4yti,O60674,ASUGUQWIHMTFJL
4ytc,O60674,PYFLNUFSEAXOHE
4hge,O60674,YLBXBHSEZZNJPX
3iok,O60674,PNFXHJHLWYEAPD
4d0x,O60674,CZUQYAXYBOEHCY
4ytf,O60674,JWSTVRZOAIEUAO
6aaj,O60674,DREIJXJRTLTGJC
3rvg,O60674,NSYNFVRSQTTZAL
4e6q,O60674,WKWXJWGOAKGEEM
5tq4,O60674,MSKMVINDTCVTEK
4c61,O60674,DVWTWOHVDUVPJV
4bbe,O60674,RMBHIVQOFNFWFU
2xa4,O60674,PDOQBOJDRPLBQU
4bbf,O60674,ISOCDPQFIXDIMS
5tq3,O60674,CSLGOZXFBHTYAA
4yth,O60674,GKLOLJGCCXEOJW
3q32,O60674,CFXACTJFCDMPJK
2w1i,O60674,LOLPPWBBNUVNQZ
4e6d,O60674,XTKGOBBIBUQFHY
5cf8,O60674,JCINBYQJBYJGDM
3jy9,O60674,LGIBDQRYOFBMTC
2b7a,O60674,VNDWQCSOSCCWIP
3tjd,O60674,FVVCSMCEMMLEGG
4aqc,O60674,UUVZHZJBZYONMR
3kck,O60674,JBHMPWHPXOOFNL
3zmm,O60674,NFYAORHLODKCQX
4jia,O60674,DPVQBIWIVWTDRV
3krr,O60674,IBPVXAOOVUAOKJ
6sze,O43353,UBKSUPKIDNXMMC
6es0,O43353,LUCVAGIVDZCQRA
6szj,O43353,QDGDUSBCURLURJ
5w5j,O43353,CPQRFZBWMKEHSA
5ar5,O43353,GALXSGLZQVWBNV
5ar7,O43353,XKNAGLMNQADBQE
5ar4,O43353,CDMGBJANTYXAIV
6fu5,O43353,JMJHOMFUECZGAD
6ul8,O43353,IYLHBITVRJLWLH
5w5o,O43353,PIIVPMZRLRQOTG
5ar8,O43353,POWKQVBMRCSBOT
6rna,O43353,UHDOJINBFLDQJM
5j7b,O43353,XLOGLWKOHPIJLV
5j79,O43353,BVHZLDLRNBQWRF
6hmx,O43353,LHPFRDAGGDMRMZ
2wqb,Q02763,FACMGTJQTMTYEF
2osc,Q02763,NESXBRNDMQUVNG
2p4i,Q02763,HHKWHHAJTWLRKG
2oo8,Q02763,OHHGYJBFPVJURR
6mwe,Q02763,WVXNSAVVKYZVOE
5z1e,O14733,YCMAZDUWLKXRRU
4pmt,P04629,DCLOYUQZPOKYDM
4pmp,P04629,VXBUABPTAFKXED
4yps,P04629,OGLFUDJJJDTBFS
6npt,P04629,GTSXKUJFTQTICP
6nsp,P04629,MSTWIUSEUCGNEI
4pmm,P04629,FQGDIYVVDKJSNC
6pl1,P04629,OQDBRNRNKHKMSL
6pl2,P04629,MLPOPBODRFYIRV
4pms,P04629,BUVASZPZZZNEAY
5h3q,P04629,SQGLEZDWHPDRDX
4yne,P04629,RKERQEKFTWWCEY
6pl3,P04629,PRZQRZSCFWKYBL
6dkg,P04629,AUTGNDRENPBZKA
6dki,P04629,FTAFQADCGCSJAH
6j5l,P04629,ZTJQDVXGJTWIGK
6nss,P04629,YQDHGEPNDQLBRG
5wr7,P04629,DCGOHGQJHJXBGW
6dkb,P04629,XJIIVPVOGYFVME
2wmr,O14757,NMMOEJUJKIXUQZ
2wmu,O14757,MEOMXKNIFWDDGZ
2xf0,O14757,YCLNNSSAFUQKBC
2cgv,O14757,MBZPCTWLFNYBND
2brh,O14757,VXTCEUDVOCLEJG
2cgw,O14757,AZHWQKVREXJRBF
2cgx,O14757,LZGZHYMVMFIEIY
2brb,O14757,UQHINZSKNAAVOZ
2cgu,O14757,VOKATEXROYSXDW
2wmv,O14757,VNGSDLIBIYNHKQ
2c3l,O14757,JTKFRFMSUBOCIQ
2br1,O14757,ARBUGBBNEFAECO
2xey,O14757,ZCWUDZOATSSBCE
2brg,O14757,VDJWWYRYKMXMKA
2brn,O14757,VBASHTSSQNDDAS
3jvr,O14757,MVMZWHAHBIJEDT
2xez,O14757,ALMSMDKNGFZAEU
2ym4,O14757,XEAFNJRJCDEJPR
2bro,O14757,TWEONIHFGKSPLC
3f9n,O14757,GMBUMIBZLYNLLU
2brm,O14757,MPJYGQHMIFDQIN
4qye,O14757,RUXBJTDGOHITBG
2ym3,O14757,RCMLOOJGYJFCJA
2qhn,O14757,ASEHARDUZDZEKS
2ym6,O14757,ZOMFTMSIQWYIQV
2wmx,O14757,YBRZCAKSBYWZTC
2x8d,O14757,VPUMZLVLKCMKFQ
2qhm,O14757,WQGFCATXRXQKNB
2c3j,O14757,JYRJOQGKGMHTOO
2ym5,O14757,XYTDDDZEIXYDNO
2wmw,O14757,BJUBFXSKTBULRW
3jvs,O14757,YZMKNNITNHTADN
2x8i,O14757,UWWPFTOELGGCIL
2ydi,O14757,RFSVVCBVIFWEMZ
2hxq,O14757,KBIHHEGEALBUMT
2ym7,O14757,LNWARQATROLGJR
3u9n,O14757,WRGSHXQBWJUKQD
3tkh,O14757,QCBHCZCWZWNPGE
4rvl,O14757,NMTUQTHXOJLRMZ
3nlb,O14757,PFGGMNGDLVJXNC
2c3k,O14757,GYPHGCGOSZJXOT
2e9o,O14757,MEDLHZCDTXWLOC
2yer,O14757,FEKDFTQZRBQDGS
4jik,O14757,VUQDZGWRLHHYTB
1nvs,O14757,OTPNDVKVEAIXTI
2x8e,O14757,PKZCGWBROCHAKF
4rvk,O14757,QBZYUGXSSSASTB
2ym8,O14757,SRBJWIBAMIKCMV
2e9v,O14757,ZUEAHWHCYOLVEP
2hxl,O14757,WBKUBPBCFYCSRT
3ot8,O14757,GZPYWHILDNLCNY
2e9u,O14757,JRSWWYITYIOHOP
1nvr,O14757,HKSZLNNOFSGOKW
2ayp,O14757,AYSXURJZVXBSRV
2ydk,O14757,UXZRCIBKIDILEF
2ywp,O14757,URQYPXQXSVUVRG
2e9n,O14757,VKPCXCHYSBVEMW
1nvq,O14757,PBCZSGKMGDDXIJ
2ydj,O14757,IAYGCINLNONXHY
3ot3,O14757,CKLKHZYNDIKOOE
5dls,O14757,REQMZUHAMVOEON
4qyg,O14757,AVGXCPYDUVBUKP
3pa4,O14757,QTBPGDBHORPJSA
4hyi,O14757,WQIZBWOPEUALCL
3pa5,O14757,MZBVMTJFZZINAF
2ghg,O14757,DQMKXCKXZQEVJU
4qyh,O14757,PVRJSOWSQUNARV
4hyh,O14757,KLJVDMAOKMSBQX
2r0u,O14757,BUSJQQYKXHYDNN
3pa3,O14757,OIVCIDIQAWPEAZ
4rvm,O14757,PPYHOOZGDDPLKM
2hy0,O14757,JRWKQEATLFJZFB
2gdo,O14757,MOVBBVMDHIRCTG
2hog,O14757,FNWHPLLNMLOZTL
2yex,O14757,XHMYMTXQNURDOQ
3tki,O14757,TWDABHIMTXVQHI
4qrc,P22455,PHXJVRSECIGDHY
6iup,P22455,HKMTYQNMRIBAHX
4uxq,P22455,PHXJVRSECIGDHY
5xff,P22455,GKJCVYLDJWTWQU
5xfj,P22455,GKJCVYLDJWTWQU
5uiq,Q9NWZ3,BTHLVVULQLRTBK
4yo6,Q9NWZ3,MCBSZIDQUDBWTG
4xs2,Q9NWZ3,JCZKEQVPLPZLFI
4ztl,Q9NWZ3,HIFONLZQROGEJE
5w84,Q9NWZ3,MSYMSSQHTUWZDQ
6ega,Q9NWZ3,BBTDRPBKISKELY
5uis,Q9NWZ3,WFDCRJQKOODGGI
5t1s,Q9NWZ3,XXIAQHKXGSSEJL
5uir,Q9NWZ3,IDCYKLUUMJIGRR
6f3e,Q9NWZ3,VZOLINZYKOLXAC
6f3g,Q9NWZ3,ODGACFGAGYOOJS
6eg9,Q9NWZ3,PHXJVRSECIGDHY
5t1t,Q9NWZ3,UCYLWJABRYZSHN
5kx8,Q9NWZ3,LIUCOMBTIJNNMB
6rfi,Q9NWZ3,YCFRZMCRPHNZOC
5kx7,Q9NWZ3,XTVOMCVEGADMQN
4ztm,Q9NWZ3,FXWUDZUPMZEZQL
6f3i,Q9NWZ3,RGHNWSCEPVZMFH
4ztn,Q9NWZ3,FWVSQXVRLKRCRX
4yp8,Q9NWZ3,AUKFLCXWCUBZOW
5w85,Q9NWZ3,MPNICXIXNBEDOD
6o8u,Q9NWZ3,LGCXMCBXSOYDBH
6o95,Q9NWZ3,JLKSBHRAVFWETB
5k76,Q9NWZ3,DJVYXMINSBMUHH
5uit,Q9NWZ3,YLJNGHKLWZPDSX
2oic,Q9NWZ3,HKSZLNNOFSGOKW
6f3d,Q9NWZ3,APLFXDJBXZUPOM
6rfj,Q9NWZ3,RPGMSHCJIWHISY
6o9d,Q9NWZ3,BFBOXYLGKAPSFY
6o94,Q9NWZ3,LVDMRCKBQDTUEU
6mom,Q9NWZ3,IALDYVNFZAPNJV
4y73,Q9NWZ3,LAXFSYWLDNVHAQ
5uiu,Q9NWZ3,JKDGKIBAOAFRPJ
3zbf,P08922,KTEIFNKAUNYNJU
4uxl,P08922,IIXWYSCJSQVBQM
2z7r,Q15418,HKSZLNNOFSGOKW
5cf4,O60674,LGLQLJMRIVMMGZ
5cf6,O60674,FHJUPPRBBPCLDY
5cf5,O60674,IHSTUTBJVPZZHZ
4zim,O60674,FYEWVKCORNQLFP
6cmj,Q96RR4,PGBYHFSGSTUFFN
3rhk,P08581,DVSVKPFSHABFPS
5ya5,P08581,ZXLRTUDCUYHDLP
4mxc,P08581,SEERCQIVLBZZJL
4gg7,P08581,OIYLUARXJZNDPY
4eev,P08581,QHADVLVFMKEIIP
4gg5,P08581,JIYPGFPFAVEPFX
5eob,P08581,XQEJWZGYFBXKIF
4njd,O96013,NSJQROISOSHTBB
5i0b,O96013,XYHWYOLLASBNRO
5vee,O96013,DHKFOIHIUYFSOF
5xvf,O96013,FFRWUFYTZPMLTK
5bms,O96013,DYLHVDVCWIEYSA
4o0x,O96013,RSIUBEYNBJJYTG
4app,O96013,VGRHRLOVUZTBHT
4o0y,O96013,NDZPPXQOOUNQTQ
5xva,O96013,WQTMYTFWTYPJST
5xvg,O96013,RTGFZUPLFGBDKE
4o0v,O96013,RZXMIHOUHYSGJO
4py1,P29597,RAHGVIZTQAHVRX
6aam,P29597,DREIJXJRTLTGJC
4gih,P29597,IAFNAEGXTKTGHN
4gj2,P29597,RBNYBLHXBHWSCZ
4gii,P29597,RNSIQMSJBYJUOS
5wal,P29597,OFPQQEBBZKPLFE
4gj3,P29597,TZBYGJGLZFYXII
4ibm,P06213,RURYGRIJIZXNQD
3eta,P06213,KSTUYVHCHCYOAB
5e1s,P06213,PHQDLOFSIWRQJZ
3ekn,P06213,HXZDICYKFAOZLE
4wov,P29597,ULTCRVJUAZCGPP
5tkd,P29597,SNVFFECYFQEWTL
6nzh,P29597,YGFJMLGZTAWLOO
6nze,P29597,FFYLSLMDLCQSRS
6nzf,P29597,SYYQNYIBIFOCPS
6nzr,P29597,KUHISBZXQSKCLH
6nzq,P29597,OXIRLLVPYPWPEK
6nzp,P29597,BZZKEPGENYLQSC
4x7h,Q9NZJ5,JZUVVTPSJAHDMJ
4x7j,Q9NZJ5,NYVUSSXLPQHLMH
4g34,Q9NZJ5,ZDMNFWRMUCKWCS
4x7l,Q9NZJ5,XUIZYNXJUPSUNY
4x7n,Q9NZJ5,YPPSMYLMSKHYAY
4x7k,Q9NZJ5,HBWCGZWIVPNFPT
4x7o,Q9NZJ5,MXBMIZHUPORZGB
4g31,Q9NZJ5,SIXVRXARNAVBTC
5e91,P37173,UEECNVFACUZGKV
5qin,P37173,XODSKPZUYKGNMW
4k77,P23458,FCTPOQHJQPWBOI
6bbu,P23458,IUEWXNHSKRWHDY
4e5w,P23458,XDHQVHVOFHWRNB
5e1e,P23458,IRGAIDAWHGYOKD
5khx,P23458,QZOGHNDWZHFIJP
4ehz,P23458,XTQACRIFOIASKV
6hzu,P23458,JCBSNZZSUFHWSE
6n7a,P23458,FCWWZBZYMGWKGY
6aah,P23458,DREIJXJRTLTGJC
4k6z,P23458,GGNYHYINELGWQU
4ivb,P23458,ANDWOIMHOOWCLK
4ei4,P23458,IWJKSSOUXRKEPE
4e4l,P23458,NWNODCMQDYQNDW
4i5c,P23458,COGIAVJREKAVDL
4e4n,P23458,GAVWHEZXKOVIQY
6n7c,P23458,LGRPDWKAHUIEOE
6n7b,P23458,NBFASNUBTMTAFQ
6n77,P23458,PBBLZBUJHLNSRL
4ivd,P23458,LLRNGFSFYHDPKW
6n7d,P23458,YENOZGNVRCRNCQ
6n78,P23458,CJXPNZXEEPSZHK
6n79,P23458,KHCFKCPXXJQHMH
4fk6,P23458,IQHKHGHDPGFXAV
5wo4,P23458,MFWQXZZXOUIDTN
5hx8,P23458,JLWGOAGEDWMEBT
4ivc,P23458,IKSRDHMMQOCRHN
6cj5,Q9HBH9,WEFADYMRJJMXCA
6cjh,Q9HBH9,JSIJZTBLHULTDZ
6cjw,Q9HBH9,JVTKTZKSPATBCI
6cje,Q9HBH9,HNZGNBCVBQTPNR
6cki,Q9HBH9,YUDKTFUCCPOVGR
6ck3,Q9HBH9,OWEDOBFUVPKBNA
6cjy,Q9HBH9,PQHXLRLXDDKGGR
6ck6,Q9HBH9,HKTBYUWLRDZAJK
4l3p,O43318,HYMAZAOGZLVDSM
5gjg,O43318,CKGXWWJPWNFXBV
5gjf,O43318,YHONMSVJCMGHMF
4o91,O43318,SMPGEBOIKULBCT
5j9l,O43318,LPJIGUIJJBQRTQ
4l53,O43318,IXXBWYJJOYSCNJ
5jgb,O43318,YTKZLQGZFHCSKQ
5gjd,O43318,WQRGBJPKMNUGRL
5jgd,O43318,MJJJFOLDERHCND
5v5n,O43318,UOZVVPXKJGOFIG
4l52,O43318,XDCWLOMVUOZXFY
5jga,O43318,USMAPSJMQVFIAW
5dh3,Q13188,YRDHKIFCGOZTGD
3bpr,Q12866,XZEFMZCNXDQXOZ
4mh7,Q12866,XUYGOTAWDBTFJQ
6mep,Q12866,NUKXTUWDAYJQEV
5tc0,Q12866,MPCBXJASUBLGMA
4m3q,Q12866,DMDQOCLVSGUEJT
4mha,Q12866,CQFHCAGCNILQLR
5k0x,Q12866,ONIHBIZGUJZDHG
3tcp,Q12866,OGEBRHQLRGFBNV
5td2,Q12866,WWTNLDQWEKRXNB
5u6c,Q12866,VFRJEYJOQSRCNK
4ckj,P07949,OIRDTQYFTABQOQ
2x2l,P07949,DYCBCUFDDRQCID
4cki,P07949,OIRDTQYFTABQOQ
2ivu,P07949,UHTHHESEBZOYNR
2x2k,P07949,XYONNOXYJMPBMA
2x2m,P07949,WUWDLXZGHZSWQZ
5amn,P07949,BNDYIYYKEIXHNK
5hng,O15530,KSQSJEOPBMYGOB
3sc1,O15530,UYPQNXCIONEUFC
5lvn,O15530,OIRDTQYFTABQOQ
5ho7,O15530,TUVCBRIDRHWVLF
1uu7,O15530,LBFDERUQORUFIN
3hrf,O15530,LLJYFDRQFPQGNY
1uu8,O15530,QMGUOJYZJKLOLH
4rqv,O15530,MZAVPBQCWWIYEQ
1uu9,O15530,APYXQTXFRIDSGE
4rqk,O15530,VLGMTYRMKMVUHJ
5lvl,O15530,ACPOUJIDANTYHO
5ho8,O15530,JPZHGBZYRNZXPJ
1uvr,O15530,UQHKJRCFSLMWIA
3rcj,O15530,ZTBIRAQXLAIYLL
1uu3,O15530,ZCBUQCWBWNUWSU
2xck,O15530,BMPXFYMECYEYOL
2xch,O15530,NJZDNEMNAJYOMW
3qcs,O15530,IBSXLFOFZRSWEZ
3qcq,O15530,RIXHCYHQTKRWDU
2pe0,O15530,WJTAKRSFNCCLHP
3h9o,O15530,QSSGYSRUMIOURP
3qcx,O15530,WNVXQKKSIHKYCX
2r7b,O15530,NVINUNQBDNEMSY
3rwq,O15530,WMUOCKJUZCEMCY
1z5m,O15530,ZNSULAZTNWFKEW
3qcy,O15530,NCSQDKMOKNQGSG
3iop,O15530,XNXUJUXYVTYIGP
5hkm,O15530,IVPOFDCEHKLJIL
3qd3,O15530,GAMJJHMLLXIWRZ
3ion,O15530,XNXUJUXYVTYIGP
1oky,O15530,HKSZLNNOFSGOKW
3qd4,O15530,YEIVLMDWYXFKHN
1okz,O15530,PBCZSGKMGDDXIJ
2pe1,O15530,DFURSNCTQGJRRX
2pe2,O15530,PWZOBKJHPWISGC
3qd0,O15530,TXXYVBLFLGPQOR
3qc4,O15530,GCWCGSPBENFEPE
3rwp,O15530,YXZBQCQAYNRRFP
3b2t,P21802,IPSMXNMCXMRRGZ
3ri1,P21802,BMOQBIIJPJVMDI
4x7q,Q9P1W9,DNXZIJKGPFJRAA
4ymj,Q16288,OXQTXNVWTNDAQF
3v5q,Q16288,JCRUDKWPDBIGME
6kzc,Q16288,MFTCKIGOHVOPIP
6kzd,Q16288,VBGZPGTYAGJBAX
5vcx,Q99640,OUKYUETWWIPKQR
5vd3,Q99640,OUKYUETWWIPKQR
5vcw,Q99640,WVUNYSQLFKLYNI
5vd1,Q99640,RXZMYLDMFYNEIM
5vcz,Q99640,YCLIWTLPTXAGPQ
5vd0,Q99640,BKWJAKQVGHWELA
5vcy,Q99640,UBPYILGKFZZVDX
5vcv,Q99640,ZBNZXTGUTAYRHI
4qmx,Q9Y6E0,OUKYUETWWIPKQR
4qms,Q9Y6E0,ZBNZXTGUTAYRHI
4qmu,Q9Y6E0,KDKUVYLMPJIGKA
4qmm,Q9Y6E0,LOLPPWBBNUVNQZ
4qmq,Q9Y6E0,DEEOXSOLTLIWMG
4qmz,Q9Y6E0,WINHZLLDWRZWRT
4qo9,Q9Y6E0,XKFTZKGMDDZMJI
4qmw,Q9Y6E0,NVRXTLZYXZNATH
4qmv,Q9Y6E0,RYYNGWLOYLRZLK
4qmo,Q9Y6E0,VFBGXTUGODTSPK
4qmp,Q9Y6E0,ARIOBGGRZJITQX
4qmt,Q9Y6E0,SGZZQKMOFHIDKW
4qmy,Q9Y6E0,HKSZLNNOFSGOKW
4qmn,Q9Y6E0,UBPYILGKFZZVDX
5x5o,Q9NYL2,PJGQKTLXZJMPIM
6jut,Q9NYL2,XBRQXNKVCFFZSD
2vtm,P24941,RRHORVAOECWFPT
6q4e,P24941,CQYPNVKLVHHOSJ
1wcc,P24941,JTPXVCKCLBROOJ
2vta,P24941,BAXOFTOLAUCFNW
3tiz,P24941,KPLUVIWNJYXFQT
3ti1,P24941,WINHZLLDWRZWRT
2vth,P24941,NFVBVKHGDDDCEA
3r9o,P24941,XTIMXWZYVZMPGC
3rpr,P24941,DMSXJUBZGKCYAA
4cfu,P24941,GPGNHDACAOAHAF
3rzb,P24941,NLHYHLPSUOFMHW
3r9h,P24941,FQEUBNKUJIJESK
2vtl,P24941,WMZYZYFPPQOFKY
3rmf,P24941,SUFGPCLKXWRBHX
2exm,P24941,HYVABZIGRDEKCD
3r9d,P24941,UERTXDNWFMBKLO
3my5,P24941,XHSQDZXAVJRBMX
4i3z,P24941,XTWYTFMLZFPYCI
6q4g,P24941,XIKUCJUOFVMZHJ
3r8z,P24941,JYLDWTJXERPEGH
2uze,P24941,JLRKRQCTYQGDKJ
4ez3,P24941,NVVKOBSVOCFOEN
3pxf,P24941,FWEOQOXTVHGIFQ
3pxq,P24941,FWEOQOXTVHGIFQ
1v1k,P24941,OSCWQKTUILTARV
3s0o,P24941,UJHTWFHWKSDNFF
1h08,P24941,MEIJADBULOETOV
2uzo,P24941,JNPRTUHVCHGFHJ
2c69,P24941,YWBFPKPWMSWWEA
4cfv,P24941,GTQOUNMUULYWFG
3wbl,P24941,WJOUGMPFYANZMI
1h01,P24941,GNLAGGCSJGJECE
1ol1,P24941,KFJRGKOAFLTJEC
2r3h,P24941,LXRVAGIYXNQOKP
4cfm,P24941,DJXADPDNJXCWOH
3tiy,P24941,WDGFFVCWBZVLCE
3s1h,P24941,MAZWTJAWJKKDKQ
1pxi,P24941,PAPYICJQRHSQGK
1p5e,P24941,OMZYUVOATZSGJY
3unk,P24941,BAZFHAGOCKJYHX
3qqk,P24941,NJWGWVLFRYCKGD
1pxj,P24941,CTFDMGIBHFQWKB
1h1p,P24941,MWGXGTJJAOZBNW
1e1v,P24941,MWGXGTJJAOZBNW
3s00,P24941,KOFQZAVTXLVRJI
2c6i,P24941,NMAZGYDYIYLSLJ
3unj,P24941,BUKMSYYNNHEANR
3ezr,P24941,XONAFDRMWJEXGF
4cfx,P24941,XNHSEOXNPOIZSH
4eok,P24941,OWXORKPNCHJYOF
3rni,P24941,HEKMYKTWCKGDFA
2c5o,P24941,CTFDMGIBHFQWKB
3pxy,P24941,OQGZVJIFCDXDFS
3pxz,P24941,OQGZVJIFCDXDFS
3rjc,P24941,CGDCHWZCEONCMK
1okw,P24941,LRFOSVFQTLYKFG
3r8u,P24941,NWVQKPQYUAHOFK
1w0x,P24941,GTVPOLSIJWJJNY
3sqq,P24941,MVVLOKWZBCMJJG
3rpy,P24941,NYEMVPGQXLAKEH
2v22,P24941,KPJZLROHGAJEAN
3rk5,P24941,GCUAWHJDWUEGRV
3lfn,P24941,KYYOHACAJWYNOT
3qtq,P24941,QNNXJIYSLIKTDV
3qts,P24941,LXKAYWZVBXYTGU
1oiq,P24941,ZCRPPLDDHBLUES
3r8v,P24941,LDOOUPSIRAPDLT
3lfs,P24941,WGVVIVGNBSSANI
5jq5,P24941,YCVGLKWJKIKVBI
1h1r,P24941,OUEGMEMDEAOAEG
1pxk,P24941,OVKZTPFHUYGZBI
1jsv,P24941,FVFVVRPJERUECT
5jq8,P24941,YCVGLKWJKIKVBI
2vtj,P24941,RSNSGNZRUMHXAY
2c68,P24941,BUXUEPKVOZSCGP
2i40,P24941,UHCHLTQBLNUYRT
2vtr,P24941,HFTLYNKTSANXFA
3r9n,P24941,FLLZFUOEZYWLNJ
1e1x,P24941,DGWXOLHKVGDQLN
2c4g,P24941,SWJVFMCHEFMLDD
3ezv,P24941,LPSCCOBGZSKECZ
1di8,P24941,BNDYIYYKEIXHNK
1ke8,P24941,BOMPRXSVSIPRDT
1h1q,P24941,XWWRLKIBRPJQJX
2r3i,P24941,ZAIYYXVHGBMLEC
3qtr,P24941,YOZXSIIEHFGLLO
4eol,P24941,XOLMRFUGOINFDQ
4eon,P24941,XOLMRFUGOINFDQ
4eop,P24941,XOLMRFUGOINFDQ
4eos,P24941,XOLMRFUGOINFDQ
1pxl,P24941,MEZFDQUDLQCVNX
2r3p,P24941,AHPKUZJCNHGFQA
4eoi,P24941,XOLMRFUGOINFDQ
2vtn,P24941,CWQKPKYIMQTGJK
2r3g,P24941,WCNPGRRMPFCHEO
2uue,P24941,RPSZSAKYXPWBRR
2c6k,P24941,VPOGRVWIIVMWRI
6guk,P24941,UTBSBSOBZHXMHI
1okv,P24941,FBVZNOUMPLEOOX
1ke9,P24941,DMCRNUMVSATRTP
2vti,P24941,MNHPHKFLWAPNOV
3qtw,P24941,LERGLIZTDGVNRO
2uzl,P24941,RGVVHQNJKUNSFQ
2r3o,P24941,RBLKWWBHDUBPFN
2b53,P24941,XQKJVNGGVLHNLA
1ke5,P24941,IKASAFLVQIJQOK
4bcp,P24941,BKOYUSKBPMSUBK
1ykr,P24941,UQAWGIKJINAKIZ
1ol2,P24941,AAWZQALNAHGICT
3rk9,P24941,PDIHMNDWUQWWNQ
4cfw,P24941,MTASIWVJZCLGMA
2r3f,P24941,CVYWYUAQFJMLEO
4eor,P24941,OWXORKPNCHJYOF
3eid,P24941,GBRORGYPYNNDGL
2a4l,P24941,BTIHMVBBUGXLCJ
1pye,P24941,WUGJIPFLBOATGL
3rkb,P24941,GAZJAWWHSQBFHM
2c6m,P24941,RPJIMTALCNCQLV
4nj3,P24941,LTZGVONWBPMCBP
1vyz,P24941,LUCORKWTQSQFFU
2c6l,P24941,LVRKQJAEQWVSCM
1b38,P24941,ZKHQWZAMYRWXGA
2c5x,P24941,PLQVWKCQWFFUFJ
2c5y,P24941,PLQVWKCQWFFUFJ
3eoc,P24941,HOOQLZPFGONGJY
6guf,P24941,UTBSBSOBZHXMHI
1pxp,P24941,FGGSNQOBRJVAKL
2c5n,P24941,FGGSNQOBRJVAKL
3ddq,P24941,BTIHMVBBUGXLCJ
4acm,P24941,HULMMZPBCUBDJN
5l2w,P24941,PIMQWRZWLQKKBJ
1oiu,P24941,BKDUVKJYBJDZQW
3rk7,P24941,LWEUMOYBSFDLPX
2uzd,P24941,BKUMVXIXUVYKDQ
2xnb,P24941,SNCJEJRBHBIGKH
4bcq,P24941,UFUGKBGESCNADR
2iw6,P24941,FIRZNFNHYVXQPP
2vto,P24941,ZMWYSLJBNJUCRK
2vtq,P24941,CXBHMSHVCKEEGW
4bco,P24941,DZHBFQMOLIUZMP
3py0,P24941,QNUKRWAIZMBVCU
3rak,P24941,SIHPQWGESUQLJI
3py1,P24941,QNUKRWAIZMBVCU
4bcm,P24941,SSEDQERECATUBR
3ej1,P24941,CAGHIASAHLPQMS
2uzb,P24941,FJJJERLTHDXEPT
1b39,P24941,ZKHQWZAMYRWXGA
5mhq,P24941,SCACHXWSWJBIHG
2iw8,P24941,OWXORKPNCHJYOF
3ral,P24941,WGWGFHMTAVZKKS
2r3k,P24941,IBUPHWYGVDAASU
2r3l,P24941,LZLKFNBMXXLTLX
2btr,P24941,WQZOOPQQADNJEG
2b55,P24941,AITZHKQVQNLKHI
4rj3,P24941,BYMFSZLMPVZBJV
2duv,P24941,CEXBEGBNDJVZPK
2w06,P24941,MZWCVBFANHIPTJ
5k4j,P24941,RZUOCXOYPYGSKL
3ddp,P24941,HOCBJBNQIQQQGT
1pxn,P24941,OTMLAWRVLMYMDF
3uli,P24941,XUELBKVSGYWSKD
2r3n,P24941,CCDIUVLNHCGSMH
1dm2,P24941,ATBAETXFFCOZOY
3qtu,P24941,AIINAKYQKGXDFN
3qtx,P24941,UNSUKTMPEHFJHC
3rpv,P24941,XNRIWHPUEZHUFJ
1oi9,P24941,RFSDQDHHBKYQOD
3s2p,P24941,VIUGBRHEHAGOFV
3igg,P24941,SVPUOZWGAJVQMQ
1oiy,P24941,RUUOIINPNMNPIU
3ig7,P24941,PUVVKKBHOWNLRX
1fvt,P24941,ODZNNZYRBRRREX
1pxm,P24941,JJDRRZFRTKZLFT
4lyn,P24941,FIZSPBCJAWUURL
1y91,P24941,MDIWBYRNTPTYQI
2w1h,P24941,FPKSFXFWECAIBR
5a14,P24941,PWDLXPJQFNVTNL
3qtz,P24941,CJQHODVHGDYGJK
2a0c,P24941,NDUVSANREQEDRE
1g5s,P24941,JTVILUUAQWQWBK
5d1j,P24941,OUSFTKFNBAZUKL
2vu3,P24941,OVPNQJVDAFNBDN
2wih,P24941,RXZMYLDMFYNEIM
2g9x,P24941,AMFGILNPFBVREA
5nev,P24941,FUGRWXRQJGJIER
2vtt,P24941,KOMNQBZWMCFDTQ
3dog,P24941,SQUNOCMDMIQIQK
3pj8,P24941,AOPRHEOJTUWSAR
1vyw,P24941,RIGZCVNCFXYBEG
5lmk,P24941,BNCZSQHEMDOHNQ
3le6,P24941,NKUOWCWVEBHJCR
1e9h,P24941,IHBOEHLUIBMBMY
1ogu,P24941,YBKLJTXDSBEVRV
1oir,P24941,VCPXSBULBDYRLT
1pf8,P24941,QNUKRWAIZMBVCU
2vts,P24941,FOESVLPZMGVWBM
2r64,P24941,ZXYIRNXOAJYLCU
2uzn,P24941,AKFVRSQELXTCFW
6guh,P24941,WJRRGYBTGDJBFX
6guc,P24941,QNUKRWAIZMBVCU
6gub,P24941,BIIVYFLTOXDAOV
3qxp,P24941,JXJHPQHLHQTQQI
2bts,P24941,LPQUJAANWFHCJV
2b54,P24941,OPRAIFVPXXVXDL
4gcj,P24941,JXJHPQHLHQTQQI
3qu0,P24941,ZDFKJVWFYGHALK
2vv9,P24941,PVTKDXZNSUHUMO
1p2a,P24941,CQCXWWWNUFQYJS
3rah,P24941,SVWJDTLRFATPCQ
3fz1,P24941,TXYKBKYDFZQOCB
4bcn,P24941,NYRVLHGVDPPWJS
2r3j,P24941,SMIZFGZXFDGISG
2r3m,P24941,HQPVGVSQPQVZLD
1fvv,P24941,MBXKBJLIESPLIK
2wev,P24941,DYTKVFHLKPDNRW
1ke7,P24941,FTQYGMLRLRXBPT
2iw9,P24941,OWXORKPNCHJYOF
2wpa,P24941,HUXYBQXJVXOMKX
2b52,P24941,KRKQVGZXTNLQSV
1aq1,P24941,HKSZLNNOFSGOKW
4erw,P24941,HKSZLNNOFSGOKW
2bkz,P24941,HGAKLLFPOGATII
6gva,P24941,PCQPAKMJSYGXRE
1h1s,P24941,OWXORKPNCHJYOF
2c6o,P24941,OWXORKPNCHJYOF
1ke6,P24941,GEWPSTLKJDIUHW
4bgh,P24941,MJIALGDLOLWBRQ
4bck,P24941,SGOFFNQMBSXTRU
6gue,P24941,WJRRGYBTGDJBFX
2ds1,P24941,KBLPHMRCKHFBJB
2fvd,P24941,JRNJNYBQQYBCLE
1urw,P24941,BBZUBCUIVIEBCP
2vtp,P24941,BDRDBXXWQDFXEC
1oit,P24941,NKORVPQBJCGYEC
1r78,P24941,RAKYKJWUUUKCCW
3ns9,P24941,KRIWIRSMQRQYJG
2bpm,P24941,JPAWNIKVRIVDBT
2wxv,P24941,MIDIIMBLQHSLFO
2w17,P24941,BACSZMCLZIDTIO
1pxo,P24941,DYTKVFHLKPDNRW
2w05,P24941,LDXLQEXLXZCYSR
2xmy,P24941,WQZVTNFUNLTGDW
6fer,Q16832,IJPAFYMYOCLEBL
6nfy,Q92918,WINHZLLDWRZWRT
6nfz,Q92918,WINHZLLDWRZWRT
6ng0,Q92918,WINHZLLDWRZWRT
6cqf,Q92918,JKPAJCPZQIJPPS
4aua,Q00534,WKGKIJSPPFRZEQ
5l2t,Q00534,RHXHGRAEPCAFML
4ez5,Q00534,VSHURSPEQITHNX
5l2s,Q00534,UZWDCWONPYILKI
5l2i,Q00534,AHJRHEGDXFFMBM
4a7c,P11309,OZAALIWIRMBCOR
4i6b,Q9NYY3,WQXIWGBBMQMEGH
4i5p,Q9NYY3,DBHNCRPFJNHKDP
4i5m,Q9NYY3,XQVVPGYIWAGRNI
4i6f,Q9NYY3,JMDRAMDTWLAOHD
4i6h,Q9NYY3,HGHXLCCYGNWFLX
5d7a,Q9UKE5,FYWRWBSYRGSWIQ
5ax9,Q9UKE5,JKDVQSBZXOTCNO
4h58,P15056,UKKAXPVDQSQDFB
3tv4,P15056,OJZKGEWGLIEDBZ
5fd2,P15056,DFMZBEXLPWVTSV
5ct7,P15056,YABJJWZLRMPFSI
4fc0,P15056,BSBQPLUISHJULY
4ehg,P15056,RFXIGXFNQUUTSZ
4mbj,P15056,CWDHWLRBSAIDBH
4ksq,P15056,IIKOGUBERFKZGT
6n0q,P15056,UUDBNZHNESYAMK
3ii5,P15056,AIWJVLQNYNCDSL
1uwh,P15056,MLDQJTXFUGDVEO
4pp7,P15056,WWMXFNLVPRQJSD
4dbn,P15056,MDPMAXSABUPRJI
4e4x,P15056,HCWAUGCXCGOSNN
3tv6,P15056,PFHJLTOLXWXCJH
4ehe,P15056,WWRQXSNKYPVJOU
3psd,P15056,INSHJFDTYUIUOG
3psb,P15056,CROUIRAPWZHAFI
3q96,P15056,NHVJQLRLGGPUJY
4g9c,P15056,BCTNUFBSYWOHHJ
3ppj,P15056,KPVWPPVVNSJMEZ
4ksp,P15056,OJFKUJDRGJSAQB
3idp,P15056,KKVYYGGCHJGEFJ
3skc,P15056,AQRCHNPFXKXZOD
3ppk,P15056,AHLQDZCJPCLDJM
3prf,P15056,XNYZWJDKGDUFBJ
6n0p,P15056,UEPXBTCUIIGYCY
4yht,P15056,LINMNMJCBXXKNC
6b8u,P15056,MRTHXFZEQBERDI
2fb8,P15056,MLSAQOINCGAULQ
3d4q,P15056,KWEFZSZCLBHIEQ
3os3,Q02750,NLXYHBBGDADWQY
4an9,Q02750,COACPTNNJAFVAN
4anb,Q02750,GLTAPZSWBNABCW
3wig,Q02750,LMMJFBMMJUMSJS
4an2,Q02750,BSMCAPRUBJMWDF
4an3,Q02750,SUDAHWBOROXANE
3orn,Q02750,FIMYFEGKMOCQKT
5u6b,P30530,VFRJEYJOQSRCNK
6r49,O14965,JXXKUMYBOLYKNF
5os3,O14965,LQISONQSSGPXMA
5os0,O14965,BIGOTGAMVFQWPQ
5os2,O14965,KXPYQPKQXZWYGM
5os4,O14965,SHLALXCFPAKZHG
5orv,O14965,SIFVTEYXNRZCMI
5ort,O14965,YDHHKMQOVBJACX
5orw,O14965,WKRDDFLIYSQAFI
5ose,O14965,SSCYIPXZAWJONZ
5osd,O14965,CSIJNNYNKHESOD
5os1,O14965,PKRZJVQWLOOWHD
5orz,O14965,CFHYAXQWEYGRTM
5os5,O14965,VWGKEVWFBOUAND
5ory,O14965,JUXBDWQXPZSIML
5orx,O14965,YNVFZWPRJYWBOP
5orr,O14965,URPRRYYGDXSCNR
3lau,O14965,VCIZMGNKKFEEHA
5obj,O14965,PCKQJQMHOYYDMQ
4uzh,O14965,ITULOGMVDYUWCK
4jaj,O14965,YLSBDRGLLZDAKB
5obr,O14965,NIKQCFUMVUWEJP
4zs0,O14965,YOEAQWYCBDUGQE
3ha6,O14965,FLCQZZIDGSESAD
6hjj,O14965,QTIJDEKGLBXUPB
2w1d,O14965,IYTGPPNUOLLGBE
4ztq,O14965,NNYRUSJDMFVRJF
4deb,O14965,WTPGNNPEEJSILJ
3k5u,O14965,UQHINZSKNAAVOZ
3uo4,O14965,RSUKUXYTJJCQKG
4byj,O14965,XDTMWNUVKUHOQV
4dea,O14965,PZRUXYWYONKHDD
5aad,O14965,IDYBEIZHMAGVLB
2xne,O14965,FXFAGYZXIGMEEG
3r21,O14965,SZKRTTIHILIRKD
4prj,O14965,LBYBJJIMARLHMV
2j4z,O14965,TYYNSDQVFIOSFH
2xng,O14965,BHSRVQWRAVCUOG
5one,O14965,KGXBCWANASZZQG
3uoj,O14965,MEKVNSMGVQRYJI
3uod,O14965,QFNWNXOHCUAEBM
4j8m,O14965,GBMIFBVLJSCVJT
5aag,O14965,MBQJFWXFLPQAID
3m11,O14965,SPKHBKVYERIGTO
2np8,O14965,RDTDWGQDFJPTPD
4jbp,O14965,WEVRAOPLGYJTLY
3up2,O14965,VKIURNGMKFWIQX
3uo5,O14965,BUKMSYYNNHEANR
4ded,O14965,DYZNHQCKJOEZRJ
5aaf,O14965,SAMGYEUAKOLWAS
5aae,O14965,FZRLFVHIDOFKIN
3fdn,O14965,NIZPETVEBKMXKW
3p9j,O14965,DSDIWWSXOOXFSI
2xru,O14965,BGKRQXRINOKEMF
4dhf,O14965,CXCXNZWXDOVZBA
2bmc,O14965,WUWKQGPEIAHGLN
4zts,O14965,WWPZBBQLQAEXGE
6hjk,O14965,UNZLHTLRBOOXGC
4jbo,O14965,GJFJLQXYFZSVOD
3r22,O14965,PARUULGUCQEWNM
3unz,O14965,DSRXYFSONVBAKS
4b0g,O14965,QWRJMSZUKHRINI
3uo6,O14965,BAZFHAGOCKJYHX
2x6e,O14965,GFLQCBTXTRCREJ
3uoh,O14965,NCXZWZMYZVWHNN
2j50,O14965,XKFTZKGMDDZMJI
2x6d,O14965,IZRXRZKKTJHSGV
2w1e,O14965,SOTHNRIRXPUQEZ
2w1c,O14965,AKIIIZOJWRPEPQ
4byi,O14965,KLKOJHYRAITDCX
2wtw,O14965,HHFBDROWDBDFBR
3up7,O14965,UIAQHDUGAOFVJM
3h0y,O14965,ZYURNHOEBWWJHI
2w1f,O14965,FPKSFXFWECAIBR
3e5a,O14965,GCIKSSRWRFVXBI
3qbn,O14965,JFFMERHILPGKFE
4ztr,O14965,ZJQWORQRPDYKRS
2x81,O14965,HHFBDROWDBDFBR
3h0z,O14965,GAAHSFKFIMENOG
3vap,O14965,PBHYAPKEUOBQSL
4uyn,O14965,POXQKNUAFHJFKI
4jai,O14965,XLSPYLMTRXPYKY
3coh,O14965,AOMMPEGZDRAGRC
3nrm,O14965,XWFNCZUACYBPGT
3efw,O14965,INFGJUQNPPGDNS
3uol,O14965,GADYBZMYJCZJLX
2w1g,O14965,LOLPPWBBNUVNQZ
2wtv,O14965,HHFBDROWDBDFBR
6c2t,O14965,GKVNGMCPNCGMBE
2c6e,O14965,WHHFZOIADLFZRX
3uok,O14965,BLFRZPJRKJLHGU
6c2r,O14965,YQQZZYYQTCPEAS
4uzd,O14965,YXMQIWJYPNBZJS
3myg,O14965,RHGZQGXELRMGES
5ew9,O14965,LCVIRAZGMYMNNT
5nka,P29317,AJRURWGSRUYOQL
5nk9,P29317,NVYXPDJGZNQIHE
5ia1,P29317,HHFBDROWDBDFBR
5nk7,P29317,RRUBGRARVNLPQT
5nk8,P29317,NBHNLUWASSBGER
5ia0,P29317,ZLHFILGSQDJULK
5nk2,P29317,RRUBGRARVNLPQT
5nk6,P29317,VWWJBXPDCCAIJW
6fng,P29317,MWKSRKSEWLRPBL
5ia4,P29317,CXQHYVUVSFXTMY
5ia3,P29317,VAARYSWULJUGST
5nk3,P29317,NFJBJEVYNAEEOP
5i9x,P29317,UBPYILGKFZZVDX
5nkd,P29317,VNOJDMNSDQAVOE
5nkh,P29317,IPDDCJRBTYYNRD
5ia5,P29317,UQRCJCNVNUFYDX
5nkg,P29317,AVCRYIXULVHLPG
5nkc,P29317,RQFQWAHQNYFCJN
5nki,P29317,JWVBEFCCTKVFPM
5ia2,P29317,JTWMOWRMSZZHDR
5njz,P29317,CCCAUTZOBQTZLJ
6fnf,P29317,ZCCPLJOKGAACRT
5i9z,P29317,XKFTZKGMDDZMJI
5i9y,P29317,ZBNZXTGUTAYRHI
5nk4,P29317,HZPGXKUXZFAZJJ
5nkb,P29317,FISCIEKUXURIRB
5mja,P54762,GVQPPCNXPVHIRJ
4q9s,Q05397,PNPBXXNNLJGHBP
4k8a,Q05397,XJGDASCALCDOQH
4kab,Q05397,KRAKREBEXWCQMF
4gu9,Q05397,MEYYGZBRFGDWPZ
4ebw,Q05397,LWMFYSSKMYKGNI
4ebv,Q05397,ISXAVIPPPMJTPN
4kao,Q05397,JMQOIKOCLOMDPW
4i4f,Q05397,AVFJKWOKOZKXRX
4i4e,Q05397,FADYFQASOSLUAS
2etm,Q05397,YENZSPIOXMNEFF
4k9y,Q05397,INQBVHWEOAKYED
4gu6,Q05397,IFWXGGDEGREJOB
6i8z,Q05397,QUSSZSMDFABHLI
3bz3,Q05397,MZDKLVOWGIOKTN
5av0,P53355,DDKGKOOLFLYZDL
5auz,P53355,TZBJGXHYKVUXJN
5auv,P53355,KZNIFHPLKGYRTM
5auu,P53355,IQPNAANSBPBGFQ
5aux,P53355,IYRMWMYZSQPJKC
5auw,P53355,REFJWTPEDVJJIY
5aut,P53355,FWEOQOXTVHGIFQ
5auy,P53355,YXOLAZRVSSWPPT
4txc,P53355,ASDVVHQAXNTHHM
4tpt,P53671,LJBXWGVECYNLLM
2vwv,P54760,ZVWFECUPYCFYBL
2vwz,P54760,KQGTYXRWSIBDOZ
4aw5,P54760,LETIJBVXDGOQFG
2vx0,P54760,PNEWIQAEGKQNCE
2vwu,P54760,QHIMVPIOWKYPSO
2vww,P54760,HMKLUOPMOJOUDZ
2vx1,P54760,ZVQZIVCQLFGXFZ
4bb4,P54760,NXVFABZXYFFUBF
6fnj,P54760,MWKSRKSEWLRPBL
2vwy,P54760,QTFCKBFCXDAZIU
2x9f,P54760,FIWCLCRWDUELGO
2vwx,P54760,TZHCXOMEOHEZDX
6fni,P54760,ZCCPLJOKGAACRT
2xvd,P54760,AAXNCGQOXAXDOW
4gfo,P29597,HKIJJBMBTHKEPC
3nyx,P29597,KWDHWMGDHBBJIA
5f20,P29597,VVMMTCDXQMWVBF
5f1z,P29597,MUDVASGRHKWSTJ
6gu4,P06493,UTBSBSOBZHXMHI
6gu3,P06493,WJRRGYBTGDJBFX
6gu6,P06493,PIMQWRZWLQKKBJ
6gu2,P06493,BIIVYFLTOXDAOV
6gu7,P06493,WJRRGYBTGDJBFX
5lqf,P06493,OWXORKPNCHJYOF
5oxg,Q04771,BBDGBGOVJPEFBT
6gi6,Q04771,UUGUFBFLQOTDIV
6gip,Q04771,CNEUJSQUCXSRDD
6gin,Q04771,MTDJGYWCNQTZLJ
4bgg,Q04771,WFZZPLAPENBNIY
4zlo,Q13153,PYSIAKZWZJNMNM
4o0t,Q13153,RZXMIHOUHYSGJO
4zji,Q13153,NQBRFDSRSGHBBK
5kbr,Q13153,AJHFOGJCDKOZKC
5kbq,Q13153,IVWHSTCJCURGMH
4p90,Q13153,RHZPBNHUNKAZOC
6b16,Q13153,GUERACYCGKAFOU
4zy5,Q13153,TUBDCTXNBUJRCI
5dfp,Q13153,RYCBSFIKWACFBY
4zy4,Q13153,DNTNKJATBLJMII
4zjj,Q13153,NIVBGOGCJSMNMG
4eqc,Q13153,DHUJCQOUWQMVCG
4zy6,Q13153,DYLHVDVCWIEYSA
5ime,Q13153,VTJYENUZSYEIJD
5dey,Q13153,ZBCMHWUFWQFPLV
5vo2,Q12852,TWYUPZIQFNEHLH
5cep,Q12852,VBUUATKGJOATLP
5ceq,Q12852,GMTAOJMPNXLKJI
5vo1,Q12852,POFXJLUVZXIDTP
5ceo,Q12852,RHFIAUKMKYHHFA
3kga,P49137,ZTKOUSVWVUFWQC
3m2w,P49137,XZZOJFOFCDHYRX
4at5,Q16620,MYQAUKPBNJWPIE
4at4,Q16620,PTVPBWWDGZSEAF
4at3,Q16620,BLCWVDAFBKECPI
5vt1,Q96RR4,DHBUOVPLOHMOJE
2zv2,Q96RR4,MYKOWOGZBMOVBJ
2hz4,P00519,KIZWKTROWIIMNN
2f4j,P00519,GCIKSSRWRFVXBI
6npe,P00519,UVZNRMKUEHJMJX
6npu,P00519,CQPBYZABXGBFMI
2hz0,P00519,SHSORWZDEKFFLP
2hyy,P00519,KTUFNOKKBVMGRW
6npv,P00519,XHACMMNMQIKLAQ
2hzi,P00519,SLCFEJAMCRLYRG
3qrk,P00519,CMUVVEBHULJOFP
5hu9,P00519,CBLZTDLZCXMNCE
2e2b,P00519,ZGBAJMQHJDFTQJ
2hiw,P00519,SQOIIWIQKKMCCG
2v7a,P00519,XKFTZKGMDDZMJI
3qrj,P00519,WVXNSAVVKYZVOE
4wa9,P00519,RITAVMQDGBJQJZ
3ue4,P00519,UBPYILGKFZZVDX
3qri,P00519,WVXNSAVVKYZVOE
4twp,P00519,RITAVMQDGBJQJZ
5ops,O14757,NSJGIUMXLVXGPU
5opr,O14757,CFVWLNQPGCBNKV
5oq8,O14757,QGEBKIOJSNPDFE
5oq7,O14757,QGEBKIOJSNPDFE
5op2,O14757,QGEBKIOJSNPDFE
5op5,O14757,BHTWDJBVZQBRKP
5op4,O14757,XCFLWTZSJYBCPF
5opu,O14757,KWTGXMXCSXFSJX
5opv,O14757,IQBHNQCIUDQGPV
5oot,O14757,IWMCPJZTADUIFX
5oq6,O14757,IWMCPJZTADUIFX
5opb,O14757,ATUUNJCZCOMUKD
5oq5,O14757,IWMCPJZTADUIFX
3o0g,Q00535,YQRVBHMYUSGXHL
4au8,Q00535,GKGZVFYMXSXLJJ
1unl,Q00535,BTIHMVBBUGXLCJ
1ung,Q00535,PRIGRJPRGZCFAS
1unh,Q00535,HBDSHCUSXQATPO
3fzs,Q14289,MVCOAUNKQVWQHZ
4h1j,Q14289,LATBWIWKSPOPNK
3fzt,Q14289,OGYYVRWSDKOCHJ
3h3c,Q14289,CAUFYHKGKDJMQG
4h1m,Q14289,WGABQSVUYBMTBW
3et7,Q14289,TWFBJYGVNVQOCW
3fzr,Q14289,POJZIZBONPAWIV
5to8,Q14289,FOLRUTAUDNCQAE
5tob,Q14289,MZDKLVOWGIOKTN
3gvu,P42684,KTUFNOKKBVMGRW
2xyn,P42684,GCIKSSRWRFVXBI
4af3,Q96GD4,GCIKSSRWRFVXBI
5jsm,P15056,VESCTIQVMMXAQY
4xv9,P15056,ZCHAHQLCHCQDFD
5jrq,P15056,WEEVBQHRUFJEAI
3c4c,P15056,YZDJQTHVDDOVHR
5jt2,P15056,XUDXUMMIEQQIQT
4r5y,P15056,NGFFVZQXSRKHBM
4xv3,P15056,YBUJMZKTOUBMGW
6nsq,P15056,AZFFXPMHTGBCGM
5csx,P15056,AEJACXAFHXBVHF
4xv2,P15056,BFSMGDJOXZAERB
4xv1,P15056,DKNZQPXIIHLUHU
5csw,P15056,BFSMGDJOXZAERB
3pj2,Q06187,PAJOHXKWGHBVDS
6di0,Q06187,DGZXVZSOZVPFDW
3pj3,Q06187,ZNIFXENZPBLKBE
3piz,Q06187,KOCQZKPUMDARNV
4zly,Q06187,FCYPWSQPDXUBPV
4ot6,Q06187,LFFYDKBUCGOOED
3piy,Q06187,NHHQJBCNYHBUSI
6di1,Q06187,RFNYKYSEMVFRHS
6ep9,Q06187,VDSHGYXLLSEPML
4rfy,Q06187,SJBGHIGDLWCJIO
3pix,Q06187,VLOGKAVNBJBYON
4zlz,Q06187,YHEHDRMGAHEUOQ
6nfi,Q06187,YLMQFWXDIVNPGV
6nfh,Q06187,FIEBLYFIDPTHGZ
4rg0,Q06187,AGMLIXLHTZGRPZ
4rfz,Q06187,PCVMXQPADBQRFE
5bq0,Q06187,YICBVOVZLQDBBM
6s90,Q06187,IGVLLOMIUXKXBM
4nwm,Q06187,IGXJXMLDIIGDNE
5kup,Q06187,QTEIEFCDHKXATA
4otf,Q06187,CDOOFZZILLRUQH
3oct,Q06187,ZBNZXTGUTAYRHI
4z3v,Q06187,PTHVKCSYXICMAR
5jrs,Q06187,WYDRUGJOWSJDHU
4rx5,Q06187,MZSDTUIZKGUVHK
6omu,Q06187,QUIWHXQETADMGN
5vgo,Q06187,QAESSIFTPVEYRY
6hrp,Q06187,GLLQSOROVXWYRC
6hrt,Q06187,ACFBKRAWAGNCMP
6nzm,Q06187,ZJSNZHATZAWKIQ
3k54,Q06187,ZBNZXTGUTAYRHI
6e4f,Q06187,JSFCZQSJQXFJDS
3gen,Q06187,FMETVQKSDIOGPX
5zz4,Q06187,BRQYZNVVGDQNTM
5u9d,Q06187,WHELPQVBBOUXAO
5t18,Q06187,ZRYMMWAJAFUANM
5fbo,Q06187,JUSWPUDQOKINJO
5fbn,Q06187,AHBFBRPGNOVEBK
1x8b,P30291,IAUZTOZLTFSMIE
5vd2,P30291,RYYNGWLOYLRZLK
5vc3,P30291,UBPYILGKFZZVDX
3biz,P30291,ZWRDUCSPTGMSHB
5vc4,P30291,YCLIWTLPTXAGPQ
2io6,P30291,AOGOZJCRIFBTTN
2in6,P30291,JDARUOOLJCFUOY
3bi6,P30291,LFRLUVCEFWYSFT
5vc6,P30291,RXZMYLDMFYNEIM
5v5y,P30291,BKWJAKQVGHWELA
5vc5,P30291,IFPPYSWJNWHOLQ
2zm1,P06239,NNBICZMPIJMWGC
2of2,P06239,QUIQCYFSBGOBKE
2of4,P06239,PTILEOLOGGMFCS
2pl0,P06239,KTUFNOKKBVMGRW
6pdj,P06239,LXWXQRLCBZDGSZ
3kxz,P06239,WZEJOLDIQBJKQR
3mpm,P06239,KIMZUJNGIVVWNZ
2zyb,P06239,KKYYLKPGILUPOA
1qpe,P06239,PBBRWFOVCUAONR
3byo,P06239,BHJJWVDKNXABFS
3bym,P06239,OYDJAYPDIUTXRU
2ofu,P06239,VSJXTUFWPAOYLC
3byu,P06239,YNJXLRWECIJSPA
3b2w,P06239,RZSXAGWVTKQZAS
3bys,P06239,JZLAJYOZJKREKH
2og8,P06239,YGLITMMDQOZAHY
3kmm,P06239,LQYPBKQMDVWUGO
2ofv,P06239,YEIASMOUYNOXGA
5ut6,O60674,NMBKNACBCUDEER
5ut4,O60674,IBPVXAOOVUAOKJ
5ut0,O60674,LOLPPWBBNUVNQZ
4fvq,O60674,ZKHQWZAMYRWXGA
4fvr,O60674,ZKHQWZAMYRWXGA
5wik,O60674,DTEKTGDVSARYDS
5wij,O60674,XHEQSRJCJTWWAH
5usz,O60674,KDKUVYLMPJIGKA
5win,O60674,KDKUVYLMPJIGKA
1u59,P43403,HKSZLNNOFSGOKW
4wno,O75385,CWKAMSLBSGZMJZ
5ci7,O75385,ZYLHCSSOEGIFAO
6qas,O75385,RYYNGWLOYLRZLK
4wnp,O75385,DLCOOKRUECVLCI
6bik,Q06187,SXPUZMXHGHCZEG
6bkw,Q06187,CAJCMVSBNVIKHV
6bke,Q06187,MFRXRCVCUQSDMP
6bln,Q06187,ABEMEXKJBCGDPX
6bkh,Q06187,OVVJBKJSJVGGOF
3a4o,P07948,HKSZLNNOFSGOKW
4m0z,Q08881,RPIDLPZPJARENN
3qgw,Q08881,KASWEFFYPLWMCM
4m12,Q08881,JGGFBQCPFJAHOH
4kio,Q08881,LZANMDGKZJPQIB
4m0y,Q08881,CJQCPTLUHOGRQY
4m13,Q08881,HDLCJAZFKRTKGX
4m14,Q08881,GYKHVLWAQGEZTM
4hct,Q08881,RMAUIYTVKFMOGP
4pp9,Q08881,QOSKBOUKENYWAA
3miy,Q08881,WINHZLLDWRZWRT
3qgy,Q08881,MKSQDWBNZVGINB
3mj2,Q08881,ZHXNIYGJAOPMSO
3mj1,Q08881,IYIPJBAPGVUHNG
3v5j,Q08881,PVCKRSKEOOWVMP
1sm2,Q08881,HKSZLNNOFSGOKW
3v8w,Q08881,YBKODNZGBUDZRA
4mf0,Q08881,PGABPPHMLFSKKA
3v5l,Q08881,LXMWGYNOGUKODT
4qd6,Q08881,YIGXUZJWVOKKIO
4ppc,Q08881,NCXHAHGMYXETMO
4ppa,Q08881,LBYBJJIMARLHMV
4pqn,Q08881,XFYUTGIEFKGWND
4mf1,Q08881,WIUYFJQWJMBTCE
3v8t,Q08881,CQZZZUNOWZUNNG
4ppb,Q08881,NCXHAHGMYXETMO
4rfm,Q08881,JNRFIKALOWSUBG
2dq7,P06241,HKSZLNNOFSGOKW
5a6n,O43293,BIOBAIFFWOWFPU
5vja,O43293,NASYEGAVCTZSDO
5jzn,O15075,QQWUGDVOUVUTOY
6qat,Q8IYT8,GLDSKRNGVVYJAB
6qau,Q8IYT8,UKBGBACORPRCGG
6qav,Q8IYT8,KKISLZKMBSCLSS
2xnn,P51955,SQYKBXHMNBHADB
5m51,P51955,XAOVCENYRWWHPR
2xk4,P51955,MVWFAKKKMGICFP
5m57,P51955,OWXORKPNCHJYOF
2xke,P51955,DXJSLXVHZRWEMR
2xkc,P51955,AOAAZBKGFGSOFM
2xk8,P51955,QYMUPWSODGEMOO
2xkd,P51955,JOVBKEMPKRSFDQ
2xk3,P51955,QTTNDIPJKXHHFL
2xk6,P51955,UESQMXBXMMVHBA
2xk7,P51955,MQOJTCBESRAKQA
2xno,P51955,FNHUNERGHGEZMB
2xkf,P51955,FFHSQDAETWTILU
5m53,P51955,HZNQONMMEIJNNU
2xnp,P51955,FASALJZFFLCNKM
5m55,P51955,SHKLUCMYFCYADL
2xnm,P51955,SWIVJTVGOIXUKC
4afe,P51955,LLEOOSLUHRQCHZ
4a4x,P51955,DNZGEPPZYMAFLN
4yur,O00444,HHJSKDRCUMVWKF
3eqr,Q07912,RDCUCMDUDZPOOV
4ewh,Q07912,RHDMCDPPAAUUMD
3dtc,P80192,FGKKIHITEICGMN
5da3,Q13882,WMGUFRGUWSBJIK
6cz4,Q13882,XJIIVPVOGYFVME
6cz3,Q13882,FVUJKLFPRPTFJK
5h2u,Q13882,ZBNZXTGUTAYRHI
4z07,Q13976,ZOOGRGPOEVQQDX
4hco,P53350,KEQHJBNSCLWCAE
4h71,P53350,LFDOSYRMCCGDBT
4rcp,P53350,RLKOZTUQTILVBD
4lkl,P53350,HJFZOODWUBCJQN
3fvh,P53350,QDTAEBSFQNCYCT
3hik,P53350,IYLBMSHZRRWSRM
4whl,P53350,UQJJCGDAGHSCPK
4e67,P53350,HRXYPSYWHYHRGP
4o9w,P53350,DLIFQBZRMLUDCQ
4whh,P53350,IZFPBVDUEIHWRA
3rq7,P53350,ZDQJNYLFGPXANH
4dfw,P53350,KMZRRDOYGGTDJO
1b55,Q06187,CIPFCGZLFXVXBG
1w1d,O15530,CIPFCGZLFXVXBG
1bhf,P06239,VGUWABWDFSPZNX
1ijr,P06239,FXUGQWABROMTDA
1lkl,P06239,DOWDXBLZQNMPLQ
1lcj,P06239,DLNQPUNIZRZGQD
5j18,P15056,OWBFCJROIKNMGD
2oi3,P08631,LMGWDYUABULKQA
1bbz,P00519,VKNWQCPVVKLDID
