uniprot_id,n_pdbbind_complexes
P00918,428
------,354
P56817,344
P24941,255
O60885,202
P00760,194
P00734,181
P07900,172
Q16539,150
Q9H2K2,115
P03366,112
P00489,100
P23639,98
P00742,98
P34913,95
O14965,95
P18031,93
O14757,90
P11309,89
P00749,88
P03367,83
P00533,82
P27487,75
Q9Y233,72
Q00987,71
P03372,69
P00811,67
P19491,66
O60674,66
P00797,66
P37231,65
P61964,64
P02766,64
P48736,63
P51449,63
P68400,62
P08581,57
P04585,55
P28482,55
Q04609,55
Q08499,55
P00517,54
P26663,54
Q06187,52
P43405,50
P39900,50
P33981,49
P03951,49
P14324,49
P61823,48
P15056,46
Q96RI1,46
P49841,45
Q6XEC0,45
P53779,45
P22629,44
P08709,44
O15530,43
P03369,43
P04058,43
Q92793,42
P00523,41
P31947,41
Q07820,41
P17931,40
Q8WSF8,40
P45452,40
O75164,39
C3W5S0,39
P28720,38
P21836,38
P12931,38
P04587,37
P09960,37
P43235,36
P53350,36
P98170,36
P11838,36
P52732,36
Q15370,36
P12497,34
Q9UM73,34
O92972,34
P00800,34
P55201,33
O00408,33
P52333,33
Q9NWZ3,33
P04637,32
P29375,32
P01834,32
P01892,32
Q24451,32
P10275,31
P13053,31
P0A5R0,31
O96935,31
O60341,31
P29317,30
Q38C91,30
O96017,30
Q76353,30
P36639,30
P06202,29
Q08881,29
P43490,29
P35968,29
Q07343,29
P09874,29
P22734,29
O75530,28
P25440,28
Q13526,27
P14174,27
Q9K2N0,27
P58154,27
O67854,27
P28523,26
P52293,26
P23458,26
P11086,26
P42574,26
O76074,26
O00255,25
P08254,25
P09955,25
P19793,25
Q9UIF8,25
Q08638,25
P00720,25
P11362,25
Q13627,24
P41182,24
P02829,24
P06276,24
P53582,24
O38732,23
P12821,23
P06239,23
A8DG50,23
P03368,23
P00746,23
Q13093,23
P01116,22
Q89ZI2,22
P07711,22
O95271,22
P01903,22
A5H660,22
Q02750,21
P0A988,21
P26281,21
O35904,21
Q07817,21
Q04631,21
Q6PL18,21
P49336,21
P42336,21
Q5RZ08,20
P05089,20
Q13451,20
P0A6I6,20
P15090,20
P50579,20
P0AE18,20
P17612,20
P0A4Z6,20
A7YT55,20
P48730,20
P00519,20
Q9HD26,20
O15151,20
A4TVL0,20
Q83883,19
Q13153,19
P31749,19
P36897,19
P01901,19
P15917,19
P29597,19
B1MDI3,19
P0C6U8,19
Q9L5C8,19
Q14680,19
P51955,19
P01112,19
P00772,19
P08235,19
Q9H8M2,19
Q8TEK3,19
O60760,18
P25321,18
P00491,18
P60472,18
P02879,18
Q99683,18
P00915,18
P04629,18
Q13464,18
P29274,18
A5K8L9,18
O43318,18
P78536,18
Q3UDT3,18
P62937,18
P22756,17
Q93009,17
C7C422,17
Q92731,17
Q05097,17
P97612,17
P0A6Y8,17
P25774,17
Q9F663,17
Q05397,17
P08069,17
P11172,17
Q8ULI9,17
P22455,17
Q9BJF5,16
A5U3K4,16
O74036,16
P55055,16
O54438,16
P27694,16
O43570,16
P27707,16
P24182,16
P49773,16
P22894,16
P02911,16
Q460N5,16
Q06124,16
P10415,16
P62508,16
P22102,15
P63104,15
P00469,15
A9JQL9,15
O43353,15
P30405,15
Q9BY41,15
Q8N884,15
P54760,15
P00492,15
P00778,15
P00929,15
O43924,15
P66992,15
Q08602,15
P02754,15
P08191,15
P11142,15
P03472,15
P35439,15
Q9C0B1,14
Q16875,14
Q9UIF9,14
Q90K99,14
P09467,14
Q86WV6,14
Q9Y6E0,14
Q9AMP1,14
Q9GZT9,14
P49137,14
O94925,14
P09958,14
Q8A3I4,14
P35790,14
P06730,14
A5K1A2,14
P02638,14
Q9BZ95,13
O26232,13
P00722,13
Q92831,13
P04035,13
Q5G940,13
P09211,13
P00520,13
O43175,13
Q8WTS6,13
Q5SLD7,13
P00436,13
P02768,13
G7CNL4,13
Q00955,13
P00730,13
Q96PN6,13
P45983,13
P25098,13
Q6DHI5,13
O76083,13
P0AD64,13
P33247,13
P62993,13
P62942,13
Q14397,13
Q96T88,13
Q08345,13
Q12051,13
P47811,12
P42264,12
P56658,12
P11609,12
P38398,12
P08246,12
P81947,12
P14735,12
Q9QYJ6,12
Q9HYN5,12
P04818,12
A2IC68,12
P00766,12
Q10714,12
A5HZZ9,12
O96013,12
P23687,12
P50750,11
O76290,11
P10828,11
Q9NRG4,11
P56273,11
P04746,11
O14684,11
Q9NWT6,11
O15294,11
Q9GK12,11
O15164,11
P14780,11
P41148,11
P63316,11
P04789,11
P20701,11
Q8IKG4,11
P23946,11
Q9Y5P4,11
Q13546,11
Q873X9,11
P30291,11
A9XG43,11
Q9H9B1,11
Q99497,11
Q92876,11
P47205,11
P04191,11
Q9UGL1,11
Q8RLA6,11
Q14289,11
P46925,11
P55210,11
P52700,11
Q9Z2X8,11
P55072,10
Q8TF76,10
P05413,10
P53355,10
Q16658,10
P0AEX9,10
P00798,10
Q9NP87,10
P00747,10
B1UXN2,10
P9WMC0,10
P0A7Z4,10
P31016,10
Q05320,10
P0AEY0,10
Q9UJY5,10
Q15119,10
P53634,10
Q8N1Q1,10
Q9PTN2,10
P04642,10
P08631,10
P11797,10
P02701,10
Q9UBN7,10
P0A6D3,10
P04584,10
Q8IXJ6,10
P96222,10
Q9Y6F1,10
P0C6F2,10
P25779,10
Q12866,10
P07333,10
P80188,10
P63086,10
Q6DLV0,10
O14733,10
Q00944,9
O14786,9
Q9I194,9
P78417,9
P22216,9
O43451,9
P14900,9
Q9Y5Y6,9
P62158,9
Q9WYE2,9
O15392,9
P78540,9
P00323,9
P04190,9
P0AEG4,9
I6YFP0,9
P16442,9
P35120,9
P9WMC1,9
P69834,9
Q9WUL6,9
O00329,9
Q13490,9
P17707,9
P07379,9
P12004,9
P59071,9
Q8WUM4,9
P06401,9
P49759,9
Q8Y8D7,9
P9WPQ5,9
P39045,9
O14744,9
P04150,9
C8B467,9
P55212,9
P0AC14,9
P01837,9
Q96KQ7,9
Q9NUW8,9
O95819,9
Q8WQX9,9
Q9Y657,9
P0ABE7,9
Q01693,9
P29373,9
P14618,9
P39086,9
Q6DRA1,9
P95468,9
Q48255,9
P41811,9
Q05127,9
A2NHM3,9
Q99AU2,9
Q9WMX2,9
P54645,9
P59641,9
Q14145,8
P56524,8
Q81R22,8
Q86C09,8
D6D1V7,8
P0A0K8,8
Q99640,8
P52699,8
Q9NZJ5,8
Q9GJ77,8
Q9HBH9,8
P05880,8
P0A786,8
P32890,8
P02924,8
P24735,8
P07550,8
P04062,8
P00509,8
Q64823,8
Q9KPL5,8
P16088,8
P10721,8
Q03555,8
Q9UHD2,8
P42568,8
Q8Q3H0,8
P01011,8
P00374,8
Q14451,8
Q13164,8
P28907,8
P51812,8
P02791,8
Q16790,8
P22748,8
P42260,8
Q8E378,8
P50120,8
I6Y8T4,8
Q07010,8
P37268,8
Q0P6M7,8
P43813,8
Q8NEB9,8
P22303,8
Q13231,8
Q4DA73,8
Q8IL11,8
Q86U86,8
P0A5J2,8
Q70I53,8
O43791,8
P0A884,8
P55859,8
Q03111,8
P62593,8
P07824,8
P00740,7
Q6T755,7
Q1RBS0,7
Q581W1,7
P02928,7
P07949,7
P36544,7
A5K4U6,7
Q03181,7
C5MK56,7
P56740,7
P50053,7
Q02RL6,7
Q6GJI9,7
D0PY27,7
P14555,7
Q8WWQ0,7
P25054,7
P23470,7
P56221,7
Q8NFU5,7
Q00972,7
Q9R1E6,7
Q5SLE7,7
D9J2T9,7
P15379,7
O75460,7
P81245,7
Q9ZMY2,7
Q2XVP4,7
P04825,7
P01857,7
P0AES7,7
K7N5M3,7
P02743,7
P11444,7
P26662,7
O75936,7
P12493,7
P08238,7
P04278,7
Q00960,7
P14210,7
P54818,7
Q8AAK6,7
F1QCV2,7
Q96CA5,7
B3PEE6,7
Q06135,7
P06875,7
P43889,7
P05067,7
P23443,7
D9IEF7,7
Q92630,6
Q6P6C2,6
Q9H7B4,6
P00763,6
P0AA25,6
P93836,6
Q4DA54,6
Q43088,6
P0DOX7,6
P29466,6
O59010,6
P10845,6
P17752,6
P49610,6
Q91RS4,6
Q8II92,6
Q9ELS8,6
P09391,6
P11021,6
P0A0N3,6
Q7D785,6
Q8IVV7,6
P05164,6
Q86X55,6
P30803,6
Q9RZM4,6
P21146,6
A5U4N0,6
Q07869,6
P00338,6
P12499,6
Q6DE08,6
Q9NTG7,6
Q48935,6
Q14790,6
P31335,6
P00669,6
Q5M4H8,6
Q0TR53,6
P9WNP1,6
P00698,6
Q25252,6
P68440,6
Q06GJ0,6
P18670,6
P52045,6
Q9PTT3,6
Q9WVG6,6
P26446,6
P08473,6
Q8NBP7,6
P35963,6
Q8VDS3,6
P10844,6
Q8I0P1,6
O94760,6
P06213,6
O85465,6
P06493,6
P19812,6
Q13822,6
P03452,6
P06737,6
C3P9L8,6
P22411,6
Q000H7,6
A8EVM5,6
P07267,6
P48632,6
Q7SSI0,6
P50135,6
P43254,6
Q9FD73,6
P14769,6
P00651,6
P18654,6
Q9FUZ2,6
Q99W87,6
E9P5T5,6
Q9BZP6,6
D0VX21,6
W7JP72,6
P07435,6
Q9BV86,6
P21675,6
Q0A480,6
P35247,6
Q9NQR1,6
P66034,6
Q7CRA4,6
P10153,6
P00524,6
Q9WYW0,6
Q9UPN6,6
P41594,6
Q8WZA1,6
P62617,6
P12694,6
P33316,6
Q92769,6
P30685,6
P05132,6
K4NGD4,6
A5U4D5,6
F0TRT1,6
Q5EP34,5
P13747,5
Q00535,5
P00953,5
Q13126,5
P01868,5
Q26710,5
P14350,5
Q12852,5
B0SWV2,5
P07986,5
D0ZP76,5
P26514,5
P06280,5
Q00534,5
O00481,5
Q9NYY3,5
Q7NDN8,5
P02866,5
G3XCK4,5
Q47030,5
Q04771,5
O43314,5
Q02763,5
O00625,5
P0A953,5
Q6TUJ5,5
U6NCW5,5
P41595,5
Q9UNA0,5
Q38CA1,5
Q9K169,5
P05543,5
P0AES6,5
P24247,5
O88703,5
P14489,5
P00735,5
P0DMV8,5
O75874,5
Q01064,5
Q95WL3,5
O53623,5
P08172,5
A0A0R4,5
P01897,5
P05050,5
Q9H7Z6,5
P0C6X7,5
P19492,5
Q15047,5
Q8I6V3,5
P03474,5
Q9NPB1,5
Q52L64,5
P42790,5
P49354,5
Q939R9,5
B2ZB02,5
Q6WVP6,5
P13051,5
P16404,5
O67648,5
B9A5C1,5
P43166,5
Q0ED31,5
Q9BYW2,5
P0A5J4,5
P08337,5
Q24117,5
P31939,5
Q12888,5
O60502,5
Q13009,5
P42575,5
P05091,5
P01375,5
Q96ES7,5
P07445,5
P10340,5
P22887,5
K4KA16,5
Q6WY08,5
Q07889,5
P04117,5
P29354,5
Q72498,5
P62826,5
Q54276,5
P21784,5
Q64610,5
P00352,5
D0VX11,5
Q14160,5
P60045,5
P32324,5
D1AWE0,5
Q9XEI3,5
P0A6K3,5
O15496,5
P31800,5
P61073,5
Q9HV14,5
P27915,5
Q9NZK7,5
P03420,5
Q7D2F4,5
Q9H9E1,5
P46937,5
Q09028,5
P31645,5
Q16531,5
Q12959,5
O35820,5
Q57193,5
P63165,5
B5II98,5
Q9NZQ7,5
Q99523,5
P09455,5
P09237,5
Q8I4W8,5
Q9UZ14,5
O70370,4
P01556,4
P31751,4
P01899,4
Q8T6J6,4
P14740,4
P00727,4
A8HWY8,4
Q15554,4
Q93LQ9,4
R4RZI6,4
Q7SID2,4
R4JGE3,4
Q8PWY1,4
O15460,4
P30044,4
D6R8X8,4
B0VD92,4
Q0P8Q4,4
P53617,4
C1CH75,4
Q9NY33,4
P29074,4
Q8NVG0,4
O75385,4
P00636,4
A7Y7W1,4
P22498,4
P46598,4
P97287,4
Q9W1M7,4
P0A590,4
Q13133,4
Q54727,4
O33877,4
Q9GPQ4,4
P42262,4
P45568,4
Q9UM07,4
Q9X1X0,4
P15207,4
P08661,4
P0A8M3,4
Q9H4M9,4
Q72497,4
Q9NZ52,4
P25910,4
G6TGY9,4
Q9L1K2,4
P97571,4
Q16288,4
S8G8I1,4
Q86W56,4
Q9XI47,4
P08559,4
O00214,4
P49761,4
Q965D7,4
P07339,4
P09382,4
P00883,4
P28327,4
P19784,4
Q01469,4
P01801,4
O66465,4
O32253,4
Q28175,4
P13631,4
P20906,4
P68135,4
P20231,4
Q9UGN5,4
P13482,4
P49760,4
P05230,4
A6XFF7,4
O04379,4
P35189,4
P13513,4
P46100,4
O15264,4
Q99816,4
Q72547,4
Q6P4R6,4
P05121,4
Q96GG9,4
Q99814,4
P29736,4
P48039,4
Q99685,4
P55899,4
Q09472,4
P50097,4
Q13882,4
Q17U16,4
P43912,4
K7N5N3,4
P03958,4
P05804,4
P22681,4
Q04759,4
Q9AYY6,4
Q91977,4
Q9I4L4,4
Q13946,4
P03354,4
Q7CX36,4
P07173,4
Q9E7M1,4
Q6R308,4
A1L4K2,4
Q9Y5Z0,4
D3DSX2,4
Q10471,4
Q14416,4
Q8I5R7,4
Q43965,4
P25103,4
Q8N6T7,4
Q396C9,4
Q6P179,4
Q02P97,4
P08514,4
P0A6R0,4
Q5HSJ4,4
P48825,4
F2GKC3,4
B6CAM1,4
F2RCL8,4
O05891,4
P02753,4
Q839Z1,4
P07617,4
O75469,4
O75173,4
B8XX90,4
Q7B8V4,4
P44542,4
Q53EZ4,4
Q8WUI4,4
O89100,4
Q9I0A4,4
P76141,4
C1JZ07,4
P62136,4
P16932,4
Q46822,4
P05205,4
Q9HU22,4
O68183,4
P65249,4
P60615,4
C3W5S3,4
Q8NEM0,4
A4GK78,4
P30967,4
P15273,4
P0A7D4,4
Q8N5Z0,4
P14207,4
Q96C86,4
Q8DNV6,4
Q5NBT9,4
I7G2R2,4
Q8DP79,4
O53512,4
P00525,4
P36873,4
B8LFD6,4
Q9NR97,4
Q9R4E4,4
Q8K4V4,4
P29029,4
A6QHR2,4
Q57ZL6,4
Q8IUQ4,4
Q5HGZ3,4
P33038,4
Q14149,4
P03433,4
P50053-2KETOHEXOKINASE,4
A0A0J9,4
Q92547,4
P61157,4
O32243,4
Q96EP0,4
C1KIK8,4
Q9Y6M4,4
P23007,4
Q16769,4
Q92918,4
P40136,4
P08799,4
B8ZYW1,3
B1IS70,3
O60880,3
P13569,3
Q8BHN3,3
P0A722,3
P93343,3
Q98GN8,3
G0S8H7,3
Q5A9A4,3
Q05543,3
Q01043,3
Q9BZX2,3
E0PTS8,3
Q8MNY2,3
Q834R3,3
Q8CGF7,3
O75643,3
Q6XZF7,3
P05981,3
A5K8X6,3
A2RI36,3
P03072,3
P11978,3
P77173,3
A2RJ53,3
P41743,3
Q13185,3
P09989,3
Q936X6,3
Q9Z4P9,3
P52789,3
O32080,3
Q9X1X7,3
P54829,3
P11473,3
P60568,3
Q9Y2U9,3
P34914,3
P08659,3
Q4KMI8,3
P12271,3
P84887,3
P05024,3
P00959,3
G3XD46,3
P22515,3
P03211,3
P23616,3
Q51504,3
P10121,3
P56373,3
Q96RR4,3
Q9JLU4,3
Q92905,3
P0A080,3
Q9STC1,3
P06999,3
P16753,3
P29724,3
O15540,3
P27986,3
Q9R0G6,3
B6HWK0,3
P54646,3
Q9NYL2,3
P0C6W3,3
Q5A4W8,3
P05364,3
Q2QEH4,3
Q9F4L3,3
P43378,3
Q9UPJ8,3
Q8PC69,3
Q5VWG9,3
Q9SRM4,3
P45040,3
Q64010,3
A7ZSI4,3
P41279,3
P07906,3
P03437,3
O29777,3
Q9BMI9,3
P50225,3
Q8ULI3,3
Q9WFL7,3
P23254,3
P80561,3
B2DJD9,3
I7BFC3,3
P0A715,3
Q15059,3
Q6FH49,3
Q6B6C5,3
P0ADF8,3
P14061,3
O43719,3
O14976,3
O97775,3
F6BL85,3
Q47537,3
Q16620,3
U8MRX2,3
Q9KU37,3
W8FRA6,3
Q7ZCI0,3
P43619,3
Q16512,3
O80992,3
Q9EXV5,3
P37028,3
P71094,3
P13009,3
G3G192,3
Q16853,3
Q8A0N1,3
Q5EP31,3
P13491,3
P02919,3
B6AA20,3
P04271,3
Q9NXA8,3
P0A574,3
P0C6E9,3
P08487,3
Q9Y3Q0,3
Q9NXS2,3
C8BD48,3
V5Y949,3
Q59H18,3
P44539,3
Q9P2K8,3
P0ABF6,3
Q92784,3
P0A3F4,3
A3N294,3
Q9NRK6,3
P05020,3
P0A538,3
P06782,3
Q9IAT9,3
P83916,3
P46922,3
P17427,3
Q9T0I8,3
P67475,3
H3BCW1,3
P0AFG9,3
Q7DDU0,3
P55144,3
P47735,3
P57772,3
Q8GKX2,3
E0SJQ4,3
Q5U5J2,3
Q9H0R8,3
B4EB35,3
A6NFY8,3
Q8IEW2,3
Q9HPW4,3
Q9HZE7,3
P06400,3
P35558,3
P0ABZ6,3
Q9U9J6,3
G0SEG4,3
Q8IYT8,3
Q9Y6N9,3
B2RAM5,3
Q51460,3
P03314,3
Q1W640,3
Q8T9Z7,3
P58687,3
O29280,3
Q10QA5,3
Q7KQK0,3
Q7N561,3
P06026,3
P63167,3
D0VWX8,3
Q9JYV4,3
P10253,3
P90498,3
P02925,3
O15826,3
P07813,3
P0ACB2,3
O97447,3
P21524,3
P71278,3
P9WHU1,3
P30113,3
Q9NZD2,3
Q194T1,3
Q3TBT3,3
Q8I4S1,3
P30475,3
Q99LC4,3
P05092,3
B5ABY0,3
P18465,3
P13746,3
P18463,3
P55042,3
P0A522,3
P08179,3
Q80Z29,3
O64094,3
A5U9I4,3
P0AAI5,3
P00690,3
Q9BUL8,3
Q9KVG7,3
O24319,3
Q6MLN6,3
R4NFR6,3
Q16654,3
P22262,3
W5R8B8,3
P00381,3
E7E815,3
A9YN63,3
I6Y8B9,3
Q14832,3
M9V5A4,3
Q9EQY0,3
Q8IDJ8,3
P0ABQ4,3
P63820,3
Q8PGN7,3
Q2A1P5,3
F2WR52,3
C8MLE4,3
O15054,3
P31345,3
Q15562,3
P07097,3
P0ABP8,3
Q14676,3
Q8VZS8,3
P01008,3
P9WKX5,3
P08107,3
Q9H8S9,3
P00441,3
P63096,3
Q9BH77,3
V8BWT1,3
P71447,3
Q7WT50,3
Q9WAF5,3
Q27796,3
P63208,3
Q58EU8,3
P08263,3
P26918,3
P51531,3
B0B0V1,3
Q8NNK8,3
A3FQ16,3
Q99720,3
O32393,3
Q8I384,3
Q42975,3
Q8DQB5,3
O33853,3
Q8KRS7,3
Q980A5,3
P04995,3
A8C927,3
Q15120,3
Q9UDY8,3
P0A546,3
Q7SIB7,3
Q9RFR0,3
Q99619,3
P04905,3
P64012,3
P54764,3
P54578,3
Q26997,3
P03418,3
Q32ZE1,3
Q9HZN8,3
P9WFV1,3
P9WFK7,3
P36969,3
P14385,3
Q9Y4K3,3
P07741,3
O14842,3
P0AG18,3
Q9XZT6,3
I6L8L2,3
Q15561,3
Q71VM4,3
Q9Y3Q4,3
Q3S340,3
Q38BV6,3
P49862,3
P47929,3
Q96RT1,3
P35031,3
Q9Y3R4,3
P43681,3
P13497,3
Q6P988,3
Q9NYA1,3
Q80J95,3
Q60164,3
Q6HT60,3
P46934,3
P34179,3
Q14653,3
Q9AJS0,3
G8G134,3
P43220,3
Q00684,3
Q9ZPL5,3
B0L7B0,3
P0DP23,3
P00634,3
T2I3Q3,3
P41222,3
P62155,3
P01724,3
Q9VWX8,3
P0A731,3
P84092,3
P06968,3
P74325,3
C5WBA2,3
Q8A1G2,3
P09038,3
O24872,3
P06710,3
O38716,3
P63000,3
Q6DPL2,3
Q8GMG0,3
E8NLP5,3
P63279,3
O57413,3
H8ESN0,3
O14646,3
P09464,3
Q5RKJ4,3
Q9UKM7,3
Q9CPU0,3
O95503,2
Q15382,2
Q4QC75,2
S4UY05,2
P21333,2
Q9QB59,2
Q0P9D1,2
P46108,2
Q14781,2
Q9R1M7,2
Q9HC52,2
P40409,2
Q873Y0,2
P96945,2
Q9UKK9,2
Q91VE3,2
Q505N7,2
Q6MZV7,2
Q9M2B4,2
O25323,2
P51698,2
A6QJ18,2
Q95NY5,2
P11588,2
P24666,2
V5YAB1,2
B1WBP0,2
Q9H7E2,2
Q7D737,2
Q9QM22,2
P0DOX5,2
P0A5S4,2
Q9FV53,2
P81180,2
Q7Z7D6,2
O28751,2
P42684,2
Q9UQR0,2
Q9NSY1,2
Q9GZZ9,2
Q13432,2
Q381A3,2
A2RI47,2
P0A0N4,2
P52011,2
Q9QLL6,2
Q9R117,2
P04632,2
Q56310,2
Q03137,2
B0Y2Y2,2
Q9VQ91,2
P52679,2
Q02410,2
Q54436,2
P0A4Z2,2
P23905,2
Q50CM2,2
Q5SH52,2
Q07387,2
A7B557,2
O00478,2
P18206,2
Q9UHI8,2
P53368,2
Q12830,2
Q62940,2
P31151,2
Q90JJ9,2
A0F7J4,2
D0C9L6,2
Q9PPB4,2
P15167,2
P21964,2
P0C559,2
P30305,2
P91645,2
P01887,2
Q4V3E2,2
Q8IWV8,2
O75940,2
Q24008,2
P0A9M2,2
P96856,2
P31992,2
Q9UBL3,2
Q8IYH5,2
C4NV15,2
O97111,2
O95749,2
Q63053,2
P42527,2
O43189,2
Q01217,2
Q03164,2
P20581,2
Q9AIU0,2
P26045,2
P01909,2
D5CV28,2
P23497,2
P68693,2
Q9BX66,2
P03252,2
Q2QJL3,2
Q8TCD5,2
P54274,2
O23346,2
Q99549,2
P36124,2
O75381,2
Q86U60,2
P06565,2
Q60631,2
Q16637,2
P02649,2
Q41931,2
O00189,2
P51795,2
Q02647,2
A5U8U8,2
Q0T8Y8,2
O15389,2
P9WKE1,2
Q9UKE5,2
P04439,2
Q57986,2
B9H0V2,2
Q6PKX2,2
Q2FXC2,2
P54762,2
Q92N37,2
Q62760,2
P54753,2
Q7B8P6,2
P13100,2
Q9UNL4,2
C9Z6T8,2
P02647,2
P47228,2
Q6G8R1,2
O95931,2
P04936,2
Q04760,2
Q9UN37,2
Q9A5I0,2
Q9Y3Y4,2
Q672W7,2
P04224,2
P61006,2
O49686,2
P56109,2
P11940,2
P49435,2
D0IR47,2
P00784,2
Q2TLC1,2
D6MWP9,2
P39912,2
P0A720,2
D8NA05,2
P0C6X5,2
P10619,2
P00383,2
Q9NG96,2
P35030,2
P22736,2
Q5KTN5,2
G5ELM3,2
P07858,2
P15474,2
O34667,2
Q7KZF4,2
H2FH31,2
P20371,2
P86993,2
A9D857,2
P19493,2
Q61830,2
Q9ZWP8,2
P62944,2
Q92830,2
P45446,2
P56470,2
P29312,2
P63103,2
P07148,2
P83410,2
Q9WXQ8,2
P03147,2
O28471,2
Q92WC8,2
Q6P5T7,2
P31948,2
Q46389,2
Q9UG22,2
Q63226,2
Q9HGR1,2
Q00688,2
C6EAB7,2
O75843,2
Q24306,2
B1MDL6,2
Q9NRD5,2
Q9GZQ8,2
P16554,2
Q9UMT8,2
P11456,2
P00592,2
P20138,2
P45481,2
Q9UUB1,2
Q8F3Q1,2
P51161,2
O14745,2
P0A2D5,2
C6H0Y9,2
Q8MTC1,2
Q14CR1,2
Q8I4V8,2
P42530,2
P36186,2
Q06455,2
L7R9I1,2
Q4V944,2
P22392,2
A5J299,2
Q13285,2
P09598,2
Q9WJJ4,2
P48499,2
Q58597,2
P08244,2
Q9P4R8,2
Q8DRB3,2
Q0PBL7,2
Q9BX68,2
O77404,2
Q18R04,2
P81371,2
Q9WZY5,2
Q3KK31,2
P00950,2
Q9UBK2,2
Q91H74,2
Q15080,2
P06869,2
P11474,2
Q07412,2
Q3SZI4,2
P13956,2
P00750,2
H0Q6L9,2
P52704,2
P29498,2
D7Y2H5,2
Q9YFY3,2
P08716,2
P76010,2
Q9HYR3,2
Q26998,2
Q16186,2
P21579,2
P01751,2
O40922,2
Q9RS96,2
Q9UKV8,2
A5F5R2,2
O22265,2
Q62986,2
Q9ZLT0,2
O05205,2
P05696,2
Q4ACU6,2
P62157,2
P27577,2
Q95XC8,2
P09743,2
Q9VHA0,2
B0B9A0,2
A2E7Y6,2
P61981,2
A4ZF98,2
O55239,2
P40261,2
P95649,2
Q7NX84,2
P06241,2
P03956,2
O43293,2
P06935,2
Q8NB16,2
Q79791,2
Q9BQI5,2
Q03643,2
Q9UNE7,2
Q6Q3H7,2
Q9NZN9,2
Q7M0R2,2
P0ACC7,2
Q16602,2
P56463,2
Q8WYB5,2
Q5SWW9,2
A4GRE3,2
P16581,2
Q9HY69,2
P25638,2
P10636,2
Q72J47,2
P25823,2
P32542,2
O14593,2
Q96I25,2
Q07785,2
Q15109,2
P10968,2
B0CZL6,2
Q9WZ62,2
P38920,2
Q9Y337,2
P96257,2
Q9Q2G4,2
P0A8Q6,2
Q3HWC9,2
P9WI55,2
Q9YK84,2
Q25756,2
Q6XHB2,2
Q9I4X0,2
P49023,2
P26361,2
P25911,2
Q90EB9,2
P72583,2
O28524,2
O66837,2
O66496,2
O00560,2
P95607,2
P43621,2
Q16552,2
Q7D447,2
Q15125,2
J9U5U9,2
P01865,2
Q9UEV6,2
P03962,2
A8K220,2
P9WFY7,2
O67060,2
A6TF32,2
P15328,2
C7Q5P8,2
O00170,2
P07822,2
P0A3R9,2
Q4TVQ0,2
C9ZP98,2
Q98XH7,2
Q8IUH5,2
P13674,2
Q16651,2
F4KCL7,2
Q64512,2
Q8I3X4,2
Q9UBZ9,2
O76054,2
Q09490,2
Q9RBQ1,2
Q58F21,2
D3HJY4,2
Q9KS12,2
O14508,2
C6VIM1,2
Q99JX3,2
P01106,2
Q07912,2
U3KMH2,2
P36328,2
O28527,2
O95166,2
P56073,2
Q5SID9,2
Q9H6T3,2
P08311,2
Q8C3H8,2
Q8XXK6,2
Q9UKJ1,2
P73954,2
O36607,2
P29994,2
C4LSS0,2
Q27890,2
Q8N543,2
F8W4B7,2
Q8CHT0,2
Q4CWB4,2
Q4W803,2
P45984,2
P26660,2
Q00610,2
Q18014,2
Q4QBL1,2
Q9SKE2,2
Q9H3S7,2
P20591,2
O43614,2
P05414,2
P26664,2
P35747,2
Q8SR45,2
O93077,2
Q05769,2
Q99558,2
P10824,2
Q13362,2
P22966,2
I6Y9J2,2
P15309,2
A5MTN0,2
P90551,2
P31133,2
A8M6W6,2
S4V9Y7,2
Q2N379,2
P53762,2
P27361,2
Q99QC1,2
Q9H999,2
Q9HXM1,2
P06982,2
P07332,2
P59078,2
Q96LA8,2
P28223,2
A1L467,2
P54922,2
O00141,2
P23141,2
O43613,2
P23368,2
P49902,2
C7BLE4,2
P17169,2
P17109,2
Q2PS28,2
P0A1C1,2
B8ZY56,2
Q9N1E2,2
B6EXY4,2
Q9RVD6,2
O00763,2
Q16644,2
P0AEE3,2
Q9RA63,2
P49327,2
P04626,2
P66937,2
Q9X1T1,2
Q59643,2
Q04724,2
C5AP93,2
Q5TCY1,2
Q05823,2
Q7MUW6,2
Q1PBJ5,2
O13833,2
Q9TQS6,2
Q92743,2
Q09161,2
P19801,2
Q6N193,2
Q6DQ34,2
Q54873,2
A0A0H2,2
P9WK17,2
P35408,2
P03176,2
Q94M05,2
P32589,2
Q6B0I6,2
P00363,2
P04816,2
D3GV56,2
P06756,2
Q9NYV4,2
Q9T0V5,2
Q6GG09,2
Q8WTX7,2
Q9H3R0,2
Q6PFX9,2
Q9NQG6,2
A0R618,2
Q8VGC3,2
Q13976,2
P15498,2
Q8IJH3,2
P03460,2
P03952,2
Q5VXR3,2
O44049,2
Q9Y468,2
P46881,2
P32440,2
Q9BVA6,2
Q9Y223,2
Q820T1,2
P18886,2
P05373,2
P27907,2
Q1A2D0,2
Q07157,2
Q96QZ7,2
Q9ESU6,2
Q9Y5S2,2
Q8A5P6,2
C7FH46,2
F8UU09,2
C6KP13,2
P06820,2
P08169,2
Q7LIJ0,2
Q93UV0,2
P24630,2
P22832,2
P80366,2
U5XBU0,2
D3WZ85,2
Q96IY4,2
P0C512,2
Q9QZ85,2
Q8IWA4,2
P35505,2
Q01454,2
Q2N0S5,2
P47900,2
Q75I93,2
Q13370,2
P00558,2
P61965,2
C8TP59,2
P38998,2
Q9KDT3,2
B7MLA0,2
P22073,2
P63043,2
P39958,2
P28335,2
P76637,2
Q3UKX1,2
Q6LX42,2
Q9I000,2
P37353,2
B8HDZ1,2
P47870,2
Q6PRR9,2
P52286,2
P29473,2
P12425,2
P50743,2
Q8WXF7,2
P0A4X6,2
P23874,2
P09104,2
Q8DQ18,2
Q9A5I5,2
Q4MV79,2
P00924,2
P26276,2
P19971,2
B3PGI1,2
P15085,2
Q96LI5,2
P0AG16,2
P0CE47,2
Q7X9A9,2
Q93J45,2
P17050,2
P09838,2
D6E1Y1,2
P39748,2
B6H6L7,2
O85361,2
A2VLK3,2
Q15046,2
D3KVM3,2
Q786F3,2
Q67PY4,2
B3EY95,2
Q9AJF5,2
Q4WP27,2
Q8U093,2
P35222,2
Q2V6H4,2
Q95460,2
Q8WLS4,2
P43003,2
P30464,2
P30443,2
P33590,2
Q12931,2
O26708,2
I6XU56,2
Q7VL18,2
P12955,2
F0V9W9,2
P08200,2
P07700,2
P06721,2
P52209,2
Q9KWT6,2
O75116,2
P0AGF4,2
Q16576,2
P26639,2
Q54S83,2
C6A6Z1,2
Q9RHV9,2
G4VFI8,2
P9WFY1,2
P49642,2
Q9C2K9,2
P10538,2
Q15118,2
A0QWG6,2
Q5SLI8,2
X5EN43,2
P9WNU0,2
Q8TEQ6,2
Q9UBF8,2
R4NN21,2
O66264,2
Q07075,2
C8N5A9,2
V5IRU7,2
P13995,2
Q5F4T5,2
G5EG62,2
P29353,2
Q8I1R6,2
B7QK46,2
P14751,2
P63810,2
Q86PD7,2
Q92973,2
P21802,2
Q59GQ2,2
P37173,2
P0AD57,2
P42620,2
Q5SHR6,2
Q97VT7,2
Q8II73,2
A0R5M8,2
Q837V6,2
P27708,2
Q93YQ1,2
O43597,2
Q9HBS5,2
Q8VPB3,2
P62623,2
P53396,2
Q61420,2
Q3MIV7,2
O57947,2
P26043,2
O75581,2
P15145,2
W6G6F5,2
P08922,2
A9LIE0,2
Q56F26,2
Q15303,2
V5IRU3,2
I6L8R4,2
Q4WW81,2
Q53TN1,2
O00764,2
A5H1I6,2
Q9AIU7,2
Q3J125,2
Q9VRQ9,2
P19156,2
Q0TST1,2
Q96WV5,2
Q15910,2
P23360,2
Q50LF0,2
P32019,2
V9TU12,2
Q4QDU3,1
P25604,1
A0AED4,1
B2R6A7,1
Q99YP5,1
B0LJC8,1
Q02853,1
Q30NP1,1
Q8RJN5,1
P31553,1
O25776,1
O48541,1
Q6ND88,1
Q9Z1N2,1
B0R5M0,1
Q6FHN1,1
Q8VDG3,1
L0N7E5,1
P0C6Y8,1
Q9UIQ6,1
Q2LG68,1
P13689,1
P35269,1
Q62226,1
Q8K419,1
P41597,1
P19438,1
P0C1V0,1
Q8A712,1
Q206Z5,1
Q67296,1
V9HWF5,1
Q9Y5K6,1
O25294,1
P62330,1
P9WN92,1
O60701,1
Q0P844,1
Q8JUX6,1
E4KPW4,1
O94788,1
P53930,1
P10547,1
O50260,1
P21554,1
O76041,1
T2B9G2,1
Q8SDV3,1
Q6RCR0,1
Q5KVB6,1
Q96T58,1
Q944H0,1
P51512,1
O14686,1
Q5T5N2,1
A7B1V0,1
Q12406,1
Q9I4I1,1
Q8TE68,1
Q1G1I6,1
C4LUC7,1
Q8KFZ1,1
D0EM77,1
P0A6F3,1
Q14247,1
Q29147,1
Q6Q8Q7,1
P34972,1
O43918,1
Q8R550,1
Q7CJS8,1
Q52012,1
Q8ZVF7,1
Q52L97,1
Q27686,1
P30626,1
Q8TCU6,1
Q9Y5A9,1
P03305,1
P0AGJ7,1
Q8BTI9,1
Q8P559,1
Q9UBP0,1
G7J032,1
Q9FYY0,1
B7MFQ9,1
Q91HI9,1
P0A6X3,1
Q72EF3,1
Q8IZX4,1
P0A1R0,1
P23197,1
P23843,1
A7ZHV1,1
Q9CZW6,1
Q9NTX7,1
E1FQP0,1
Q3IWB0,1
Q8KNF0,1
Q9EQP2,1
Q9WXN1,1
Q9WTK1,1
P37571,1
P0AES5,1
B4EH86,1
P03960,1
Q819U0,1
Q16873,1
B8F653,1
Q12163,1
Q658Y7,1
O88622,1
P51671,1
Q5ZVS2,1
Q9NNX6,1
Q2PHL4,1
O43598,1
Q8GU20,1
D0XC84,1
O15550,1
P60616,1
O05208,1
O35718,1
P15531,1
P97318,1
Q2M5U3,1
P0A544,1
Q6MPX4,1
Q9Z4X2,1
B3GA02,1
P50583,1
Q9C171,1
Q59675,1
W4I9J7,1
A0A024,1
Q9X6J6,1
A8JI83,1
A0ZNP5,1
P19999,1
Q8H1R0,1
Q9XAM6,1
O14713,1
Q9W0K0,1
Q4H132,1
P0A017,1
Q7CKD7,1
P00379,1
P03003,1
P39075,1
P14410,1
Q47765,1
P15144,1
E2EA82,1
P49419,1
Q61166,1
P9WFX2,1
A3LHH1,1
O60882,1
Q9H0M4,1
P49235,1
Q8IZD2,1
P40347,1
Q9Y691,1
P9WH43,1
D0E0C7,1
Q81W29,1
O95470,1
P20292,1
P00451,1
P15494,1
P10145,1
Q9HY79,1
P14147,1
Q09JR9,1
Q7M4F9,1
Q9I9P7,1
P26017,1
Q9LT15,1
P27338,1
A1WUH0,1
P30622,1
P11064,1
P21453,1
P9WPC9,1
P12269,1
P01391,1
P77348,1
P01343,1
P05019,1
Q44238,1
Q9LLQ2,1
Q44668,1
O88339,1
A7LXT8,1
P07814,1
A9SS48,1
P02942,1
Q6QK01,1
Q9VG78,1
Q16548,1
A5HC98,1
Q9KAX3,1
P24530,1
P9WGZ1,1
Q04656,1
P11926,1
Q51817,1
Q696P8,1
P32372,1
P07236,1
Q6N8V9,1
B5MZR0,1
G3XD33,1
P00497,1
P35444,1
Q5F9J8,1
Q9HZ64,1
P05100,1
P04228,1
E0TW95,1
P18429,1
Q9VVI3,1
Q4LB86,1
O75400,1
O35795,1
Q9FFF5,1
P74881,1
A5GZX3,1
F2WR39,1
P62745,1
C6KQL9,1
C3W6G3,1
P49427,1
Q63T71,1
Q15393,1
Q9HBH1,1
P51452,1
P09152,1
Q9WJM2,1
Q9BVI0,1
Q9KWU8,1
Q9H244,1
P0A1P6,1
P43873,1
Q90092,1
A0A0X1,1
O74718,1
P28796,1
P21447,1
P18902,1
P95257,1
Q13501,1
Q8DSE5,1
G0S8G9,1
Q969R5,1
P9WHK9,1
Q96PU5,1
O58328,1
P60953,1
G0RY29,1
Q2MHR1,1
Q9SSM7,1
Q5N5L5,1
D8KFM5,1
Q9HAU4,1
Q9HCE7,1
Q13114,1
P22505,1
Q59310,1
P68826,1
P28248,1
P08648,1
P47871,1
P08138,1
P88911,1
P03069,1
P52756,1
O42721,1
Q6XT21,1
P42085,1
D0VWZ0,1
P60063,1
Q12933,1
Q93YN9,1
P03300,1
Q8QN58,1
Q84MC7,1
P13861,1
Q13541,1
P62168,1
P62166,1
J9PBT4,1
Q9V2Z6,1
A0A384,1
O00213,1
B4EZ68,1
C8CIL7,1
Q9Z9H6,1
Q58L87,1
Q6INX3,1
Q9NQV7,1
Q8C863,1
Q53GL7,1
Q6L8Q7,1
P34948,1
Q6WJ03,1
Q8NQ97,1
Q5UB51,1
C3L5T6,1
Q5T6S3,1
P16528,1
C9EKP8,1
P00968,1
P60301,1
Q79FD7,1
Q96BD5,1
Q82PP4,1
Q19905,1
P41145,1
Q99YP9,1
Q9D1A2,1
P04574,1
O00257,1
P0AA27,1
Q14F07,1
Q07654,1
Q9I676,1
P0A552,1
P9WNS5,1
A5U649,1
P61836,1
Q9UKF6,1
Q2LAE1,1
A2DT06,1
D0ELH5,1
O77421,1
P61949,1
O95445,1
Q9U9R3,1
P34897,1
O88811,1
P41814,1
Q3ZC95,1
O95400,1
Q97S37,1
P51532,1
P40337,1
O15648,1
P9WN38,1
P32340,1
P10969,1
K7AGW3,1
Q9ESK4,1
Q10103,1
Q9UK53,1
Q01468,1
Q14839,1
Q00416,1
P25116,1
P32447,1
O75844,1
P00349,1
P36918,1
Q9ULH1,1
Q6WRH7,1
Q9Y2T3,1
P00875,1
P30838,1
Q9BUZ4,1
Q9H7X0,1
Q8IEE9,1
Q8WYH8,1
Q9BSQ5,1
Q2F7J3,1
Q9GZU7,1
P10408,1
P52731,1
P52292,1
Q9I7A8,1
P02867,1
P41229,1
Q9RIK9,1
P00776,1
Q5L1G5,1
G8JZS6,1
A2NTU7,1
Q504Y3,1
Q02218,1
P02761,1
Q9WUL7,1
Q9Y5X3,1
Q96B97,1
Q60187,1
P23176,1
P41007,1
Q7ZWC3,1
P31677,1
Q47200,1
P31663,1
Q0VBW0,1
P31723,1
C1F2K5,1
P0A530,1
O57203,1
Q9UBU9,1
P0A9E0,1
Q27450,1
Q96W94,1
O55043,1
Q13427,1
P0ADR8,1
H8XX12,1
Q57991,1
P11589,1
Q99257,1
P63407,1
P23284,1
B7GVP4,1
Q5SMG8,1
J7HJM3,1
A1BTJ7,1
Q8A8X4,1
P0AFC0,1
Q53Y40,1
Q96T60,1
Q9RUB5,1
Q63J95,1
Q96RL1,1
Q6IN85,1
Q23536,1
Q9BXW4,1
Q4VX54,1
Q26964,1
P0A616,1
O85638,1
F4ZDJ0,1
J3KPF3,1
Q9QUG2,1
O54286,1
P0AE70,1
Q54113,1
P01024,1
G1KPH4,1
Q6IAW1,1
A7UNK4,1
Q8LPB4,1
P15445,1
Q62230,1
Q96FJ2,1
G5ELM1,1
P30046,1
Q82134,1
P10274,1
O32462,1
Q14562,1
P42892,1
Q0QF01,1
Q9GQZ3,1
Q8IKT5,1
P50498,1
P12530,1
P64249,1
Q9JIR4,1
P42566,1
P34884,1
Q9Y2N7,1
P03362,1
Q14498,1
Q89U61,1
O53580,1
P28366,1
Q9F8A8,1
P32776,1
Q5T3Z8,1
P16278,1
P60520,1
P55854,1
Q93HW0,1
Q9WYV0,1
Q6ZMT1,1
Q01853,1
Q64663,1
Q04477,1
P48650,1
P52735,1
Q53793,1
Q91753,1
P10378,1
Q46604,1
P41180,1
C4Z6Z2,1
Q8IB67,1
Q8K1Q4,1
P21642,1
Q12QS6,1
E9AFX7,1
Q6RYW5,1
I7FE16,1
Q15326,1
B6YU74,1
Q30W70,1
B0QYP2,1
Q9DBG9,1
O14907,1
E9AE57,1
Q08465,1
P0AES0,1
Q7AKQ8,1
D1Z359,1
Q6IAT6,1
Q6Q546,1
C0LGR3,1
P01139,1
B3Y653,1
P45796,1
P51659,1
Q2K340,1
P82114,1
P40947,1
P04631,1
P27540,1
P80667,1
Q9DBG3,1
P42858,1
P56690,1
Q59GY8,1
B2HMK0,1
Q6ST21,1
I6Y334,1
Q9I834,1
Q9BE39,1
Q90249,1
P40090,1
A0A073,1
P00490,1
P17559,1
Q8R028,1
Q03173,1
P04918,1
Q6Q004,1
P04273,1
Q57696,1
P22069,1
Q7SRY5,1
P32156,1
P53131,1
P26368,1
Q28372,1
P31434,1
Q9ALJ4,1
O54050,1
B2RID1,1
P0A9H3,1
O93655,1
B9KDD4,1
Q9AXT8,1
P48147,1
Q9HWD2,1
Q01567,1
Q62261,1
Q7SSE3,1
Q76HJ9,1
F8WQK8,1
P48449,1
O74985,1
O35324,1
Q7SPG9,1
O09893,1
Q59GJ9,1
Q7KRY7,1
Q45075,1
P71590,1
P15927,1
P80457,1
Q9W9R3,1
Q3TUQ8,1
Q4QHU7,1
R4P353,1
C5I2D9,1
Q9S5X0,1
Q8A0Q6,1
P15692,1
Q29437,1
O95453,1
P55196,1
Q9WVQ1,1
P11709,1
Q6BB74,1
O43639,1
P16333,1
Q8A5N9,1
O53649,1
Q03479,1
Q8IW19,1
Q903N5,1
O92139,1
Q6RHR9,1
E9BC28,1
Q9J2R0,1
O85672,1
P30920,1
P90191,1
Q81755,1
P65728,1
P0A5L6,1
P02787,1
Q92673,1
Q77VV3,1
Q99NH2,1
Q9WVM5,1
P32597,1
Q803K0,1
Q92794,1
Q97Q99,1
P35568,1
Q9X1H4,1
P60903,1
Q8Y3Y7,1
Q8N8S7,1
Q07806,1
Q8Q3J5,1
P42676,1
Q903J0,1
P25663,1
Q993Q5,1
P20936,1
Q9BRQ0,1
O75886,1
P08567,1
Q9JHD1,1
P32248,1
P27001,1
P32780,1
O43752,1
P16869,1
Q5RZ09,1
P23921,1
Q7ZCR0,1
Q9Q2G8,1
P32477,1
O92103,1
P0ADG0,1
Q5SHN5,1
P21980,1
P05618,1
P32138,1
Q9Q288,1
P51141,1
O92805,1
G5EFZ1,1
Q8KKW2,1
P06958,1
P16154,1
Q14BN4,1
P0AFG8,1
Q9BXF3,1
Q9D777,1
Q7ZUW7,1
P19120,1
Q39761,1
P05434,1
P24719,1
Q7M4E5,1
Q96CG3,1
P11558,1
O60844,1
Q386Q8,1
P29965,1
B9A0T7,1
Q8W453,1
O22321,1
G4FEC0,1
Q7X2H8,1
P26885,1
Q13283,1
Q46342,1
Q51815,1
Q973T5,1
P08059,1
B4RNT1,1
Q9I4K6,1
P06169,1
P22983,1
P02745,1
P62965,1
P62964,1
Q6VT21,1
P45973,1
Q61686,1
D3ZAR1,1
Q877H3,1
P56216,1
D0VX20,1
Q7SIE4,1
Q92541,1
O00499,1
Q497I3,1
P12528,1
Q96AC1,1
A0A078,1
P14598,1
P08519,1
P07737,1
P0CG48,1
P0A7E5,1
B2HVG8,1
Q9X0V0,1
Q7Z8V1,1
O95619,1
Q09JX9,1
R9YTM5,1
Q7JXA8,1
P10943,1
Q9ZAG3,1
P14090,1
G4VJY9,1
I6V0C7,1
P28905,1
C1KBQ3,1
Q9EKL4,1
Q63HR2,1
Q3UKD6,1
P16098,1
Q47212,1
Q5CR27,1
C0LMU0,1
Q9Y530,1
P39009,1
Q9NZH8,1
P01378,1
P02593,1
Q13564,1
Q2YQ76,1
P43115,1
O67972,1
Q9IQV5,1
Q93X60,1
P0AE78,1
D7UQM0,1
Q9NB97,1
Q87GI4,1
A3DK57,1
Q2I2N4,1
Q869C3,1
W8UNW6,1
Q9SPP9,1
B3PBE0,1
Q9BIH3,1
A0QYW6,1
Q9NYZ4,1
Q0S6D0,1
G8UY02,1
Q7DD70,1
D3Z7P3,1
O52575,1
O75191,1
Q96ZY1,1
O43559,1
P0A6F5,1
Q62768,1
U6AVY0,1
J9USJ9,1
Q02834,1
Q5ZTK6,1
P27709,1
Q77DJ5,1
Q96DH3,1
P70365,1
O57728,1
Q7PXT9,1
O43781,1
P19080,1
P97465,1
Q79AD2,1
Q8IJK2,1
P15042,1
P06143,1
Q9NRF8,1
P02692,1
P07140,1
O39930,1
B0RM05,1
Q99WC0,1
Q5HIJ4,1
Q05195,1
Q60520,1
Q1BKJ8,1
P0AGL2,1
Q9BRR9,1
Q9QZH4,1
P13081,1
Q8N3R9,1
P61765,1
Q9FII5,1
P60709,1
P40416,1
P43249,1
P56734,1
Q8T6S0,1
Q8I8T0,1
P13612,1
Q9H2A1,1
P35775,1
Q8XL08,1
P80226,1
Q9UN19,1
P00947,1
Q15075,1
Q9KHT9,1
E7F650,1
P15705,1
Q39255,1
Q60770,1
Q91Y44,1
P02751,1
Q96RK0,1
D0VWV5,1
Q9NVD7,1
Q4QAU9,1
O60716,1
P49951,1
O61202,1
Q12118,1
Q9ULM3,1
P47709,1
Q5SJ64,1
P18674,1
P07992,1
P07678,1
Q72GF3,1
Q68FD5,1
Q02054,1
I0RTF3,1
Q8GPH6,1
Q44177,1
P16469,1
P12724,1
F7BJB9,1
P61960,1
Q47592,1
P06672,1
W8RJF9,1
P18316,1
O95696,1
P06745,1
P13864,1
P08839,1
G1U9S2,1
Q5T2W1,1
P61626,1
A5W4E3,1
P02769,1
O75351,1
P0AD67,1
P0AD65,1
A7YYL1,1
Q9FCE4,1
P80386,1
P78986,1
P0C2P0,1
O00443,1
E6MUM9,1
G9GAG7,1
K0BGG6,1
Q9X2W0,1
P89884,1
P12104,1
P36946,1
P10688,1
O43157,1
Q8N4A0,1
P43250,1
Q5PSV9,1
Q64822,1
P32361,1
C0KD15,1
Q06151,1
P14625,1
Q6PEE6,1
P04036,1
Q9I0I4,1
Q9KID9,1
A7X1N2,1
Q988B9,1
P42208,1
Q41009,1
O05309,1
P25787,1
Q9KI13,1
P04177,1
O55236,1
P29218,1
Q9EY50,1
Q2FVW9,1
Q7BGA5,1
Q7RYZ9,1
F2RFR7,1
G3XCV0,1
B2FRP5,1
Q6NYC1,1
C5Z4W3,1
O00444,1
P20646,1
O95251,1
V5HCK7,1
P39099,1
Q9ULX7,1
Q88PQ6,1
Q47506,1
Q14209,1
Q584S0,1
Q9U6Q0,1
Q09HD0,1
O24911,1
Q8BGV8,1
G5EBR3,1
Q9SZU7,1
P96884,1
P36888,1
Q8N371,1
P36370,1
Q4FZB7,1
Q3U8K7,1
U5MRH9,1
P80192,1
Q9I6J1,1
D7U7T8,1
P15873,1
Q9HUT5,1
P9WGR0,1
P03089,1
P55263,1
E5KIY2,1
Q9ZP19,1
C3SGA2,1
P16732,1
Q9KQU8,1
P02699,1
P32951,1
E1XXQ2,1
A2RP81,1
O15570,1
F7ERX8,1
O25255,1
Q45462,1
Q00959,1
Q9HUL3,1
Q0ZPV7,1
O66809,1
J7QY30,1
O60658,1
P27815,1
O35310,1
Q6AXG6,1
Q15036,1
Q9H3H2,1
P14557,1
P20789,1
P07948,1
J9VNH4,1
B4EKM5,1
Q8RPA0,1
Q6GFF9,1
Q6G7I0,1
P43403,1
P40107,1
P16218,1
A0QV09,1
P21514,1
Q5F9M1,1
P27115,1
P43094,1
P45478,1
P06873,1
Q6VE93,1
O15075,1
Q54A37,1
P21631,1
P51617,1
Q53XS3,1
Q9Y376,1
Q96GX5,1
O25363,1
P43092,1
Q9DCJ0,1
H9UXC8,1
Q72CX3,1
C4ZQ55,1
P96965,1
P94458,1
P00808,1
O60678,1
Q8WUV3,1
Q9I6J0,1
P08185,1
P15057,1
B8YPM3,1
Q92SH9,1
Q15759,1
P08819,1
Q8RCC4,1
P63010,1
P42641,1
P22513,1
Q6S996,1
Q9UJ71,1
Q2MFS1,1
P53676,1
P20582,1
Q5X9P3,1
G1EUI6,1
Q99X63,1
Q13002,1
P0AB71,1
P31116,1
Q8ZKB0,1
P14604,1
B2RXH2,1
C6G099,1
Q99538,1
G8JZT0,1
Q47066,1
P26093,1
Q13523,1
Q8TL28,1
C5YH12,1
G3MM57,1
Q89GW5,1
Q5M586,1
Q53WJ1,1
Q643C8,1
P17252,1
P50921,1
Q6GDH2,1
Q9C1S9,1
Q01812,1
Q8WS26,1
P95276,1
Q4QHJ8,1
Q6N8W4,1
O75311,1
A6V1E4,1
Q13394,1
Q64444,1
Q8N4J0,1
Q5CPK7,1
Q8T6T2,1
P29320,1
Q88E10,1
D6Y504,1
O43683,1
Q5HEB7,1
O06543,1
P17948,1
O58212,1
Q0P9X8,1
P26396,1
Q9LAK3,1
Q07832,1
P0A4F8,1
Q86YC2,1
Q9HUK6,1
S3MDF0,1
P9WKD3,1
Q8GAV4,1
H2VFG5,1
P0AB91,1
O97193,1
D1MEN9,1
Q7BJM5,1
B5KVR9,1
B8QIQ9,1
G3V5E1,1
P81989,1
B4EA43,1
P62871,1
A5F6D4,1
P66940,1
Q6FH41,1
P10827,1
P15555,1
Q8ZQ06,1
P10826,1
P43886,1
O31156,1
O15804,1
Q7YTF7,1
B3U3M3,1
T2LG16,1
E7FH78,1
Q26490,1
Q970S6,1
O95050,1
Q9RL81,1
Q9L5C7,1
B5LY47,1
H6UQI0,1
P81446,1
Q9K578,1
P07740,1
U3KRF8,1
Q9L387,1
O53223,1
P0A3Y5,1
P04951,1
P03195,1
Q9A1B7,1
A0PJ91,1
Q2VPJ6,1
Q5JTC6,1
P50213,1
P05771,1
P00470,1
P0A886,1
Q5ZUA2,1
P24723,1
C3TPN7,1
O06842,1
Q8NHY2,1
P19440,1
Q969Q7,1
P9WID5,1
P83734,1
Q9HAZ1,1
Q1R3F7,1
Q9P6Q6,1
Q02PM6,1
P01738,1
Q15257,1
Q88NI1,1
Q9K5F2,1
P19623,1
Q9Y263,1
Q9UR08,1
P0A6L4,1
B7UZI4,1
A9CGA5,1
J9XXB7,1
A0QT50,1
M5AAG8,1
P00512,1
Q15274,1
V9HWJ5,1
K0BGQ2,1
C1CKI0,1
P41784,1
Q8NHV1,1
Q9RCF6,1
P27652,1
Q9UI42,1
Q9WLZ8,1
P00952,1
P14738,1
Q9Q6P4,1
Q8WWA0,1
Q15418,1
Q8A6X1,1
Q53Y97,1
Q9QZL0,1
P60484,1
P20273,1
O50407,1
Q7W019,1
Q7VXB1,1
A1AC32,1
C1CIR8,1
Q2L887,1
P12674,1
P68175,1
D1A7C3,1
P9WQN9,1
P0C7B7,1
Q9C9C9,1
O28625,1
P53671,1
B4FZ94,1
P00480,1
P18153,1
P0A9J4,1
Q71QF2,1
Q9Y2M5,1
Q4DSV5,1
P61201,1
Q18A65,1
P39325,1
Q16Y94,1
Q4WAW9,1
Q96CW1,1
A6H6Y4,1
Q7SIG4,1
Q6WGN0,1
A7J8L3,1
Q27546,1
P0AEE5,1
Q3Y5H1,1
P32396,1
P37487,1
Q9JLS3,1
P14177,1
P56067,1
B5BUJ6,1
Q9UMV0,1
Q6P0Y1,1
P0C6V2,1
P45381,1
Q9U8X2,1
Q9CCZ4,1
P18891,1
A1JJJ9,1
P9WI80,1
P9WI81,1
Q8RDN9,1
Q02206,1
Q9P1W9,1
Q13188,1
Q16832,1
E3NZ06,1
Q01344,1
Q9SCL7,1
G0S381,1
O08760,1
A0ZNP3,1
P30530,1
P0C6V6,1
Q3TTA7,1
Q6N446,1
P0A6R2,1
B1INP8,1
O32449,1
P35992,1
Q03243,1
A8BB85,1
P21730,1
P45352,1
A5TY85,1
Q88QV5,1
Q0S7P9,1
A8IYS5,1
P0C6U6,1
Q27743,1
K0Y3H9,1
C3T3U2,1
O15357,1
Q16236,1
B5BTR7,1
I6R951,1
E3ULB4,1
P54830,1
Q9N0A4,1
Q8TDX5,1
Q8IIR9,1
S5LVN3,1
P38862,1
W7FL77,1
P96851,1
P9WNH4,1
P9WNH5,1
P37468,1
Q5V8X3,1
Q61846,1
P49674,1
W8TRN9,1
D7PBN4,1
Q5IBP5,1
Q96GD4,1
Q14U76,1
Q8VHN2,1
Q8DR51,1
P13255,1
P0A6L2,1
Q0P9S0,1
P51686,1
P87666,1
P31550,1
P60487,1
P25548,1
O05701,1
Q84G06,1
Q66WN6,1
Q836J0,1
P0A434,1
Q58293,1
P39898,1
Q9APF7,1
Q46845,1
U5Q3T2,1
P24173,1
P39265,1
P20172,1
P24186,1
G1C2I2,1
Q5PPM0,1
Q506Q0,1
P9WNP5,1
Q9FD68,1
P04391,1
Q7TMU1,1
P56649,1
Q93DC4,1
B1PL86,1
Q848S6,1
P53041,1
Q31TG8,1
Q14318,1
P0A910,1
Q9A0M7,1
Q8IM15,1
P09616,1
Q9BVS4,1
O00167,1
P9WMN1,1
V5IRV5,1
Q6VMK1,1
P23471,1
P96711,1
Q61258,1
Q59FK4,1
V5IRV2,1
Q8SR66,1
Q51792,1
P14262,1
Q98VG9,1
Q9EVD7,1
P06709,1
Q96Y14,1
Q2FG38,1
E1C6P3,1
P9WP25,1
Q86U44,1
Q5LUA7,1
I6BD60,1
Q9Y2R2,1
Q6JKW3,1
A0A059,1
A5D791,1
Q45222,1
A7Y8I1,1
P23861,1
O60990,1
P53686,1
P40233,1
A8JZZ5,1
A5VWI3,1
E5R5T0,1
P49888,1
P11881,1
P47075,1
Q9C004,1
P56218,1
P56839,1
P35813,1
P42866,1
Q9HWY4,1
Q9A9V2,1
Q62696,1
Q5SL84,1
Q2G015,1
Q91MA7,1
A1QMT0,1
Q9WZC2,1
Q13635,1
Q97R09,1
P0C1S8,1
Q7KZI7,1
Q96L34,1
Q81VW8,1
Q6L5H6,1
P21860,1
Q9TVW2,1
O35627,1
P05418,1
O05892,1
Q15485,1
P28161,1
P50440,1
P61277,1
Q9Y823,1
Q01234,1
Q8VC55,1
Q9UGM1,1
Q393A1,1
Q9F6Z3,1
P15319,1
O31774,1
Q2EID8,1
P01723,1
Q920E6,1
P50052,1
P02943,1
A4I7H1,1
Q8KLP4,1
P01811,1
Q5NGA7,1
O49235,1
P84751,1
A2P1G9,1
P0A7Z0,1
P60842,1
L0T5Q5,1
Q04ML5,1
Q81LZ8,1
Q5FWF9,1
C4XAX5,1
P30114,1
O62301,1
Q8BG40,1
Q96BD6,1
Q9K395,1
P00484,1
P69441,1
A7ZIN4,1
Q8KNP3,1
P51693,1
Q53ZC8,1
P10384,1
Q92UV8,1
P96420,1
P9WKE0,1
P01867,1
O80852,1
P77526,1
O05521,1
P11439,1
Q9TZZ6,1
P30556,1
I6XBW5,1
H7C794,1
P00572,1
Q96RI0,1
P06328,1
P04925,1
I6SHA6,1
Q9JN36,1
Q4JH30,1
C9ZSP7,1
G9Y2J2,1
Q97ZE2,1
Q57884,1
P10344,1
C6A9Y6,1
A8W790,1
P24473,1
O43813,1
P78552,1
Q96554,1
Q9KNC3,1
B0QZ61,1
B1YAL1,1
P10144,1
P0A0Z8,1
Q84406,1
A9LI60,1
B3VBK9,1
P72059,1
Q93088,1
D0VWX9,1
G0YP42,1
Q02IG8,1
Q7TS98,1
P53934,1
I7B368,1
P22340,1
Q9WLG7,1
P09411,1
Q18PE0,1
P24268,1
Q460N3,1
O28025,1
A0LNN5,1
Q9WZU0,1
P0AG81,1
Q5VVY1,1
P01844,1
Q0VDX6,1
P17870,1
P0A749,1
P0A825,1
P02920,1
Q9H3H5,1
P01860,1
P03375,1
Q9Y5K2,1
P07378,1
P46107,1
Q3HTL6,1
P00775,1
O08498,1
P00183,1
O95363,1
O95631,1
P58004,1
D5KM69,1
P04015,1
W9BNU9,1
P32178,1
P9WJJ5,1
Q9UMX1,1
G0SCH1,1
Q8IL97,1
I6YCM5,1
Q99MV1,1
Q4VSJ8,1
P27958,1
C1KHZ7,1
A1Z093,1
Q9QP61,1
O35543,1
P34998,1
P15034,1
P9WPC3,1
P83512,1
Q6QT42,1
O70161,1
P54939,1
Q2G036,1
Q2YSF8,1
Q1DB04,1
Q8KLK7,1
A6N4J4,1
A5YKK6,1
P46798,1
Q02293,1
P07650,1
P34752,1
P07584,1
P0A855,1
O34911,1
Q72MQ6,1
Q9UH99,1
P06858,1
Q2CEE3,1
Q58517,1
Q5JD38,1
Q9NPD8,1
O34738,1
Q9VK33,1
Q86PT9,1
P96275,1
A2RMJ9,1
D0VX31,1
P0ACT8,1
Q04437,1
Q837A3,1
Q5EGY4,1
Q8X9Y9,1
Q6ZQF0,1
Q2YIM3,1
P9WMB9,1
Q9BT30,1
Q6PH85,1
Q43295,1
Q9Y6K1,1
Q8A8A4,1
P97879,1
Q51948,1
P9WQD9,1
A3XHF9,1
Q6NXE4,1
Q9HC16,1
P55222,1
P60546,1
Q86XZ8,1
P0ACT4,1
Q7DC80,1
Q9Y5N5,1
P55197,1
P04483,1
P95092,1
Q88E47,1
O43809,1
P29323,1
A8DS38,1
Q9Y275,1
A0MK70,1
A0QP43,1
Q5T1C6,1
A5YVK8,1
A3MWN5,1
Q09431,1
Q97W95,1
W6E076,1
Q9UL51,1
G4CRQ5,1
Q8J0K6,1
A5LBQ6,1
Q9DBB5,1
Q12306,1
B5ZAD9,1
O60158,1
P35844,1
Q9BSI4,1
O19705,1
Q96MK3,1
Q9RQJ2,1
E0WWC7,1
O95140,1
Q5JID0,1
A6QE81,1
P00889,1
O95149,1
P37821,1
D3DME3,1
Q8XNB2,1
P62694,1
P56252,1
Q58497,1
Q4J894,1
K4HQE7,1
Q6JP77,1
Q8R7L0,1
Q7WYV4,1
Q60049,1
Q81EJ6,1
Q04206,1
P16184,1
P02741,1
P00693,1
Q8ZKA9,1
Q1Q357,1
O25743,1
P0AF12,1
Q9WY43,1
O87198,1
Q8NR95,1
P33244,1
Q6B052,1
Q15661,1
Q6NZY1,1
Q9VIH7,1
O67135,1
P10276,1
Q9CQV8,1
P31946,1
O34817,1
P10987,1
C5GC63,1
Q7NSA6,1
P48729,1
B3RFT3,1
A4Q998,1
Q6Q783,1
P00942,1
P00940,1
Q06121,1
Q9JPG4,1
C6S9R8,1
O13852,1
A7ZHQ1,1
O00482,1
I6WJ72,1
Q5SIJ0,1
O25560,1
D5CXR1,1
P64170,1
P0AF18,1
P13201,1
P29768,1
Q5WPU9,1
P71002,1
Q9NBA7,1
P25891,1
Q9JYL2,1
P45448,1
P0A794,1
Q90240,1
B1VC43,1
Q9Y2W6,1
Q51578,1
H0ZQY2,1
Q9Y259,1
Q9KPI8,1
D2ZZC1,1
Q2NL52,1
Q837S0,1
B7GN78,1
P0DOE3,1
A4YGX6,1
P27348,1
G3FT00,1
Q8LPW4,1
Q6DN90,1
P37355,1
Q7B8C3,1
P0A990,1
V4MZL6,1
B2HHT4,1
Q13510,1
O95551,1
Q20305,1
I6ZUH3,1
Q9X0C6,1
P60473,1
P76015,1
Q0P864,1
P0AE01,1
Q8DQ00,1
Q189K3,1
P0DMM5,1
P56868,1
Q3J1R2,1
P36673,1
Q6L545,1
Q8C437,1
Q59401,1
Q9Y4E8,1
P60477,1
Q6GI75,1
Q60597,1
Q7DAU8,1
P00583,1
P51681,1
Q8RDL3,1
P50542,1
M2L4D8,1
Q5JIH4,1
O86151,1
O33244,1
G5DDY8,1
P54577,1
Q05115,1
Q51400,1
G3XD28,1
P25491,1
P31211,1
A5KE01,1
P60174,1
Q3SX13,1
Q9I5Q5,1
P28749,1
P40506,1
Q8G9Q0,1
Q99873,1
Q8P8F1,1
P20035,1
Q8IVH8,1
P00803,1
Q08209,1
P24588,1
O15382,1
P62509,1
Q58494,1
P15587,1
Q72I44,1
O27402,1
D3KVD8,1
Q02899,1
Q15KI8,1
P01660,1
F8QQG5,1
P88403,1
Q96SB4,1
Q7LYW4,1
P73797,1
P17693,1
Q02083,1
Q12314,1
Q9RMI1,1
R1FPL7,1
P26927,1
A5U2S7,1
P49410,1
Q02790,1
Q58206,1
Q08211,1
D0MI02,1
A1L4K5,1
Q6ZMT4,1
Q96EB6,1
P16293,1
P31153,1
Q541D8,1
A8GFD6,1
P62258,1
P07686,1
Q9CES5,1
O75608,1
G5E9A6,1
Q9NS75,1
A1CII2,1
Q9A4Z9,1
P40997,1
P93832,1
Q9HZZ1,1
Q9BU02,1
Q5EK40,1
Q9RHZ6,1
Q62735,1
A8A5E6,1
Q24973,1
O95372,1
Q1D4I5,1
Q9Y6X5,1
K7Z4Z0,1
Q12341,1
A0QND6,1
A6LE66,1
A0QU89,1
A9PKC6,1
A2NUT2,1
Q88EQ6,1
K4CN56,1
O24891,1
P98072,1
P29311,1
P04525,1
P13444,1
Q5VWZ2,1
P9WMC8,1
A3UNN4,1
Q46085,1
P32120,1
P30418,1
P0CB51,1
O95866,1
Q96KS0,1
C7C419,1
P49917,1
P63073,1
P0AEY8,1
Q07599,1
Q20R18,1
Q89FH0,1
Q56691,1
P29477,1
C6XGT2,1
P78362,1
P13166,1
P10724,1
Q9FD71,1
A6XNE6,1
P04287,1
P0A2N1,1
P0AEB2,1
Q6IQ20,1
Q8PIS1,1
P32755,1
P12023,1
A7A9N3,1
P0AEJ4,1
P19576,1
B3PD52,1
O31927,1
Q9SCZ4,1
W8U368,1
P51436,1
A1ILL9,1
Q5VT56,1
P33527,1
P81461,1
P18464,1
Q59EJ3,1
A8Y5F6,1
P61769,1
Q6IRV4,1
P15813,1
P9WFY6,1
Q55467,1
Q9KKP2,1
Q71DI3,1
Q6VAB6,1
P39182,1
Q9UR30,1
P29295,1
P30989,1
