UNIPROT_ID	GENE_NAME	paper_name	etc
Q2M2I8	AAK1	AAK1	
P00519	ABL1	ABL1-nonphosphorylated	
P00519	ABL1	ABL1-phosphorylated	
P42684	ABL2	ABL2	
Q04771	ACVR1	ACVR1	
P36896	ACVR1B	ACVR1B	
P27037	ACVR2A	ACVR2A	
Q13705	ACVR2B	ACVR2B	
P37023	ACVRL1	ACVRL1	
Q8NI60	COQ8A	ADCK3	COQ8A
Q96D53	COQ8B	ADCK4	COQ8B
P31749	AKT1	AKT1	
P31751	AKT2	AKT2	
Q9Y243	AKT3	AKT3	
Q9UM73	ALK	ALK	
Q13131	PRKAA1	AMPK-alpha1	AMPKα1 = PRKAA1
P54646	PRKAA2	AMPK-alpha2	AMPKα2 = PRKAA2
Q8NFD2	ANKK1	ANKK1	
O60285	NUAK1	ARK5	NUAK1
Q99683	MAP3K5	ASK1	MAP3K5
O95382	MAP3K6	ASK2	MAP3K6
O14965	AURKA	AURKA	
Q96GD4	AURKB	AURKB	
Q9UQB9	AURKC	AURKC	
P30530	AXL	AXL	
Q9NSY1	BMP2K	BIKE	
P51451	BLK	BLK	
P36894	BMPR1A	BMPR1A	
O00238	BMPR1B	BMPR1B	
Q13873	BMPR2	BMPR2	
P51813	BMX	BMX	
P15056	BRAF	BRAF	
Q13882	PTK6	BRK	
Q8TDC3	BRSK1	BRSK1	
Q8IWQ3	BRSK2	BRSK2	
Q06187	BTK	BTK	
O43683	BUB1	BUB1	
Q14012	CAMK1	CAMK1	
Q6P2M8	PNCK	CAMK1B	
Q8IU85	CAMK1D	CAMK1D	
Q96NX5	CAMK1G	CAMK1G	
Q9UQM7	CAMK2A	CAMK2A	
Q13554	CAMK2B	CAMK2B	
Q13557	CAMK2D	CAMK2D	
Q13555	CAMK2G	CAMK2G	
Q16566	CAMK4	CAMK4	
Q8N5S9	CAMKK1	CAMKK1	
Q96RR4	CAMKK2	CAMKK2	
O14936	CASK	CASK	
P21127	CDK11B	CDC2L1	통용명/별칭 — 공식 유전자 기호 CDK11B
Q9UQ88	CDK11A	CDC2L2	통용명/별칭 — 공식 유전자 기호 CDK11A
Q14004	CDK13	CDC2L5	통용명/별칭 — 공식 유전자 기호 CDK13
P21127	CDK11B	CDK11	CDK11=CDK11B(PITSLRE). 본 패널의 CDC2L1과 동일 단백질(중복 가능)
P24941	CDK2	CDK2	
Q00526	CDK3	CDK3	
P11802	CDK4	CDK4	
P11802	CDK4	CDK4-cyclinD1	CDK4–cyclin D1 복합체
P11802	CDK4	CDK4-cyclinD3	CDK4–cyclin D3 복합체
Q00535	CDK5	CDK5	
P50613	CDK7	CDK7	
P49336	CDK8	CDK8	
P50750	CDK9	CDK9	
Q00532	CDKL1	CDKL1	
Q92772	CDKL2	CDKL2	
Q8IVW4	CDKL3	CDKL3	
O76039	CDKL5	CDKL5	
O14757	CHEK1	CHEK1	
O96017	CHEK2	CHEK2	
O14578	CIT	CIT	
P49759	CLK1	CLK1	
P49760	CLK2	CLK2	
P49761	CLK3	CLK3	
Q9HAZ1	CLK4	CLK4	
P07333	CSF1R	CSF1R	
P07333	CSF1R	CSF1R-autoinhibited	CSF1R 자가억제형 구조
P41240	CSK	CSK	
P48729	CSNK1A1	CSNK1A1	
Q8N752	CSNK1A1L	CSNK1A1L	
P48730	CSNK1D	CSNK1D	
P49674	CSNK1E	CSNK1E	
Q9HCP0	CSNK1G1	CSNK1G1	
P78368	CSNK1G2	CSNK1G2	
Q9Y6M4	CSNK1G3	CSNK1G3	
P68400	CSNK2A1	CSNK2A1	
P19784	CSNK2A2	CSNK2A2	
P42679	MATK	CTK	통용명/별칭 — 공식 유전자 기호 MATK
P53355	DAPK1	DAPK1	
Q9UIK4	DAPK2	DAPK2	
O43293	DAPK3	DAPK3	
O15075	DCLK1	DCAMKL1	통용명/별칭 — 공식 유전자 기호 DCLK1
Q8N568	DCLK2	DCAMKL2	통용명/별칭 — 공식 유전자 기호 DCLK2
Q9C098	DCLK3	DCAMKL3	통용명/별칭 — 공식 유전자 기호 DCLK3
Q08345	DDR1	DDR1	
Q16832	DDR2	DDR2	
Q12852	MAP3K12	DLK	키나제 DLK=MAP3K12(leucine zipper). 별칭 충돌하는 DLK1(P80370)은 비키나제라 교정
Q09013	DMPK	DMPK	
Q6DT37	CDC42BPG	DMPK2	통용명/별칭 — 공식 유전자 기호 CDC42BPG
Q9UEE5	STK17A	DRAK1	통용명/별칭 — 공식 유전자 기호 STK17A
O94768	STK17B	DRAK2	통용명/별칭 — 공식 유전자 기호 STK17B
Q13627	DYRK1A	DYRK1A	
Q9Y463	DYRK1B	DYRK1B	
Q92630	DYRK2	DYRK2	
P00533	EGFR	EGFR	
Q9BQI3	EIF2AK1	EIF2AK1	
P21709	EPHA1	EPHA1	
P29317	EPHA2	EPHA2	
P29320	EPHA3	EPHA3	
P54764	EPHA4	EPHA4	
P54756	EPHA5	EPHA5	
Q9UF33	EPHA6	EPHA6	
Q15375	EPHA7	EPHA7	
P29322	EPHA8	EPHA8	
P54762	EPHB1	EPHB1	
P29323	EPHB2	EPHB2	
P54753	EPHB3	EPHB3	
P54760	EPHB4	EPHB4	
O15197	EPHB6	EPHB6	
P04626	ERBB2	ERBB2	
P21860	ERBB3	ERBB3	
Q15303	ERBB4	ERBB4	
P27361	MAPK3	ERK1	통용명/별칭 — 공식 유전자 기호 MAPK3
P28482	MAPK1	ERK2	통용명/별칭 — 공식 유전자 기호 MAPK1
Q16659	MAPK6	ERK3	통용명/별칭 — 공식 유전자 기호 MAPK6
P31152	MAPK4	ERK4	통용명/별칭 — 공식 유전자 기호 MAPK4
Q13164	MAPK7	ERK5	통용명/별칭 — 공식 유전자 기호 MAPK7
Q8TD08	MAPK15	ERK8	ERK8(=ERK7) = MAPK15
O75460	ERN1	ERN1	
Q05397	PTK2	FAK	통용명/별칭 — 공식 유전자 기호 PTK2
P16591	FER	FER	
P07332	FES	FES	
P11362	FGFR1	FGFR1	
P21802	FGFR2	FGFR2	
P22607	FGFR3	FGFR3	
P22455	FGFR4	FGFR4	
P09769	FGR	FGR	
P17948	FLT1	FLT1	
P36888	FLT3	FLT3	
P36888	FLT3	FLT3-autoinhibited	FLT3 자가억제형 구조
P35916	FLT4	FLT4	
P42685	FRK	FRK	
P06241	FYN	FYN	
O14976	GAK	GAK	
Q9P2K8	EIF2AK4	GCN2(Kin.Dom.2,S808G)	GCN2=EIF2AK4, 키나제 도메인2, S808G 변이
Q15835	GRK1	GRK1	
P25098	GRK2	GRK2	
P35626	GRK3	GRK3	
P32298	GRK4	GRK4	
Q8WTQ7	GRK7	GRK7	
P49840	GSK3A	GSK3A	
P49841	GSK3B	GSK3B	
Q8TF76	HASPIN	HASPIN	
P08631	HCK	HCK	
Q86Z02	HIPK1	HIPK1	
Q9H2X6	HIPK2	HIPK2	
Q9H422	HIPK3	HIPK3	
Q8NE63	HIPK4	HIPK4	
Q92918	MAP4K1	HPK1	통용명/별칭 — 공식 유전자 기호 MAP4K1
P57058	HUNK	HUNK	
Q9UPZ9	CILK1	ICK	통용명/별칭 — 공식 유전자 기호 CILK1
P08069	IGF1R	IGF1R	
O15111	CHUK	IKK-alpha	IKK-α = CHUK
O14920	IKBKB	IKK-beta	IKK-β = IKBKB
Q14164	IKBKE	IKK-epsilon	IKK-ε = IKBKE
P06213	INSR	INSR	
P14616	INSRR	INSRR	
P51617	IRAK1	IRAK1	
Q9Y616	IRAK3	IRAK3	
Q9NWZ3	IRAK4	IRAK4	
Q08881	ITK	ITK	
P23458	JAK1	JAK1(JH1domain-catalytic)	JAK1 JH1(촉매) 도메인
P23458	JAK1	JAK1(JH2domain-pseudokinase)	JAK1 JH2(유사키나제) 도메인
O60674	JAK2	JAK2(JH1domain-catalytic)	JAK2 JH1(촉매) 도메인
P52333	JAK3	JAK3(JH1domain-catalytic)	JAK3 JH1(촉매) 도메인
P45983	MAPK8	JNK1	통용명/별칭 — 공식 유전자 기호 MAPK8
P45984	MAPK9	JNK2	통용명/별칭 — 공식 유전자 기호 MAPK9
P53779	MAPK10	JNK3	통용명/별칭 — 공식 유전자 기호 MAPK10
P10721	KIT	KIT	
P10721	KIT	KIT-autoinhibited	KIT 자가억제형 구조
O95835	LATS1	LATS1	
Q9NRM7	LATS2	LATS2	
P06239	LCK	LCK	
P53667	LIMK1	LIMK1	
P53671	LIMK2	LIMK2	
Q15831	STK11	LKB1	통용명/별칭 — 공식 유전자 기호 STK11
O94804	STK10	LOK	통용명/별칭 — 공식 유전자 기호 STK10
Q5S007	LRRK2	LRRK2	
P29376	LTK	LTK	
P07948	LYN	LYN	
O43283	MAP3K13	LZK	통용명/별칭 — 공식 유전자 기호 MAP3K13
P20794	MAK	MAK	
Q13233	MAP3K1	MAP3K1	
Q6ZN16	MAP3K15	MAP3K15	
Q9Y2U5	MAP3K2	MAP3K2	
Q99759	MAP3K3	MAP3K3	
Q9Y6R4	MAP3K4	MAP3K4	
Q12851	MAP4K2	MAP4K2	
Q8IVH8	MAP4K3	MAP4K3	
O95819	MAP4K4	MAP4K4	
Q9Y4K4	MAP4K5	MAP4K5	
P49137	MAPKAPK2	MAPKAPK2	
Q8IW41	MAPKAPK5	MAPKAPK5	
Q9P0L2	MARK1	MARK1	
Q7KZI7	MARK2	MARK2	
P27448	MARK3	MARK3	
Q96L34	MARK4	MARK4	
Q9Y2H9	MAST1	MAST1	
Q02750	MAP2K1	MEK1	통용명/별칭 — 공식 유전자 기호 MAP2K1
P36507	MAP2K2	MEK2	통용명/별칭 — 공식 유전자 기호 MAP2K2
P46734	MAP2K3	MEK3	통용명/별칭 — 공식 유전자 기호 MAP2K3
P45985	MAP2K4	MEK4	통용명/별칭 — 공식 유전자 기호 MAP2K4
Q13163	MAP2K5	MEK5	통용명/별칭 — 공식 유전자 기호 MAP2K5
P52564	MAP2K6	MEK6	통용명/별칭 — 공식 유전자 기호 MAP2K6
Q14680	MELK	MELK	
Q12866	MERTK	MERTK	
P08581	MET	MET	
Q8N4C8	MINK1	MINK	통용명/별칭 — 공식 유전자 기호 MINK1
O14733	MAP2K7	MKK7	통용명/별칭 — 공식 유전자 기호 MAP2K7
Q9BUB5	MKNK1	MKNK1	
Q9HBH9	MKNK2	MKNK2	
Q15746	MYLK	MLCK	MLCK=MYLK(평활근 MLCK). MYLK3와 구분
P80192	MAP3K9	MLK1	통용명/별칭 — 공식 유전자 기호 MAP3K9
Q02779	MAP3K10	MLK2	통용명/별칭 — 공식 유전자 기호 MAP3K10
Q16584	MAP3K11	MLK3	통용명/별칭 — 공식 유전자 기호 MAP3K11
Q5VT25	CDC42BPA	MRCKA	MRCK-α = CDC42BPA
Q9Y5S2	CDC42BPB	MRCKB	MRCK-β = CDC42BPB
Q13043	STK4	MST1	키나제 MST1=STK4. 공식기호 'MST1'(P26927)은 비키나제(대식세포자극인자)라 별칭으로 교정
Q04912	MST1R	MST1R	
Q13188	STK3	MST2	통용명/별칭 — 공식 유전자 기호 STK3
Q9Y6E0	STK24	MST3	통용명/별칭 — 공식 유전자 기호 STK24
Q9P289	STK26	MST4	통용명/별칭 — 공식 유전자 기호 STK26
P42345	MTOR	MTOR	
O15146	MUSK	MUSK	
Q15746	MYLK	MYLK	
Q9H1R3	MYLK2	MYLK2	
Q86YV6	MYLK4	MYLK4	
Q8NEV4	MYO3A	MYO3A	
Q8WXR4	MYO3B	MYO3B	
Q15208	STK38	NDR1	통용명/별칭 — 공식 유전자 기호 STK38
Q9Y2H1	STK38L	NDR2	통용명/별칭 — 공식 유전자 기호 STK38L
Q96PY6	NEK1	NEK1	
Q6ZWH5	NEK10	NEK10	
Q8NG66	NEK11	NEK11	
P51955	NEK2	NEK2	
P51956	NEK3	NEK3	
P51957	NEK4	NEK4	
Q6P3R8	NEK5	NEK5	
Q9HC98	NEK6	NEK6	
Q8TDX7	NEK7	NEK7	
Q8TD19	NEK9	NEK9	
Q99558	MAP3K14	NIK	NIK=MAP3K14(NF-κB inducing kinase). MAP4K4(별칭 NIK)와 구분(별도 항목 존재)
Q8IY84	NIM1K	NIM1	통용명/별칭 — 공식 유전자 기호 NIM1K
Q9UBE8	NLK	NLK	
O95747	OXSR1	OSR1	키나제 OSR1=OXSR1. 공식기호 'OSR1'(Q8TAX0)은 전사인자라 별칭으로 교정
Q13153	PAK1	PAK1	
Q13177	PAK2	PAK2	
O75914	PAK3	PAK3	
O96013	PAK4	PAK4	
Q9NQU5	PAK6	PAK6	
Q9P286	PAK5	PAK7	통용명/별칭 — 공식 유전자 기호 PAK5
Q00536	CDK16	PCTK1	통용명/별칭 — 공식 유전자 기호 CDK16
Q00537	CDK17	PCTK2	통용명/별칭 — 공식 유전자 기호 CDK17
Q07002	CDK18	PCTK3	통용명/별칭 — 공식 유전자 기호 CDK18
P16234	PDGFRA	PDGFRA	
P09619	PDGFRB	PDGFRB	
O15530	PDPK1	PDPK1	
Q96Q40	CDK15	PFTAIRE2	PFTAIRE2 = CDK15
O94921	CDK14	PFTK1	통용명/별칭 — 공식 유전자 기호 CDK14
Q16816	PHKG1	PHKG1	
P15735	PHKG2	PHKG2	
O00750	PIK3C2B	PIK3C2B	
O75747	PIK3C2G	PIK3C2G	
P42336	PIK3CA	PIK3CA	
P42338	PIK3CB	PIK3CB	
O00329	PIK3CD	PIK3CD	
P48736	PIK3CG	PIK3CG	
Q9UBF8	PI4KB	PIK4CB	통용명/별칭 — 공식 유전자 기호 PI4KB
Q9Y2I7	PIKFYVE	PIKFYVE	
P11309	PIM1	PIM1	
Q9P1W9	PIM2	PIM2	
Q86V86	PIM3	PIM3	
Q99755	PIP5K1A	PIP5K1A	
O60331	PIP5K1C	PIP5K1C	
P78356	PIP4K2B	PIP5K2B	통용명/별칭 — 공식 유전자 기호 PIP4K2B
Q8TBX8	PIP4K2C	PIP5K2C	통용명/별칭 — 공식 유전자 기호 PIP4K2C
P17612	PRKACA	PKAC-alpha	PKA 촉매 α = PRKACA
P22694	PRKACB	PKAC-beta	PKA 촉매 β = PRKACB
Q99640	PKMYT1	PKMYT1	
Q16512	PKN1	PKN1	
Q16513	PKN2	PKN2	
P53350	PLK1	PLK1	
Q9NYY3	PLK2	PLK2	
Q9H4B4	PLK3	PLK3	
O00444	PLK4	PLK4	
Q05655	PRKCD	PRKCD	
Q02156	PRKCE	PRKCE	
P24723	PRKCH	PRKCH	
P41743	PRKCI	PRKCI	
Q04759	PRKCQ	PRKCQ	
Q15139	PRKD1	PRKD1	
Q9BZL6	PRKD2	PRKD2	
O94806	PRKD3	PRKD3	
Q13976	PRKG1	PRKG1	
Q13237	PRKG2	PRKG2	
P19525	EIF2AK2	PRKR	통용명/별칭 — 공식 유전자 기호 EIF2AK2
P51817	PRKX	PRKX	
Q13523	PRP4K	PRP4	PRP4=PRP4K(공식기호 PRPF4B, 키나제). 스플라이싱인자 PRPF4와 구분
Q14289	PTK2B	PYK2	통용명/별칭 — 공식 유전자 기호 PTK2B
Q9Y2K2	SIK3	QSK	통용명/별칭 — 공식 유전자 기호 SIK3
P04049	RAF1	RAF1	
P07949	RET	RET	
Q9BRS2	RIOK1	RIOK1	
Q9BVS4	RIOK2	RIOK2	
O14730	RIOK3	RIOK3	
Q13546	RIPK1	RIPK1	
O43353	RIPK2	RIPK2	
P57078	RIPK4	RIPK4	
Q6XUX3	DSTYK	RIPK5	통용명/별칭 — 공식 유전자 기호 DSTYK
Q13464	ROCK1	ROCK1	
O75116	ROCK2	ROCK2	
P08922	ROS1	ROS1	
O75676	RPS6KA4	RPS6KA4(Kin.Dom.1-N-terminal)	RPS6KA4(MSK2) N말단 키나제 도메인
O75676	RPS6KA4	RPS6KA4(Kin.Dom.2-C-terminal)	RPS6KA4(MSK2) C말단 키나제 도메인
O75582	RPS6KA5	RPS6KA5(Kin.Dom.1-N-terminal)	RPS6KA5(MSK1) N말단 키나제 도메인
O75582	RPS6KA5	RPS6KA5(Kin.Dom.2-C-terminal)	RPS6KA5(MSK1) C말단 키나제 도메인
Q15418	RPS6KA1	RSK1(Kin.Dom.1-N-terminal)	RSK1=RPS6KA1 N말단 키나제 도메인
Q15418	RPS6KA1	RSK1(Kin.Dom.2-C-terminal)	RSK1=RPS6KA1 C말단 키나제 도메인
P51812	RPS6KA3	RSK2(Kin.Dom.1-N-terminal)	RSK2=RPS6KA3 N말단 키나제 도메인
P51812	RPS6KA3	RSK2(Kin.Dom.2-C-terminal)	RSK2=RPS6KA3 C말단 키나제 도메인
Q15349	RPS6KA2	RSK3(Kin.Dom.1-N-terminal)	RSK3=RPS6KA2 N말단 키나제 도메인
Q15349	RPS6KA2	RSK3(Kin.Dom.2-C-terminal)	RSK3=RPS6KA2 C말단 키나제 도메인
Q9UK32	RPS6KA6	RSK4(Kin.Dom.1-N-terminal)	RSK4=RPS6KA6 N말단 키나제 도메인
Q9UK32	RPS6KA6	RSK4(Kin.Dom.2-C-terminal)	RSK4=RPS6KA6 C말단 키나제 도메인
P23443	RPS6KB1	S6K1	p70 S6 kinase 1 = RPS6KB1
Q52WX2	SBK1	SBK1	
O00141	SGK1	SGK	통용명/별칭 — 공식 유전자 기호 SGK1
Q9HBY8	SGK2	SGK2	
Q96BR1	SGK3	SGK3	
P57059	SIK1	SIK	통용명/별칭 — 공식 유전자 기호 SIK1
Q9H0K1	SIK2	SIK2	
Q9H2G2	SLK	SLK	
Q9H093	NUAK2	SNARK	통용명/별칭 — 공식 유전자 기호 NUAK2
Q9NRH2	SNRK	SNRK	
P12931	SRC	SRC	
Q9H3Y6	SRMS	SRMS	
Q96SB4	SRPK1	SRPK1	
P78362	SRPK2	SRPK2	
Q9UPE1	SRPK3	SRPK3	
O75716	STK16	STK16	
Q9BYT3	STK33	STK33	
Q8TDR2	STK35	STK35	
Q9NRP7	STK36	STK36	
Q9UEW8	STK39	STK39	
P43405	SYK	SYK	
P0C264	SBK3	SgK110	통용명/별칭 — 공식 유전자 기호 SBK3
O43318	MAP3K7	TAK1	TAK1=MAP3K7. 핵수용체 NR2C2(별칭 TAK1)와 구분
Q7L7X3	TAOK1	TAOK1	
Q9UL54	TAOK2	TAOK2	
Q9H2K8	TAOK3	TAOK3	
Q9UHD2	TBK1	TBK1	
P42680	TEC	TEC	
Q15569	TESK1	TESK1	
P36897	TGFBR1	TGFBR1	
P37173	TGFBR2	TGFBR2	
P35590	TIE1	TIE1	
Q02763	TEK	TIE2	통용명/별칭 — 공식 유전자 기호 TEK
Q9UKI8	TLK1	TLK1	
Q86UE8	TLK2	TLK2	
Q9UKE5	TNIK	TNIK	
Q13470	TNK1	TNK1	
Q07912	TNK2	TNK2	
Q59H18	TNNI3K	TNNI3K	
P04629	NTRK1	TRKA	통용명/별칭 — 공식 유전자 기호 NTRK1
Q16620	NTRK2	TRKB	통용명/별칭 — 공식 유전자 기호 NTRK2
Q16288	NTRK3	TRKC	통용명/별칭 — 공식 유전자 기호 NTRK3
Q9BX84	TRPM6	TRPM6	
Q9BXA7	TSSK1B	TSSK1B	
Q96PN8	TSSK3	TSSK3	
P33981	TTK	TTK	
P42681	TXK	TXK	
P29597	TYK2	TYK2(JH1domain-catalytic)	TYK2 JH1(촉매) 도메인
P29597	TYK2	TYK2(JH2domain-pseudokinase)	TYK2 JH2(유사키나제) 도메인
Q06418	TYRO3	TYRO3	
O75385	ULK1	ULK1	
Q8IYT8	ULK2	ULK2	
Q6PHR2	ULK3	ULK3	
P35968	KDR	VEGFR2	통용명/별칭 — 공식 유전자 기호 KDR
Q8NEB9	PIK3C3	VPS34	통용명/별칭 — 공식 유전자 기호 PIK3C3
Q86Y07	VRK2	VRK2	
P30291	WEE1	WEE1	
P0C1S8	WEE2	WEE2	
Q9H4A3	WNK1	WNK1	
Q9Y3S1	WNK2	WNK2	
Q9BYP7	WNK3	WNK3	
Q96J92	WNK4	WNK4	
Q8WU08	STK32A	YANK1	통용명/별칭 — 공식 유전자 기호 STK32A
Q9NY57	STK32B	YANK2	통용명/별칭 — 공식 유전자 기호 STK32B
Q86UX6	STK32C	YANK3	통용명/별칭 — 공식 유전자 기호 STK32C
P07947	YES1	YES	통용명/별칭 — 공식 유전자 기호 YES1
O00506	STK25	YSK1	통용명/별칭 — 공식 유전자 기호 STK25
Q56UN5	MAP3K19	YSK4	통용명/별칭 — 공식 유전자 기호 MAP3K19
Q9NYL2	MAP3K20	ZAK	통용명/별칭 — 공식 유전자 기호 MAP3K20
P43403	ZAP70	ZAP70	
Q16539	MAPK14	p38-alpha	p38-α = MAPK14
Q15759	MAPK11	p38-beta	p38-β = MAPK11
O15264	MAPK13	p38-delta	p38-δ = MAPK13
P53778	MAPK12	p38-gamma	p38-γ = MAPK12
